season,game_type,week,home_team,away_team,home_score,away_score,home_win,elo_home_pre,elo_away_pre,elo_home_post,elo_away_post,p_home_win_elo
2010,REG,1,NO,MIN,14.0,9.0,1,1500.0,1500.0,1508.430064953105,1491.569935046895,0.5784967523447427
2010,REG,1,BUF,MIA,10.0,15.0,0,1500.0,1500.0,1488.430064953105,1511.569935046895,0.5784967523447427
2010,REG,1,CHI,DET,19.0,14.0,1,1500.0,1500.0,1508.430064953105,1491.569935046895,0.5784967523447427
2010,REG,1,HOU,IND,34.0,24.0,1,1500.0,1500.0,1508.430064953105,1491.569935046895,0.5784967523447427
2010,REG,1,JAX,DEN,24.0,17.0,1,1500.0,1500.0,1508.430064953105,1491.569935046895,0.5784967523447427
2010,REG,1,NE,CIN,38.0,24.0,1,1500.0,1500.0,1508.430064953105,1491.569935046895,0.5784967523447427
2010,REG,1,NYG,CAR,31.0,18.0,1,1500.0,1500.0,1508.430064953105,1491.569935046895,0.5784967523447427
2010,REG,1,PIT,ATL,15.0,9.0,1,1500.0,1500.0,1508.430064953105,1491.569935046895,0.5784967523447427
2010,REG,1,TB,CLE,17.0,14.0,1,1500.0,1500.0,1508.430064953105,1491.569935046895,0.5784967523447427
2010,REG,1,TEN,OAK,38.0,13.0,1,1500.0,1500.0,1508.430064953105,1491.569935046895,0.5784967523447427
2010,REG,1,PHI,GB,20.0,27.0,0,1500.0,1500.0,1488.430064953105,1511.569935046895,0.5784967523447427
2010,REG,1,SEA,SF,31.0,6.0,1,1500.0,1500.0,1508.430064953105,1491.569935046895,0.5784967523447427
2010,REG,1,STL,ARI,13.0,17.0,0,1500.0,1500.0,1488.430064953105,1511.569935046895,0.5784967523447427
2010,REG,1,WAS,DAL,13.0,7.0,1,1500.0,1500.0,1508.430064953105,1491.569935046895,0.5784967523447427
2010,REG,1,NYJ,BAL,9.0,10.0,0,1500.0,1500.0,1488.430064953105,1511.569935046895,0.5784967523447427
2010,REG,1,KC,SD,21.0,14.0,1,1500.0,1500.0,1508.430064953105,1491.569935046895,0.5784967523447427
2010,REG,2,ATL,ARI,41.0,7.0,1,1491.569935046895,1511.569935046895,1500.5659479818241,1502.5739221119657,0.550199353253537
2010,REG,2,CAR,TB,7.0,20.0,0,1491.569935046895,1508.430064953105,1480.476569732828,1519.523430267172,0.5546682657033499
2010,REG,2,CIN,BAL,15.0,10.0,1,1491.569935046895,1511.569935046895,1500.5659479818241,1502.5739221119657,0.550199353253537
2010,REG,2,CLE,KC,14.0,16.0,0,1491.569935046895,1508.430064953105,1480.476569732828,1519.523430267172,0.5546682657033499
2010,REG,2,DAL,CHI,20.0,27.0,0,1491.569935046895,1508.430064953105,1480.476569732828,1519.523430267172,0.5546682657033499
2010,REG,2,DET,PHI,32.0,35.0,0,1491.569935046895,1488.430064953105,1479.9119819626906,1500.0880180373094,0.5828976542102174
2010,REG,2,GB,BUF,34.0,7.0,1,1511.569935046895,1488.430064953105,1519.3580574369307,1480.6419425630693,0.6105938804982088
2010,REG,2,MIN,MIA,10.0,14.0,0,1491.569935046895,1511.569935046895,1480.5659479818241,1522.5739221119657,0.550199353253537
2010,REG,2,TEN,PIT,11.0,19.0,0,1508.430064953105,1508.430064953105,1496.8601299062102,1520.0,0.5784967523447427
2010,REG,2,DEN,SEA,31.0,14.0,1,1491.569935046895,1508.430064953105,1500.476569732828,1499.523430267172,0.5546682657033499
2010,REG,2,OAK,STL,16.0,14.0,1,1491.569935046895,1488.430064953105,1499.9119819626906,1480.0880180373094,0.5828976542102174
2010,REG,2,NYJ,NE,28.0,14.0,1,1488.430064953105,1508.430064953105,1497.4260778880343,1499.4340520181759,0.550199353253537
2010,REG,2,SD,JAX,38.0,13.0,1,1491.569935046895,1508.430064953105,1500.476569732828,1499.523430267172,0.5546682657033499
2010,REG,2,WAS,HOU,27.0,30.0,0,1508.430064953105,1508.430064953105,1496.8601299062102,1520.0,0.5784967523447427
2010,REG,2,IND,NYG,38.0,14.0,1,1491.569935046895,1508.430064953105,1500.476569732828,1499.523430267172,0.5546682657033499
2010,REG,2,SF,NO,22.0,25.0,0,1491.569935046895,1508.430064953105,1480.476569732828,1519.523430267172,0.5546682657033499
2010,REG,3,BAL,CLE,24.0,17.0,1,1502.5739221119657,1480.476569732828,1510.3906014234892,1472.6598904213045,0.6091660344238173
2010,REG,3,CAR,CIN,7.0,20.0,0,1480.476569732828,1500.5659479818241,1469.4751293155998,1511.5673883990523,0.550072020861405
2010,REG,3,HOU,DAL,13.0,27.0,0,1520.0,1480.476569732828,1507.3445909307534,1493.1319788020746,0.63277045346233
2010,REG,3,KC,SF,31.0,10.0,1,1519.523430267172,1480.476569732828,1526.880775417821,1473.119224582179,0.6321327424675509
2010,REG,3,MIN,DET,24.0,10.0,1,1480.5659479818241,1479.9119819626906,1488.9776596462139,1471.5002702983008,0.5794144167805174
2010,REG,3,NE,BUF,38.0,30.0,1,1499.4340520181759,1480.6419425630693,1507.3415148285767,1472.7344797526684,0.6046268594799632
2010,REG,3,NO,ATL,24.0,27.0,0,1519.523430267172,1500.5659479818241,1507.426342137006,1512.66303611199,0.6048544065082954
2010,REG,3,NYG,TEN,10.0,29.0,0,1499.523430267172,1496.8601299062102,1487.8788199405199,1508.5047402328623,0.5822305163326039
2010,REG,3,TB,PIT,13.0,38.0,0,1519.523430267172,1520.0,1507.9668767961425,1531.5565534710295,0.5778276735514714
2010,REG,3,JAX,PHI,3.0,28.0,0,1499.523430267172,1500.0880180373094,1487.9693488765292,1511.6420994279522,0.57770406953214
2010,REG,3,STL,WAS,30.0,16.0,1,1480.0880180373094,1496.8601299062102,1488.992149714896,1487.9559982286237,0.5547934161206785
2010,REG,3,ARI,OAK,24.0,23.0,1,1502.5739221119657,1499.9119819626906,1510.9293498764696,1491.5565541981866,0.5822286117748069
2010,REG,3,DEN,IND,13.0,27.0,0,1500.476569732828,1500.476569732828,1488.906634685933,1512.046504779723,0.5784967523447427
2010,REG,3,SEA,SD,27.0,20.0,1,1499.523430267172,1500.476569732828,1507.9802640873986,1492.0197359126014,0.5771583089886659
2010,REG,3,MIA,NYJ,23.0,31.0,0,1522.5739221119657,1497.4260778880343,1510.3071486693111,1509.6928513306889,0.6133386721327236
2010,REG,3,CHI,GB,20.0,17.0,1,1519.523430267172,1519.3580574369307,1527.9488530697606,1510.932634634342,0.5787288598705688
2010,REG,4,ATL,SF,16.0,14.0,1,1512.66303611199,1473.119224582179,1520.0070817950698,1465.7751788990993,0.6327977158460198
2010,REG,4,BUF,NYJ,14.0,38.0,0,1472.7344797526684,1509.6928513306889,1462.2156661901877,1520.2116648931697,0.5259406781240371
2010,REG,4,CLE,CIN,23.0,20.0,1,1472.6598904213045,1511.5673883990523,1482.1970419241313,1502.0302368962255,0.5231424248586547
2010,REG,4,GB,DET,28.0,26.0,1,1510.932634634342,1471.5002702983008,1518.2796620047106,1464.1532429279323,0.6326486314815771
2010,REG,4,NO,CAR,16.0,14.0,1,1507.426342137006,1469.4751293155998,1514.8130446266384,1462.0884268259674,0.6306648755183819
2010,REG,4,PIT,BAL,14.0,17.0,0,1531.5565534710295,1510.3906014234892,1519.3987776284614,1522.5483772660573,0.6078887921284015
2010,REG,4,STL,SEA,20.0,3.0,1,1488.992149714896,1507.9802640873986,1497.9593403207427,1499.0130734815518,0.5516404697076664
2010,REG,4,TEN,DEN,20.0,26.0,0,1508.5047402328623,1488.906634685933,1496.3900312062299,1501.0213437125656,0.6057354513316238
2010,REG,4,JAX,IND,31.0,28.0,1,1487.9693488765292,1512.046504779723,1497.0816605977031,1502.934193058549,0.5443844139413077
2010,REG,4,OAK,HOU,24.0,31.0,0,1491.5565541981866,1507.3445909307534,1480.4327108247912,1518.4684343041488,0.5561921686697686
2010,REG,4,PHI,WAS,12.0,17.0,0,1511.6420994279522,1487.9559982286237,1499.415274406709,1500.182823249867,0.6113412510621649
2010,REG,4,SD,ARI,41.0,10.0,1,1492.0197359126014,1510.9293498764696,1500.9846912484252,1501.9643945406458,0.5517522332088108
2010,REG,4,NYG,CHI,17.0,3.0,1,1487.8788199405199,1527.9488530697606,1497.4493652599347,1518.3783077503458,0.5214727340292608
2010,REG,4,MIA,NE,14.0,41.0,0,1510.3071486693111,1507.3415148285767,1498.6540730621107,1518.9945904357771,0.5826537803600174
2010,REG,5,BAL,DEN,31.0,17.0,1,1522.5483772660573,1501.0213437125656,1530.3806947740898,1493.189026204533,0.6083841245983777
2010,REG,5,BUF,JAX,26.0,36.0,0,1462.2156661901877,1497.0816605977031,1451.6368107594703,1507.6605160284205,0.5289427715358653
2010,REG,5,CAR,CHI,6.0,23.0,0,1462.0884268259674,1518.3783077503458,1452.1255524127503,1528.341182163563,0.49814372066086154
2010,REG,5,CIN,TB,21.0,24.0,0,1502.0302368962255,1507.9668767961425,1490.627392617482,1519.369721074886,0.5701422139371788
2010,REG,5,CLE,ATL,10.0,20.0,0,1482.1970419241313,1520.0070817950698,1471.7026784251102,1530.501445294091,0.5247181749510552
2010,REG,5,DET,STL,44.0,6.0,1,1464.1532429279323,1497.9593403207427,1473.5439888897174,1488.5685943589576,0.5304627019107443
2010,REG,5,HOU,NYG,10.0,34.0,0,1518.4684343041488,1497.4493652599347,1506.314689623315,1509.6031099407685,0.6076872340416873
2010,REG,5,IND,KC,19.0,9.0,1,1502.934193058549,1526.880775417821,1512.0427763099142,1517.7721921664559,0.5445708374317436
2010,REG,5,WAS,GB,16.0,13.0,1,1500.182823249867,1518.2796620047106,1509.1246412984071,1509.3378439561704,0.5529090975729918
2010,REG,5,ARI,NO,30.0,20.0,1,1501.9643945406458,1514.8130446266384,1510.7570987041865,1506.0203404630977,0.5603647918229608
2010,REG,5,DAL,TEN,27.0,34.0,0,1493.1319788020746,1496.3900312062299,1481.6536389514724,1507.868371056832,0.5739169925301137
2010,REG,5,OAK,SD,35.0,27.0,1,1480.4327108247912,1500.9846912484252,1489.4444533870133,1491.9729486862032,0.5494128718889
2010,REG,5,SF,PHI,24.0,27.0,0,1465.7751788990993,1499.415274406709,1455.1611648166595,1510.0292884891487,0.530700704121984
2010,REG,5,NYJ,MIN,29.0,20.0,1,1520.2116648931697,1488.9776596462139,1527.7793926327004,1481.4099319066831,0.621613613023469
2010,REG,6,CHI,SEA,20.0,23.0,0,1528.341182163563,1499.0130734815518,1515.9605891912533,1511.3936664538614,0.6190296486154793
2010,REG,6,GB,MIA,20.0,23.0,0,1509.3378439561704,1498.6540730621107,1497.4695188497064,1510.5223981685747,0.5934162553231953
2010,REG,6,HOU,KC,35.0,31.0,1,1506.314689623315,1517.7721921664559,1515.067956231866,1509.0189255579048,0.5623366695724439
2010,REG,6,NE,BAL,23.0,20.0,1,1518.9945904357771,1530.3806947740898,1527.745834032519,1521.6294511773478,0.5624378201629041
2010,REG,6,NYG,DET,28.0,20.0,1,1509.6031099407685,1473.5439888897174,1517.0406238538035,1466.1064749766824,0.6281243043482465
2010,REG,6,PHI,ATL,31.0,17.0,1,1510.0292884891487,1530.501445294091,1519.0387560333145,1521.4919777499251,0.5495266227917143
2010,REG,6,PIT,CLE,28.0,10.0,1,1519.3987776284614,1471.7026784251102,1526.5261236899396,1464.575332363632,0.643632696926085
2010,REG,6,STL,SD,20.0,17.0,1,1488.5685943589576,1491.9729486862032,1497.0943736434585,1483.4471694017022,0.5737110357749535
2010,REG,6,TB,NO,6.0,31.0,0,1519.369721074886,1506.0203404630977,1507.4274590893613,1517.9626024486224,0.5971130992762356
2010,REG,6,DEN,NYJ,20.0,24.0,0,1493.189026204533,1527.7793926327004,1482.602264509685,1538.3661543275484,0.5293380847424026
2010,REG,6,SF,OAK,17.0,9.0,1,1455.1611648166595,1489.4444533870133,1464.5655955993473,1480.0400226043255,0.5297784608656172
2010,REG,6,MIN,DAL,24.0,21.0,1,1481.4099319066831,1481.6536389514724,1489.846839179827,1473.2167316783286,0.5781546363428105
2010,REG,6,WAS,IND,24.0,27.0,0,1509.1246412984071,1512.0427763099142,1497.63673304544,1523.5306845628813,0.5743954126483625
2010,REG,6,JAX,TEN,3.0,30.0,0,1507.6605160284205,1507.868371056832,1496.0964166259098,1519.4324704593428,0.5782049701255294
2010,REG,7,ATL,CIN,39.0,32.0,1,1521.4919777499251,1490.627392617482,1529.0697118101853,1483.0496585572218,0.6211132969869972
2010,REG,7,BAL,BUF,37.0,34.0,1,1521.6294511773478,1451.6368107594703,1528.179444922428,1445.0868170143901,0.6725003127459904
2010,REG,7,CAR,SF,23.0,20.0,1,1452.1255524127503,1464.5655955993473,1460.9066689939025,1455.784479018195,0.5609441709423947
2010,REG,7,CHI,WAS,14.0,17.0,0,1515.9605891912533,1497.63673304544,1503.8809429058492,1509.7163793308441,0.6039823142702019
2010,REG,7,KC,JAX,42.0,20.0,1,1509.0189255579048,1496.0964166259098,1517.0884892548295,1488.0268529289851,0.5965218151537716
2010,REG,7,MIA,PIT,22.0,23.0,0,1510.5223981685747,1526.5261236899396,1499.40468483564,1537.6438370228743,0.555885666646741
2010,REG,7,NO,CLE,17.0,30.0,0,1517.9626024486224,1464.575332363632,1504.9403780581004,1477.597556754154,0.651111219526098
2010,REG,7,TB,STL,18.0,17.0,1,1507.4274590893613,1497.0943736434585,1515.568877026535,1488.952955706285,0.5929291031413177
2010,REG,7,TEN,PHI,37.0,19.0,1,1519.4324704593428,1519.0387560333145,1527.8514846707144,1510.6197418219429,0.5790492894314182
2010,REG,7,SEA,ARI,22.0,10.0,1,1511.3936664538614,1510.7570987041865,1519.8058662520486,1502.3448989059993,0.5793900100906395
2010,REG,7,DEN,OAK,14.0,59.0,0,1482.602264509685,1480.0400226043255,1470.9604843417465,1491.681802772264,0.5820890083969332
2010,REG,7,SD,NE,20.0,23.0,0,1483.4471694017022,1527.745834032519,1473.1392575759778,1538.0537458582435,0.5153955912862261
2010,REG,7,GB,MIN,28.0,24.0,1,1497.4695188497064,1489.846839179827,1505.6863615842183,1481.629996445315,0.5891578632744089
2010,REG,7,DAL,NYG,35.0,41.0,0,1473.2167316783286,1517.0406238538035,1462.8951683415703,1527.3621871905618,0.5160781668379196
2010,REG,8,CIN,MIA,14.0,22.0,0,1483.0496585572218,1499.40468483564,1471.941931279916,1510.5124121129459,0.5553863638652984
2010,REG,8,DAL,JAX,17.0,35.0,0,1462.8951683415703,1488.0268529289851,1452.0376006918812,1498.8844205786743,0.5428783824844559
2010,REG,8,DET,WAS,37.0,25.0,1,1466.1064749766824,1509.7163793308441,1475.778759066619,1500.0440952409076,0.5163857955031785
2010,REG,8,KC,BUF,13.0,10.0,1,1517.0884892548295,1445.0868170143901,1523.5876430018961,1438.5876632673235,0.6750423126466617
2010,REG,8,NYJ,GB,0.0,9.0,0,1538.3661543275484,1505.6863615842183,1525.8947705801356,1518.157745331631,0.6235691873706427
2010,REG,8,SF,DEN,24.0,16.0,1,1455.784479018195,1470.9604843417465,1464.6432459157456,1462.1017174441959,0.5570616551224682
2010,REG,8,STL,CAR,20.0,10.0,1,1488.952955706285,1460.9066689939025,1496.607196117781,1453.2524285824063,0.6172879794251929
2010,REG,8,SD,TEN,33.0,25.0,1,1473.1392575759778,1527.8514846707144,1483.130974807849,1517.8597674388432,0.5004141384064363
2010,REG,8,ARI,TB,35.0,38.0,0,1502.3448989059993,1515.568877026535,1491.1482498054065,1526.7655261271277,0.5598324550296412
2010,REG,8,NE,MIN,28.0,18.0,1,1538.0537458582435,1481.629996445315,1544.9523184783823,1474.7314238251763,0.6550713689930547
2010,REG,8,OAK,SEA,33.0,3.0,1,1491.681802772264,1519.8058662520486,1500.909790384828,1510.5778786394847,0.538600619371804
2010,REG,8,NO,PIT,20.0,10.0,1,1504.9403780581004,1537.6438370228743,1514.2995115561935,1528.2847035247812,0.5320433250953412
2010,REG,8,IND,HOU,30.0,17.0,1,1523.5306845628813,1515.067956231866,1531.7241276805157,1506.8745131142316,0.5903278441182784
2010,REG,9,ATL,TB,27.0,21.0,1,1529.0697118101853,1526.7655261271277,1537.4351597747127,1518.4000781626003,0.5817276017736328
2010,REG,9,BAL,MIA,26.0,10.0,1,1528.179444922428,1510.5124121129459,1536.117893001407,1502.5739640339668,0.6030775960510428
2010,REG,9,BUF,CHI,19.0,22.0,0,1438.5876632673235,1503.8809429058492,1428.883841021263,1513.5847651519098,0.4851911123030225
2010,REG,9,CAR,NO,3.0,34.0,0,1453.2524285824063,1514.2995115561935,1443.4264600484987,1524.125480090101,0.49129842669538065
2010,REG,9,CLE,NE,34.0,14.0,1,1477.597556754154,1544.9523184783823,1487.9530055718226,1534.5968696607138,0.4822275591165707
2010,REG,9,DET,NYJ,20.0,23.0,0,1475.778759066619,1525.8947705801356,1465.6381958366794,1536.0353338100751,0.5070281614969787
2010,REG,9,HOU,SD,23.0,29.0,0,1506.8745131142316,1483.130974807849,1494.6461169547126,1495.359370967368,0.6114198079759476
2010,REG,9,MIN,ARI,27.0,24.0,1,1474.7314238251763,1491.1482498054065,1483.6254534946893,1482.2542201358935,0.555298516524352
2010,REG,9,SEA,NYG,7.0,41.0,0,1510.5778786394847,1527.3621871905618,1499.482357151297,1538.4577086787494,0.5547760744093863
2010,REG,9,OAK,KC,23.0,20.0,1,1500.909790384828,1523.5876430018961,1509.9821587809781,1514.515274605746,0.5463815801924975
2010,REG,9,PHI,IND,26.0,24.0,1,1510.6197418219429,1531.7241276805157,1519.6472310686695,1522.696638433789,0.5486255376636654
2010,REG,9,GB,DAL,45.0,7.0,1,1518.157745331631,1452.0376006918812,1524.8063069097457,1445.3890391137666,0.6675719210942698
2010,REG,9,CIN,PIT,21.0,27.0,0,1471.941931279916,1528.2847035247812,1461.9805791794204,1538.2460556252768,0.4980676050247784
2010,REG,10,ATL,BAL,26.0,21.0,1,1537.4351597747127,1536.117893001407,1545.8282673818915,1527.7247853942283,0.5803446196410661
2010,REG,10,BUF,DET,14.0,12.0,1,1428.883841021263,1465.6381958366794,1438.3591713691249,1456.1628654888175,0.5262334826069053
2010,REG,10,CHI,MIN,27.0,13.0,1,1513.5847651519098,1483.6254534946893,1521.18704171695,1476.023176929649,0.6198861717479927
2010,REG,10,CLE,NYJ,20.0,26.0,0,1487.9530055718226,1536.0353338100751,1477.7539252800907,1546.234414101807,0.5099540145865931
2010,REG,10,IND,CIN,23.0,17.0,1,1522.696638433789,1461.9805791794204,1529.4839836619824,1455.193233951227,0.6606327385903321
2010,REG,10,JAX,HOU,31.0,24.0,1,1498.8844205786743,1494.6461169547126,1507.1957372946717,1486.3348002387152,0.5844341642001255
2010,REG,10,MIA,TEN,29.0,17.0,1,1502.5739640339668,1517.8597674388432,1511.435850127313,1508.997881345497,0.5569056953326983
2010,REG,10,TB,CAR,31.0,16.0,1,1518.4000781626003,1443.4264600484987,1524.8244019963854,1437.0021362147136,0.6787838083107428
2010,REG,10,DEN,KC,49.0,29.0,1,1462.1017174441959,1514.515274605746,1472.027275010315,1504.589717039627,0.5037221216940492
2010,REG,10,ARI,SEA,18.0,36.0,0,1482.2542201358935,1499.482357151297,1471.171321503139,1510.5652557840515,0.5541449316377279
2010,REG,10,NYG,DAL,20.0,33.0,0,1538.4577086787494,1445.3890391137666,1524.436503702714,1459.410244089802,0.7010602488017703
2010,REG,10,SF,STL,23.0,20.0,1,1464.6432459157456,1496.607196117781,1473.9811849824134,1487.2692570511133,0.5331030466666129
2010,REG,10,PIT,NE,26.0,39.0,0,1538.2460556252768,1534.5968696607138,1526.5738496819856,1546.269075604005,0.5836102971645543
2010,REG,10,WAS,PHI,28.0,59.0,0,1500.0440952409076,1519.6472310686695,1489.028801947655,1530.6625243619221,0.5507646646626355
2010,REG,11,MIA,CHI,0.0,16.0,0,1511.435850127313,1521.18704171695,1500.1407984949856,1532.4820933492774,0.5647525816163713
2010,REG,11,CAR,BAL,13.0,37.0,0,1437.0021362147136,1527.7247853942283,1428.026708809649,1536.7002127992928,0.4487713702532234
2010,REG,11,CIN,BUF,31.0,49.0,0,1455.193233951227,1438.3591713691249,1443.154649219605,1450.3977561007468,0.6019292365810993
2010,REG,11,DAL,DET,35.0,19.0,1,1459.410244089802,1456.1628654888175,1467.749281874072,1447.8238277045475,0.5830481107864982
2010,REG,11,JAX,CLE,24.0,20.0,1,1507.1957372946717,1477.7539252800907,1514.8120573860738,1470.1376051886887,0.6191839954298931
2010,REG,11,KC,ARI,31.0,13.0,1,1504.589717039627,1471.171321503139,1512.0983835317393,1463.6626550110268,0.6245666753943884
2010,REG,11,MIN,GB,3.0,31.0,0,1476.023176929649,1524.8063069097457,1465.8442601215588,1534.9852237178359,0.5089458404045114
2010,REG,11,NYJ,HOU,30.0,27.0,1,1546.234414101807,1486.3348002387152,1553.0428490135953,1479.526365326927,0.6595782544105849
2010,REG,11,PIT,OAK,35.0,3.0,1,1526.5738496819856,1509.9821587809781,1534.5419520067285,1502.0140564562353,0.6015948837628595
2010,REG,11,TEN,WAS,16.0,19.0,0,1508.997881345497,1489.028801947655,1496.8729746361664,1501.1537086569856,0.606245335466533
2010,REG,11,NO,SEA,34.0,19.0,1,1524.125480090101,1510.5652557840515,1532.1773791537682,1502.5133567203843,0.5974050468166401
2010,REG,11,SF,TB,0.0,21.0,0,1473.9811849824134,1524.8244019963854,1463.8615488589337,1534.9440381198651,0.5059818061739885
2010,REG,11,STL,ATL,17.0,34.0,0,1487.2692570511133,1545.8282673818915,1477.3716900199584,1555.7258344130464,0.4948783515577425
2010,REG,11,NE,IND,31.0,28.0,1,1546.269075604005,1529.4839836619824,1554.2318418236084,1521.5212174423789,0.6018616890198234
2010,REG,11,PHI,NYG,27.0,17.0,1,1530.6625243619221,1524.436503702714,1538.918315693304,1516.180712371332,0.5872104334309073
2010,REG,11,SD,DEN,35.0,14.0,1,1495.359370967368,1472.027275010315,1503.1422319789258,1464.2444139987572,0.6108569494221142
2010,REG,12,DET,NE,24.0,45.0,0,1447.8238277045475,1554.2318418236084,1439.2927648995446,1562.7629046286113,0.4265531402501459
2010,REG,12,DAL,NO,27.0,30.0,0,1467.749281874072,1532.1773791537682,1458.020577738581,1541.9060832892592,0.48643520677455054
2010,REG,12,NYJ,CIN,26.0,10.0,1,1553.0428490135953,1443.154649219605,1558.6238732856343,1437.573624947566,0.7209487863980467
2010,REG,12,ATL,GB,20.0,17.0,1,1555.7258344130464,1534.9852237178359,1563.5797339555972,1527.131324175285,0.6073050228724554
2010,REG,12,BUF,PIT,16.0,19.0,0,1450.3977561007468,1534.5419520067285,1441.2346315227437,1543.7050765847316,0.45815622890016205
2010,REG,12,CLE,CAR,24.0,23.0,1,1470.1376051886887,1428.026708809649,1477.4131120106567,1420.751201987681,0.6362246589015976
2010,REG,12,HOU,TEN,20.0,0.0,1,1479.526365326927,1496.8729746361664,1488.4468367382706,1487.9525032248227,0.5539764294328176
2010,REG,12,NYG,JAX,24.0,20.0,1,1516.180712371332,1514.8120573860738,1524.5723791322864,1506.4203906251194,0.5804166619522804
2010,REG,12,WAS,MIN,13.0,17.0,0,1501.1537086569856,1465.8442601215588,1488.6113941629787,1478.3865746155657,0.6271157247003484
2010,REG,12,OAK,MIA,17.0,33.0,0,1502.0140564562353,1500.1407984949856,1490.3915785782565,1511.7632763729644,0.5811238938989414
2010,REG,12,SEA,KC,24.0,42.0,0,1502.5133567203843,1512.0983835317393,1491.2136029847895,1523.398137267334,0.5649876867797444
2010,REG,12,BAL,TB,17.0,10.0,1,1536.7002127992928,1534.9440381198651,1545.081016317207,1526.5632346019509,0.5809598241042817
2010,REG,12,CHI,PHI,31.0,26.0,1,1532.4820933492774,1538.918315693304,1541.0933480659976,1530.307060976584,0.569437264163987
2010,REG,12,DEN,STL,33.0,36.0,0,1464.2444139987572,1477.3716900199584,1453.0450215355925,1488.571082483123,0.5599696231582308
2010,REG,12,IND,SD,14.0,36.0,0,1521.5212174423789,1503.1422319789258,1509.4400530835458,1515.223396337759,0.6040582179416536
2010,REG,12,ARI,SF,6.0,27.0,0,1463.6626550110268,1463.8615488589337,1452.098303995882,1475.4258998740786,0.5782175507572475
2010,REG,13,PHI,HOU,34.0,24.0,1,1530.307060976584,1488.4468367382706,1537.589248480853,1481.1646492340014,0.6358906247865455
2010,REG,13,CIN,NO,30.0,34.0,0,1437.573624947566,1541.9060832892592,1428.9840612451335,1550.4956469916917,0.42947818512163094
2010,REG,13,DET,CHI,20.0,24.0,0,1439.2927648995446,1541.0933480659976,1430.6317054410783,1549.7544075244639,0.43305297292330946
2010,REG,13,GB,SF,34.0,16.0,1,1527.131324175285,1475.4258998740786,1534.1531498421841,1468.4040742071797,0.6489087166550519
2010,REG,13,KC,DEN,10.0,6.0,1,1523.398137267334,1453.0450215355925,1529.9389938989352,1446.5041649039913,0.6729571684199377
2010,REG,13,MIA,CLE,10.0,13.0,0,1511.7632763729644,1477.4131120106567,1499.246805810696,1489.929582572925,0.6258235281134135
2010,REG,13,MIN,BUF,38.0,14.0,1,1478.3865746155657,1441.2346315227437,1485.7947237182825,1433.8264824200269,0.629592544864156
2010,REG,13,NYG,WAS,31.0,7.0,1,1524.5723791322864,1488.6113941629787,1532.0125323481566,1481.1712409471086,0.6279923392064873
2010,REG,13,TEN,JAX,6.0,17.0,0,1487.9525032248227,1506.4203906251194,1476.9048825162215,1517.4680113337206,0.5523810354300632
2010,REG,13,SD,OAK,13.0,28.0,0,1515.223396337759,1490.3915785782565,1502.9652532701032,1502.6497216459122,0.6129071533827889
2010,REG,13,ARI,STL,6.0,19.0,0,1452.098303995882,1488.571082483123,1441.565552580664,1499.103833898341,0.5266375707608999
2010,REG,13,IND,DAL,35.0,38.0,0,1509.4400530835458,1458.020577738581,1496.4693808742963,1470.9912499478305,0.6485336104624683
2010,REG,13,SEA,CAR,31.0,14.0,1,1491.2136029847895,1420.751201987681,1497.7516908131397,1414.2131141593309,0.6730956085824918
2010,REG,13,TB,ATL,24.0,28.0,0,1526.5632346019509,1563.5797339555972,1516.046089602496,1574.096878955052,0.5258572499727345
2010,REG,13,BAL,PIT,10.0,13.0,0,1545.081016317207,1543.7050765847316,1533.4724788306285,1555.3136140713102,0.5804268743289291
2010,REG,13,NE,NYJ,45.0,3.0,1,1562.7629046286113,1558.6238732856343,1571.0769972845735,1550.309780629672,0.5842953672018851
2010,REG,14,TEN,IND,28.0,30.0,0,1476.9048825162215,1496.4693808742963,1465.888488623133,1507.4857747673848,0.5508196946544215
2010,REG,14,BUF,CLE,13.0,6.0,1,1433.8264824200269,1489.929582572925,1443.8582320879448,1479.8978329050071,0.49841251660410635
2010,REG,14,CAR,ATL,10.0,31.0,0,1414.2131141593309,1574.096878955052,1407.1434330595398,1581.166560054843,0.35348405498954993
2010,REG,14,DET,GB,7.0,3.0,1,1430.6317054410783,1534.1531498421841,1442.0192557542955,1522.765599528967,0.4306224843391373
2010,REG,14,JAX,OAK,38.0,31.0,1,1517.4680113337206,1502.6497216459122,1525.4850992790944,1494.6326337005385,0.5991456027313118
2010,REG,14,PIT,CIN,23.0,7.0,1,1555.3136140713102,1428.9840612451335,1560.5218982495858,1423.775777066858,0.7395857910862259
2010,REG,14,WAS,TB,16.0,17.0,0,1481.1712409471086,1516.046089602496,1470.5926395085846,1526.62469104102,0.5289300719261998
2010,REG,14,NO,STL,31.0,13.0,1,1550.4956469916917,1499.103833898341,1557.5257007208593,1492.0737801691735,0.6484973135416217
2010,REG,14,SF,SEA,40.0,21.0,1,1468.4040742071797,1497.7516908131397,1477.667077992372,1488.4886870279474,0.5368498107403844
2010,REG,14,ARI,DEN,43.0,13.0,1,1441.565552580664,1446.5041649039913,1450.1345594905065,1437.9351579941488,0.5715496545078713
2010,REG,14,CHI,NE,7.0,36.0,0,1549.7544075244639,1571.0769972845735,1538.788118164784,1582.0432866442534,0.5483144679839924
2010,REG,14,NYJ,MIA,6.0,10.0,0,1550.309780629672,1499.246805810696,1537.3484666652964,1512.2081197750717,0.6480656982187802
2010,REG,14,SD,KC,31.0,0.0,1,1502.9652532701032,1529.9389938989352,1512.160337790384,1520.7439093786545,0.5402457739859691
2010,REG,14,DAL,PHI,27.0,30.0,0,1470.9912499478305,1537.589248480853,1461.3249432394728,1547.2555551892108,0.48331533541789024
2010,REG,14,MIN,NYG,3.0,21.0,0,1485.7947237182825,1532.0125323481566,1475.5420057528468,1542.2652503135923,0.5126358982717855
2010,REG,14,HOU,BAL,28.0,34.0,0,1481.1646492340014,1533.4724788306285,1471.087163891809,1543.5499641728209,0.5038742671096175
2010,REG,15,SD,SF,34.0,7.0,1,1512.160337790384,1477.667077992372,1519.6400098269928,1470.187405955763,0.6260163981695487
2010,REG,15,BAL,NO,30.0,24.0,1,1543.5499641728209,1557.5257007208593,1552.3746480692864,1548.7010168243937,0.5587658051767224
2010,REG,15,CAR,ARI,19.0,12.0,1,1407.1434330595398,1450.1345594905065,1416.7979274737038,1440.4800650763425,0.5172752792918057
2010,REG,15,CIN,CLE,19.0,17.0,1,1423.775777066858,1479.8978329050071,1433.8080723176595,1469.8655376542056,0.49838523745991764
2010,REG,15,DAL,WAS,33.0,30.0,1,1461.3249432394728,1470.5926395085846,1470.0162113627923,1461.901371385265,0.5654365938340167
2010,REG,15,IND,JAX,34.0,24.0,1,1507.4857747673848,1525.4850992790944,1516.424817640722,1516.546056405757,0.5530478563331387
2010,REG,15,MIA,BUF,14.0,17.0,0,1512.2081197750717,1443.8582320879448,1498.7998357053268,1457.2665161576897,0.6704142034872496
2010,REG,15,NYG,PHI,31.0,38.0,0,1542.2652503135923,1547.2555551892108,1530.8357146187734,1558.6850908840297,0.5714767847409501
2010,REG,15,STL,KC,13.0,27.0,0,1492.0737801691735,1520.7439093786545,1481.3173930258904,1531.5002965219376,0.5378193571641492
2010,REG,15,TB,DET,20.0,23.0,0,1526.62469104102,1442.0192557542955,1512.8096674026872,1455.8342793926283,0.69075118191664
2010,REG,15,TEN,HOU,31.0,17.0,1,1465.888488623133,1471.087163891809,1474.4648282525022,1462.5108242624399,0.5711830185315446
2010,REG,15,SEA,ATL,18.0,34.0,0,1488.4886870279474,1581.166560054843,1479.5689120576221,1590.0863350251684,0.4459887485162668
2010,REG,15,OAK,DEN,39.0,23.0,1,1494.6326337005385,1437.9351579941488,1501.5240874045207,1431.0437042901665,0.6554273148008868
2010,REG,15,PIT,NYJ,17.0,22.0,0,1560.5218982495858,1537.3484666652964,1548.3091019414076,1549.5612629734746,0.6106398154089143
2010,REG,15,NE,GB,31.0,27.0,1,1582.0432866442534,1522.765599528967,1588.8678078601026,1515.9410783131177,0.6587739392075335
2010,REG,15,MIN,CHI,14.0,40.0,0,1475.5420057528468,1538.788118164784,1465.7793033908279,1548.550820526803,0.48813511810095056
2010,REG,16,PIT,CAR,27.0,3.0,1,1548.3091019414076,1416.7979274737038,1553.4033138487753,1411.703715566336,0.7452894046316159
2010,REG,16,ARI,DAL,27.0,26.0,1,1440.4800650763425,1470.0162113627923,1449.7484659234542,1460.7478105156806,0.5365799576444137
2010,REG,16,BUF,NE,3.0,34.0,0,1457.2665161576897,1588.8678078601026,1449.4362354471273,1596.698088570665,0.39151403552811925
2010,REG,16,CHI,NYJ,38.0,34.0,1,1548.550820526803,1549.5612629734746,1557.0092644242716,1541.102819076006,0.5770778051265613
2010,REG,16,CLE,BAL,10.0,20.0,0,1469.8655376542056,1552.3746480692864,1460.6556630659964,1561.5845226574957,0.46049372941046357
2010,REG,16,JAX,WAS,17.0,20.0,0,1516.546056405757,1461.901371385265,1503.4909824344252,1474.956445356597,0.652753698566595
2010,REG,16,KC,TEN,34.0,14.0,1,1531.5002965219376,1474.4648282525022,1538.3829647200944,1467.5821600543454,0.6558665900921611
2010,REG,16,MIA,DET,27.0,34.0,0,1498.7998357053268,1455.8342793926283,1486.0525846920168,1468.5815304059383,0.6373625506655012
2010,REG,16,STL,SF,25.0,17.0,1,1481.3173930258904,1470.187405955763,1489.436676073145,1462.0681229085085,0.5940358476372658
2010,REG,16,CIN,SD,34.0,20.0,1,1433.8080723176595,1519.6400098269928,1444.6931646521218,1508.7549174925305,0.45574538327688113
2010,REG,16,DEN,HOU,24.0,23.0,1,1431.0437042901665,1462.5108242624399,1440.3674074708929,1453.1871210817135,0.5338148409636798
2010,REG,16,OAK,IND,26.0,31.0,0,1501.5240874045207,1516.424817640722,1490.3750351476956,1527.5738698975472,0.5574526128412597
2010,REG,16,GB,NYG,45.0,17.0,1,1515.9410783131177,1530.8357146187734,1524.79185297503,1521.9849399568611,0.5574612669043808
2010,REG,16,TB,SEA,38.0,15.0,1,1512.8096674026872,1479.5689120576221,1520.3231300567434,1472.055449403566,0.6243268672971953
2010,REG,16,ATL,NO,14.0,17.0,0,1590.0863350251684,1548.7010168243937,1577.381186467126,1561.406165382436,0.6352574279021166
2010,REG,16,PHI,MIN,14.0,24.0,0,1558.6850908840297,1465.7793033908279,1544.6678166979514,1479.7965775769062,0.7008637093039168
2010,REG,17,ATL,CAR,31.0,10.0,1,1577.381186467126,1411.703715566336,1581.7652304288313,1407.319671604631,0.7807978019147438
2010,REG,17,BAL,CIN,13.0,7.0,1,1561.5845226574957,1444.6931646521218,1567.0047941660537,1439.2728931435638,0.7289864245721013
2010,REG,17,CLE,PIT,9.0,41.0,0,1460.6556630659964,1553.4033138487753,1451.7378729825036,1562.321103932268,0.44588950417463463
2010,REG,17,DET,MIN,20.0,13.0,1,1468.5815304059383,1479.7965775769062,1477.3279276554492,1471.0501803273953,0.5626801375244571
2010,REG,17,KC,OAK,10.0,31.0,0,1538.3829647200944,1490.3750351476956,1525.502078352915,1503.255921514875,0.644044318358963
2010,REG,17,NE,MIA,38.0,7.0,1,1596.698088570665,1486.0525846920168,1602.2615891542403,1480.4890841084416,0.721824970821244
2010,REG,17,NO,TB,13.0,23.0,0,1561.406165382436,1520.3231300567434,1548.709082440789,1533.0202129983904,0.6348541470823555
2010,REG,17,NYJ,BUF,38.0,7.0,1,1541.102819076006,1449.4362354471273,1547.1154986956508,1443.4235558274825,0.6993660190177614
2010,REG,17,DEN,SD,28.0,33.0,0,1440.3674074708929,1508.7549174925305,1430.7525403946709,1518.3697845687525,0.4807433538111002
2010,REG,17,GB,CHI,10.0,3.0,1,1524.79185297503,1557.0092644242716,1534.1370556156817,1547.66406178362,0.5327398679674182
2010,REG,17,HOU,JAX,34.0,17.0,1,1453.1871210817135,1503.4909824344252,1463.0519635770559,1493.6261399390828,0.5067578752328799
2010,REG,17,IND,TEN,23.0,20.0,1,1527.5738698975472,1467.5821600543454,1534.3799242816287,1460.7761056702639,0.6596972807959252
2010,REG,17,PHI,DAL,13.0,14.0,0,1544.6678166979514,1460.7478105156806,1530.8696626425183,1474.5459645711137,0.6899077027716518
2010,REG,17,SF,ARI,38.0,7.0,1,1462.0681229085085,1449.7484659234542,1470.1543970425025,1441.6621917894602,0.5956862933003028
2010,REG,17,WAS,NYG,14.0,17.0,0,1474.956445356597,1521.9849399568611,1464.727047239633,1532.214338073825,0.5114699058481993
2010,REG,17,SEA,STL,16.0,6.0,1,1472.055449403566,1489.436676073145,1480.9769055817321,1480.5152198949788,0.5539271910916883
2010,WC,18,SEA,NO,41.0,36.0,1,1480.9769055817321,1548.709082440789,1491.3432031324508,1538.3427848900703,0.4816851224640634
2010,WC,18,IND,NYJ,16.0,17.0,0,1534.3799242816287,1547.1154986956508,1523.1694214293896,1558.32600154789,0.5605251426119592
2010,WC,18,KC,BAL,7.0,30.0,0,1525.502078352915,1567.0047941660537,1515.11379059966,1577.3930819193088,0.5194143876627515
2010,WC,18,PHI,GB,16.0,21.0,0,1530.8696626425183,1534.1370556156817,1519.3915857606105,1545.6151324975895,0.5739038440953861
2010,DIV,19,PIT,BAL,31.0,24.0,1,1562.321103932268,1577.3930819193088,1571.176915779618,1568.5372700719588,0.5572094076325067
2010,DIV,19,ATL,GB,21.0,48.0,0,1581.7652304288313,1545.6151324975895,1569.2002979221027,1558.180065004318,0.628246625336436
2010,DIV,19,CHI,SEA,35.0,24.0,1,1547.66406178362,1491.3432031324508,1554.5653112277514,1484.4419536883192,0.6549375277934203
2010,DIV,19,NE,NYJ,21.0,28.0,0,1602.2615891542403,1558.32600154789,1589.4885454581545,1571.0990452439758,0.638652184804285
2010,CON,20,CHI,GB,14.0,21.0,0,1554.5653112277514,1558.180065004318,1543.0970152114553,1569.6483610206142,0.573414800814808
2010,CON,20,PIT,NYJ,24.0,19.0,1,1571.176915779618,1571.0990452439758,1579.6047947565846,1562.671166267009,0.578606051151666
2010,SB,21,GB,PIT,31.0,25.0,1,1569.6483610206142,1579.6047947565846,1578.3591181002955,1570.8940376769033,0.5644621460159316
2011,REG,1,GB,NO,42.0,34.0,1,1550.933426765192,1524.9228101785457,1558.6431100018938,1517.213126941844,0.6145158381649171
2011,REG,1,BAL,PIT,35.0,7.0,1,1544.5492255467732,1546.0811244899871,1553.0223248818704,1537.60802515489,0.5763450332451372
2011,REG,1,CHI,ATL,30.0,12.0,1,1528.013059887446,1544.9801936493668,1536.922737676673,1536.0705158601397,0.5545161105386399
2011,REG,1,CLE,CIN,17.0,27.0,0,1468.6296174386273,1460.5273805433164,1456.8330995831595,1472.3238983987842,0.5898258927733914
2011,REG,1,HOU,IND,34.0,7.0,1,1475.9837763250864,1515.0601239291032,1485.525777408257,1505.5181228459326,0.5228999458414689
2011,REG,1,JAX,TEN,16.0,14.0,1,1495.856990960404,1474.5044686856716,1503.6940958121295,1466.667363833946,0.6081447574137145
2011,REG,1,KC,BUF,7.0,41.0,0,1509.823963889779,1463.2253112878636,1496.980316619378,1476.0689585582645,0.6421823635200484
2011,REG,1,STL,PHI,13.0,31.0,0,1487.3348929317362,1512.604530744397,1476.4812668282798,1523.4581568478534,0.5426813051728256
2011,REG,1,TB,DET,20.0,27.0,0,1521.4631384489537,1485.263152976042,1508.8968645774937,1497.829426847502,0.6283136935729969
2011,REG,1,ARI,CAR,28.0,21.0,1,1462.0804246631492,1439.75778654301,1469.8909297015502,1431.947281504609,0.6094747480799506
2011,REG,1,SD,MIN,24.0,17.0,1,1511.940359969689,1481.182617212807,1519.5209889845482,1473.6019881979478,0.6209685492570398
2011,REG,1,SF,SEA,33.0,17.0,1,1480.6003580776267,1489.8872698974076,1489.2921698000537,1481.1954581749806,0.5654094138786515
2011,REG,1,WAS,NYG,28.0,14.0,1,1477.0725807057615,1520.9393197479862,1486.7522493306421,1511.2596511231056,0.5160165687559743
2011,REG,1,NYJ,DAL,27.0,24.0,1,1540.736258073556,1483.454876971224,1547.6125375591914,1476.5785974855885,0.6561860257182317
2011,REG,1,MIA,NE,24.0,38.0,0,1487.317904670487,1558.1675545478004,1477.7737780707855,1567.7116811475018,0.47720632998507867
2011,REG,1,DEN,OAK,20.0,23.0,0,1454.9891512565362,1502.1163489846688,1444.7625925674029,1512.342907673802,0.5113279344566655
2011,REG,2,BUF,OAK,38.0,35.0,1,1476.0689585582645,1512.342907673802,1485.5305007909008,1502.8813654411658,0.5269228883681906
2011,REG,2,CAR,GB,23.0,30.0,0,1431.947281504609,1558.6431100018938,1423.9820525781054,1566.6083389283974,0.39826144632518484
2011,REG,2,DET,KC,48.0,3.0,1,1497.829426847502,1496.980316619378,1506.235663989295,1488.574079477585,0.5796881429103471
2011,REG,2,IND,CLE,19.0,27.0,0,1505.5181228459326,1456.8330995831595,1492.6193756407004,1469.7318467883917,0.644937360261611
2011,REG,2,MIN,TB,20.0,24.0,0,1473.6019881979478,1508.8968645774937,1463.0354364933805,1519.463416282061,0.5283275852283578
2011,REG,2,NO,CHI,30.0,13.0,1,1517.213126941844,1536.922737676673,1526.2008667465782,1527.9349978719388,0.5506130097632841
2011,REG,2,NYJ,JAX,32.0,3.0,1,1547.6125375591914,1503.6940958121295,1554.8399494180103,1496.4666839533106,0.6386294070590561
2011,REG,2,PIT,SEA,24.0,0.0,1,1537.60802515489,1481.1954581749806,1544.5068886753472,1474.2965946545232,0.6550568239771347
2011,REG,2,TEN,BAL,26.0,13.0,1,1466.667363833946,1553.0223248818704,1477.5673900649267,1542.1222986508897,0.45499868845096386
2011,REG,2,WAS,ARI,22.0,21.0,1,1486.7522493306421,1469.8909297015502,1494.712912693507,1461.9302663386854,0.6019668318567578
2011,REG,2,SF,DAL,24.0,27.0,0,1489.2921698000537,1476.5785974855885,1477.3675237429043,1488.503243542738,0.596232302857473
2011,REG,2,DEN,CIN,24.0,22.0,1,1444.7625925674029,1472.3238983987842,1453.9744812774147,1463.1120096887723,0.539405564499408
2011,REG,2,MIA,HOU,13.0,23.0,0,1477.7737780707855,1485.525777408257,1466.4221928724598,1496.8773626065827,0.5675792599162822
2011,REG,2,NE,SD,35.0,21.0,1,1567.7116811475018,1519.5209889845482,1574.8259717628953,1512.4066983691548,0.6442854692303316
2011,REG,2,ATL,PHI,35.0,31.0,1,1536.0705158601397,1523.4581568478534,1544.148675202381,1515.3799975056122,0.5960920328879408
2011,REG,2,NYG,STL,28.0,16.0,1,1511.2596511231056,1476.4812668282798,1518.7316394919114,1469.009278459474,0.6264005815597057
2011,REG,3,BUF,NE,34.0,31.0,1,1485.5305007909008,1574.8259717628953,1496.5144102204224,1563.8420623333736,0.4508045285239222
2011,REG,3,CAR,JAX,16.0,10.0,1,1423.9820525781054,1496.4666839533106,1434.4848763126608,1485.9638602187551,0.4748588132722243
2011,REG,3,CIN,SF,8.0,13.0,0,1463.1120096887723,1477.3675237429043,1451.9446357424931,1488.5348976891835,0.5583686973139645
2011,REG,3,CLE,MIA,17.0,16.0,1,1469.7318467883917,1466.4221928724598,1478.0691416463349,1458.0848980145167,0.5831352571028474
2011,REG,3,MIN,DET,23.0,26.0,0,1463.0354364933805,1506.235663989295,1452.6959422598306,1516.575158222845,0.5169747116774972
2011,REG,3,NO,HOU,40.0,33.0,1,1526.2008667465782,1496.8773626065827,1533.8203987933007,1489.2578305598602,0.6190233976638774
2011,REG,3,PHI,NYG,16.0,29.0,0,1515.3799975056122,1518.7316394919114,1503.904292613536,1530.2073443839877,0.5737852446038154
2011,REG,3,TEN,DEN,17.0,14.0,1,1477.5673900649267,1453.9744812774147,1485.3431144809213,1446.1987568614202,0.6112137792002738
2011,REG,3,OAK,NYJ,34.0,24.0,1,1502.8813654411658,1554.8399494180103,1512.7938286872004,1544.9274861719757,0.5043768376982756
2011,REG,3,SD,KC,20.0,17.0,1,1512.4066983691548,1488.574079477585,1520.175865722655,1480.8049121240847,0.6115416323249825
2011,REG,3,STL,BAL,7.0,37.0,0,1469.009278459474,1542.1222986508897,1459.5301412894714,1551.6014358208922,0.4739568585001282
2011,REG,3,CHI,GB,17.0,27.0,0,1527.9349978719388,1566.6083389283974,1517.4654244457192,1577.077912354617,0.5234786713109824
2011,REG,3,SEA,ARI,13.0,10.0,1,1474.2965946545232,1461.9302663386854,1482.3815747095389,1453.8452862836698,0.5957509972492173
2011,REG,3,TB,ATL,16.0,13.0,1,1519.463416282061,1544.148675202381,1528.5930953767088,1535.018996107733,0.5435160452676093
2011,REG,3,IND,PIT,20.0,23.0,0,1492.6193756407004,1544.5068886753472,1482.529793461022,1554.5964708550255,0.5044791089839095
2011,REG,3,DAL,WAS,18.0,16.0,1,1488.503243542738,1494.712912693507,1497.108103873928,1486.1080523623168,0.5697569834404929
2011,REG,4,CHI,CAR,34.0,29.0,1,1517.4654244457192,1434.4848763126608,1523.690433147365,1428.2598676110151,0.6887495649177114
2011,REG,4,CIN,BUF,23.0,20.0,1,1451.9446357424931,1496.5144102204224,1461.6445198729953,1486.8145260899203,0.5150057934748985
2011,REG,4,CLE,TEN,13.0,31.0,0,1478.0691416463349,1485.3431144809213,1466.7040516008465,1496.7082045264096,0.5682545022744159
2011,REG,4,DAL,DET,30.0,34.0,0,1497.108103873928,1516.575158222845,1486.0889343697645,1527.5943277270085,0.5509584752081785
2011,REG,4,HOU,PIT,17.0,10.0,1,1489.2578305598602,1554.5964708550255,1499.5553127481203,1544.2989886667654,0.4851258905869955
2011,REG,4,JAX,NO,10.0,23.0,0,1485.9638602187551,1533.8203987933007,1475.7582838387066,1544.0259751733493,0.5102788190024272
2011,REG,4,KC,MIN,22.0,17.0,1,1480.8049121240847,1452.6959422598306,1488.4574477174415,1445.0434066664739,0.6173732203321651
2011,REG,4,PHI,SF,23.0,24.0,0,1503.904292613536,1488.5348976891835,1491.9061469669975,1500.533043335722,0.599907282326924
2011,REG,4,STL,WAS,10.0,17.0,0,1459.5301412894714,1486.1080523623168,1448.7139077753868,1496.9242858764014,0.5408116757042312
2011,REG,4,ARI,NYG,27.0,31.0,0,1453.8452862836698,1530.2073443839877,1444.45936211821,1539.5932685494474,0.46929620827298624
2011,REG,4,SEA,ATL,28.0,30.0,0,1482.3815747095389,1535.018996107733,1472.313575279279,1545.086995537993,0.5033999715129954
2011,REG,4,GB,DEN,49.0,23.0,1,1577.077912354617,1446.1987568614202,1582.185949576836,1441.090719639201,0.7445981388890406
2011,REG,4,OAK,NE,19.0,31.0,0,1512.7938286872004,1563.8420623333736,1502.680092613124,1573.95579840745,0.5056868037038124
2011,REG,4,SD,MIA,26.0,16.0,1,1520.175865722655,1458.0848980145167,1526.9277675440492,1451.3329961931227,0.6624049089302919
2011,REG,4,BAL,NYJ,34.0,17.0,1,1551.6014358208922,1544.9274861719757,1559.844729758641,1536.6841922342269,0.5878353031125549
2011,REG,4,TB,IND,24.0,17.0,1,1528.5930953767088,1482.529793461022,1535.7636169420327,1475.3592718956982,0.6414739217338029
2011,REG,5,BUF,PHI,31.0,24.0,1,1486.8145260899203,1491.9061469669975,1495.387847030243,1483.3328260266749,0.5713339529838705
2011,REG,5,CAR,NO,27.0,30.0,0,1428.2598676110151,1544.0259751733493,1419.9912386755946,1552.2946041087698,0.4134314467710271
2011,REG,5,HOU,OAK,20.0,25.0,0,1499.5553127481203,1502.680092613124,1488.0732210514227,1514.1621843098217,0.5741045848348771
2011,REG,5,IND,KC,24.0,28.0,0,1475.3592718956982,1488.4574477174415,1464.1590539185738,1499.6576656945658,0.5600108988562125
2011,REG,5,JAX,CIN,20.0,30.0,0,1475.7582838387066,1461.6445198729953,1463.7948601596845,1473.6079435520173,0.5981711839511021
2011,REG,5,MIN,ARI,34.0,10.0,1,1445.0434066664739,1444.45936211821,1453.4570801266786,1436.0456886580052,0.5793163269897649
2011,REG,5,NYG,SEA,25.0,36.0,0,1539.5932685494474,1472.313575279279,1526.2122375146823,1485.694606314044,0.6690515517382525
2011,REG,5,PIT,TEN,38.0,17.0,1,1544.2989886667654,1496.7082045264096,1551.4291160417115,1489.5780771514635,0.6434936312526922
2011,REG,5,SF,TB,48.0,3.0,1,1500.533043335722,1535.7636169420327,1509.9646468085887,1526.332013469166,0.5284198263566587
2011,REG,5,DEN,SD,24.0,29.0,0,1441.090719639201,1526.9277675440492,1431.975957910202,1536.0425292730483,0.45573808644996266
2011,REG,5,NE,NYJ,30.0,21.0,1,1573.95579840745,1536.6841922342269,1581.360734986149,1529.2792556555278,0.6297531710650421
2011,REG,5,ATL,GB,14.0,25.0,0,1545.086995537993,1582.185949576836,1534.5722174571965,1592.7007276576326,0.525738904039829
2011,REG,5,DET,CHI,24.0,13.0,1,1527.5943277270085,1523.690433147365,1535.9149965528725,1515.369764321501,0.5839665587068047
2011,REG,6,ATL,CAR,31.0,17.0,1,1534.5722174571965,1419.9912386755946,1540.0451995294823,1414.5182566033088,0.7263508963857148
2011,REG,6,CIN,IND,27.0,17.0,1,1473.6079435520173,1464.1590539185738,1481.7739431656269,1455.9930543049643,0.5917000193195204
2011,REG,6,DET,SF,19.0,25.0,0,1535.9149965528725,1509.9646468085887,1523.6263234836886,1522.2533198777726,0.614433653459197
2011,REG,6,GB,STL,24.0,3.0,1,1592.7007276576326,1448.7139077753868,1597.5271130644664,1443.887522368553,0.7586807296583088
2011,REG,6,NYG,BUF,27.0,24.0,1,1526.2122375146823,1495.387847030243,1533.7910606210878,1487.8090239238375,0.6210588446797295
2011,REG,6,PIT,JAX,17.0,13.0,1,1551.4291160417115,1463.7948601596845,1557.5398527421166,1457.6841234592794,0.6944631649797386
2011,REG,6,WAS,PHI,13.0,20.0,0,1496.9242858764014,1483.3328260266749,1484.9753200431123,1495.281791859964,0.5974482916644576
2011,REG,6,BAL,HOU,29.0,14.0,1,1559.844729758641,1488.0732210514227,1566.3496975815012,1481.5682532285625,0.6747516088569907
2011,REG,6,OAK,CLE,24.0,17.0,1,1514.1621843098217,1466.7040516008465,1521.2958156254656,1459.5704202852025,0.643318434217804
2011,REG,6,NE,DAL,20.0,16.0,1,1581.360734986149,1486.0889343697645,1587.286508360653,1480.1631609952606,0.7037113312748007
2011,REG,6,TB,NO,26.0,20.0,1,1526.332013469166,1552.2946041087698,1535.498190163403,1543.1284274145328,0.5416911652881478
2011,REG,6,CHI,MIN,39.0,10.0,1,1515.369764321501,1453.4570801266786,1522.1262569484168,1446.7005874997628,0.6621753686542148
2011,REG,6,NYJ,MIA,24.0,6.0,1,1529.2792556555278,1451.3329961931227,1535.6291885703995,1444.983063278251,0.6825033542564121
2011,REG,7,CAR,WAS,33.0,20.0,1,1414.5182566033088,1484.9753200431123,1424.962853364324,1474.5307232820971,0.4777701619492432
2011,REG,7,CLE,SEA,6.0,3.0,1,1459.5704202852025,1485.694606314044,1468.7412159101934,1476.523810689053,0.5414602187504584
2011,REG,7,DET,ATL,16.0,23.0,0,1523.6263234836886,1540.0451995294823,1512.5204114371302,1551.1511115760406,0.5552956023279157
2011,REG,7,MIA,DEN,15.0,18.0,0,1444.983063278251,1431.975957910202,1433.0502829421425,1443.9087382463103,0.5966390168054193
2011,REG,7,NYJ,SD,27.0,21.0,1,1535.6291885703995,1536.0425292730483,1544.0708593649797,1527.6008584784681,0.5779164602709936
2011,REG,7,TB,CHI,18.0,24.0,0,1535.498190163403,1522.1262569484168,1523.5553035567914,1534.0691435550284,0.5971443303305816
2011,REG,7,TEN,HOU,7.0,41.0,0,1489.5780771514635,1481.5682532285625,1477.7841334317714,1493.3621969482547,0.589697185984611
2011,REG,7,ARI,PIT,20.0,32.0,0,1436.0456886580052,1557.5398527421166,1427.936514717871,1565.649026682251,0.40545869700671544
2011,REG,7,OAK,KC,0.0,28.0,0,1521.2958156254656,1499.6576656945658,1509.12508543636,1511.8283958836714,0.6085365094552811
2011,REG,7,DAL,STL,34.0,7.0,1,1480.1631609952606,1443.887522368553,1487.5948531678553,1436.4558301959582,0.6284153913702661
2011,REG,7,MIN,GB,27.0,33.0,0,1446.7005874997628,1597.5271130644664,1439.3908231891076,1604.8368773751217,0.36548821553276367
2011,REG,7,NO,IND,62.0,7.0,1,1543.1284274145328,1455.9930543049643,1549.2513579213473,1449.8701237981497,0.6938534746592688
2011,REG,7,JAX,BAL,12.0,7.0,1,1457.6841234592794,1566.3496975815012,1469.2165748615948,1554.8172461791858,0.4233774298842262
2011,REG,8,BAL,ARI,30.0,27.0,1,1554.8172461791858,1427.936514717871,1560.0133179600427,1422.740442937014,0.7401964109571515
2011,REG,8,CAR,MIN,21.0,24.0,0,1424.962853364324,1439.3908231891076,1413.8003757343538,1450.5533008190778,0.5581238814985124
2011,REG,8,HOU,JAX,24.0,14.0,1,1493.3621969482547,1469.2165748615948,1501.1228054090525,1461.455966400797,0.6119695769601107
2011,REG,8,NYG,MIA,20.0,17.0,1,1533.7910606210878,1433.0502829421425,1539.586400418618,1427.2549431446123,0.7102330101234929
2011,REG,8,STL,NO,31.0,21.0,1,1436.4558301959582,1549.2513579213473,1448.104143162788,1537.6030449545176,0.4175843516585107
2011,REG,8,TEN,IND,27.0,10.0,1,1477.7841334317714,1449.8701237981497,1485.4419719080497,1442.2122853218714,0.6171080761860772
2011,REG,8,BUF,WAS,23.0,0.0,1,1487.8090239238375,1474.5307232820971,1495.8687306853897,1466.471016520545,0.5970146619223923
2011,REG,8,DEN,DET,10.0,45.0,0,1443.9087382463103,1512.5204114371302,1434.3003133737773,1522.1288363096633,0.4804212436266556
2011,REG,8,PIT,NE,25.0,17.0,1,1565.649026682251,1587.286508360653,1574.691716798907,1578.2438182439969,0.5478654941671898
2011,REG,8,SEA,CIN,12.0,34.0,0,1476.523810689053,1481.7739431656269,1465.101601388301,1493.1961524663789,0.5711104650375955
2011,REG,8,SF,CLE,20.0,10.0,1,1522.2533198777726,1468.7412159101934,1529.2278310135202,1461.7667047744458,0.6512744432126226
2011,REG,8,PHI,DAL,34.0,7.0,1,1495.281791859964,1487.5948531678553,1503.496843938584,1479.3798010892351,0.589247396068997
2011,REG,8,KC,SD,23.0,20.0,1,1511.8283958836714,1527.6008584784681,1520.7041099144153,1518.7251444477242,0.5562142984628106
2011,REG,9,BUF,NYJ,11.0,27.0,0,1495.8687306853897,1544.0708593649797,1485.6730971844638,1554.2664928659055,0.5097816750462958
2011,REG,9,DAL,SEA,23.0,13.0,1,1479.3798010892351,1465.101601388301,1487.4118274450104,1457.0695750325258,0.5983986822112386
2011,REG,9,HOU,CLE,30.0,12.0,1,1501.1228054090525,1461.7667047744458,1508.4718734508886,1454.4176367326097,0.6325465979081913
2011,REG,9,IND,ATL,7.0,31.0,0,1442.2122853218714,1551.1511115760406,1433.7524159274324,1559.6109809704797,0.4229934697219514
2011,REG,9,KC,MIA,3.0,31.0,0,1520.7041099144153,1427.2549431446123,1506.6737282753081,1441.2853247837195,0.7015190819553557
2011,REG,9,NO,TB,27.0,16.0,1,1537.6030449545176,1523.5553035567914,1545.6414483694045,1515.5169001419044,0.5980798292556546
2011,REG,9,WAS,SF,11.0,19.0,0,1466.471016520545,1529.2278310135202,1456.6942385014925,1539.0046090325727,0.4888389009526255
2011,REG,9,OAK,DEN,24.0,38.0,0,1509.12508543636,1434.3003133737773,1495.5531462299036,1447.8722525802336,0.6785969603228225
2011,REG,9,TEN,CIN,17.0,24.0,0,1485.4419719080497,1493.1961524663789,1474.0904483434945,1504.547676030934,0.5675761782277594
2011,REG,9,ARI,STL,19.0,13.0,1,1422.740442937014,1448.104143162788,1431.8895045017498,1438.9550815980522,0.5425469217632106
2011,REG,9,NE,NYG,20.0,24.0,0,1578.2438182439969,1539.586400418618,1565.611592742998,1552.218625919617,0.6316112750499423
2011,REG,9,SD,GB,38.0,45.0,0,1518.7251444477242,1604.8368773751217,1509.6182262829482,1613.9437955398978,0.45534590823880267
2011,REG,9,PIT,BAL,20.0,23.0,0,1574.691716798907,1560.0133179600427,1562.7126731202695,1571.9923616386802,0.5989521839318718
2011,REG,9,PHI,CHI,24.0,30.0,0,1503.496843938584,1534.0691435550284,1492.7949144380866,1544.771073055526,0.5350964750248693
2011,REG,10,SD,OAK,17.0,24.0,0,1509.6182262829482,1495.5531462299036,1497.656149858538,1507.515222654314,0.5981038212205178
2011,REG,10,ATL,NO,23.0,26.0,0,1559.6109809704797,1545.6414483694045,1547.651548894509,1557.6008804453752,0.5979716037985272
2011,REG,10,CAR,TEN,3.0,30.0,0,1413.8003757343538,1474.0904483434945,1403.9526244982555,1483.9381995795927,0.49238756180491144
2011,REG,10,CIN,PIT,17.0,24.0,0,1504.547676030934,1562.7126731202695,1494.6387694501273,1572.6215797010764,0.4954453290403431
2011,REG,10,CLE,STL,12.0,13.0,0,1454.4176367326097,1438.9550815980522,1442.4169169135198,1450.955801417142,0.6000359909544983
2011,REG,10,DAL,BUF,44.0,7.0,1,1487.4118274450104,1485.6730971844638,1495.793119893834,1477.2918047356402,0.580935377558816
2011,REG,10,IND,JAX,3.0,17.0,0,1433.7524159274324,1461.455966400797,1422.96837346897,1472.2400088592594,0.5392021229231152
2011,REG,10,KC,DEN,10.0,17.0,0,1506.6737282753081,1447.8722525802336,1493.5105792021275,1461.0354016534143,0.658157453659029
2011,REG,10,MIA,WAS,20.0,9.0,1,1441.2853247837195,1456.6942385014925,1450.1507085198414,1447.8288547653706,0.5567308131939015
2011,REG,10,PHI,ARI,17.0,21.0,0,1492.7949144380866,1431.8895045017498,1479.5773730692542,1445.1070458705822,0.6608770684416213
2011,REG,10,TB,HOU,9.0,37.0,0,1515.5169001419044,1508.4718734508886,1503.7498451700715,1520.2389284227215,0.5883527485916491
2011,REG,10,SEA,BAL,22.0,17.0,1,1457.0695750325258,1571.9923616386802,1468.7773911264967,1560.2845455447093,0.4146091953014556
2011,REG,10,CHI,DET,37.0,13.0,1,1544.771073055526,1522.1288363096633,1552.5728220516392,1514.32708731355,0.6099125501943343
2011,REG,10,SF,NYG,27.0,20.0,1,1539.0046090325727,1552.218625919617,1547.8076773311632,1543.4155576210264,0.559846585070473
2011,REG,10,NYJ,NE,16.0,37.0,0,1554.2664928659055,1565.611592742998,1543.0165746805126,1576.861510928391,0.5624959092696532
2011,REG,10,GB,MIN,45.0,7.0,1,1613.9437955398978,1450.5533008190778,1618.3730701636775,1446.124026195298,0.7785362688110168
2011,REG,11,DEN,NYJ,17.0,13.0,1,1461.0354016534143,1543.0165746805126,1471.8104248678658,1532.241551466061,0.4612488392774266
2011,REG,11,BAL,CIN,31.0,24.0,1,1560.2845455447093,1494.6387694501273,1566.9452325163008,1487.9780824785357,0.666965651420421
2011,REG,11,CLE,JAX,14.0,10.0,1,1442.4169169135198,1472.2400088592594,1451.693533010083,1462.9633927626962,0.5361691951718348
2011,REG,11,DET,CAR,49.0,35.0,1,1514.32708731355,1403.9526244982555,1519.8968557829505,1398.382856028855,0.7215115765299743
2011,REG,11,GB,TB,35.0,26.0,1,1618.3730701636775,1503.7498451700715,1623.8450855396413,1498.2778297941077,0.7263992312018124
2011,REG,11,MIA,BUF,35.0,8.0,1,1450.1507085198414,1477.2918047356402,1459.3505788982668,1468.0919343572148,0.5400064810787291
2011,REG,11,MIN,OAK,21.0,27.0,0,1446.124026195298,1507.515222654314,1436.3079588700202,1517.3312899795917,0.49080336626389387
2011,REG,11,WAS,DAL,24.0,27.0,0,1447.8288547653706,1495.793119893834,1437.62637771407,1505.9955969451346,0.5101238525650276
2011,REG,11,SF,ARI,23.0,7.0,1,1547.8076773311632,1445.1070458705822,1553.5566910344442,1439.3580321673012,0.7125493148359547
2011,REG,11,STL,SEA,7.0,24.0,0,1450.955801417142,1468.7773911264967,1439.8897865295394,1479.8434060140994,0.5533007443801313
2011,REG,11,ATL,TEN,23.0,17.0,1,1547.651548894509,1483.9381995795927,1554.361744862471,1477.2280036116308,0.6644902016019092
2011,REG,11,CHI,SD,31.0,20.0,1,1552.5728220516392,1497.656149858538,1559.510652022553,1490.7183198876241,0.6531085014543138
2011,REG,11,NYG,PHI,10.0,17.0,0,1543.4155576210264,1479.5773730692542,1530.1225497895498,1492.8703809007309,0.6646503915738363
2011,REG,11,NE,KC,34.0,3.0,1,1576.861510928391,1493.5105792021275,1583.0773819944397,1487.2947081360787,0.6892064466975604
2011,REG,12,DET,GB,15.0,27.0,0,1519.8968557829505,1623.8450855396413,1511.2964514061773,1632.4454899164145,0.43002021883865527
2011,REG,12,DAL,MIA,20.0,19.0,1,1505.9955969451346,1459.3505788982668,1513.1507231289645,1452.195452714437,0.6422436908085019
2011,REG,12,BAL,SF,16.0,6.0,1,1566.9452325163008,1553.5566910344442,1575.001885934118,1545.500037616627,0.5971673291091351
2011,REG,12,ATL,MIN,24.0,14.0,1,1554.361744862471,1436.3079588700202,1559.7556168724561,1430.914086860035,0.7303063995007415
2011,REG,12,CIN,CLE,23.0,20.0,1,1487.9780824785357,1451.693533010083,1495.4095350956597,1444.262080392959,0.6284273691437997
2011,REG,12,IND,CAR,19.0,27.0,0,1422.96837346897,1398.382856028855,1410.716959082625,1410.6342704152,0.6125707193172513
2011,REG,12,JAX,HOU,13.0,20.0,0,1462.9633927626962,1520.2389284227215,1453.0288870073314,1530.1734341780864,0.4967252877682452
2011,REG,12,NYJ,BUF,28.0,24.0,1,1532.241551466061,1468.0919343572148,1538.940554265548,1461.392931557728,0.6650498600256552
2011,REG,12,STL,ARI,20.0,23.0,0,1439.8897865295394,1439.3580321673012,1428.3049271841787,1450.9428915126618,0.5792429672680272
2011,REG,12,TEN,TB,23.0,17.0,1,1477.2280036116308,1498.2778297941077,1486.2539373804614,1489.2518960252771,0.5487033115584694
2011,REG,12,OAK,CHI,25.0,20.0,1,1517.3312899795917,1559.510652022553,1526.9624497537945,1549.87949224835,0.5184420112898577
2011,REG,12,SEA,WAS,17.0,23.0,0,1479.8434060140994,1437.62637771407,1467.1160850971057,1450.3536986310637,0.6363660458496871
2011,REG,12,PHI,NE,20.0,38.0,0,1492.8703809007309,1583.0773819944397,1483.880265526988,1592.0674973681826,0.44950576868714537
2011,REG,12,SD,DEN,13.0,16.0,0,1490.7183198876241,1471.8104248678658,1478.6225962678313,1483.9061484876586,0.6047861809896456
2011,REG,12,KC,PIT,9.0,13.0,0,1487.2947081360787,1572.6215797010764,1478.1653755391947,1581.7509122979604,0.4564666298442047
2011,REG,12,NO,NYG,49.0,24.0,1,1557.6008804453752,1530.1225497895498,1565.2705743453344,1522.4528558895906,0.6165153050020452
2011,REG,13,SEA,PHI,31.0,14.0,1,1467.1160850971057,1483.880265526988,1476.0199912316298,1474.976359392464,0.5548046932737926
2011,REG,13,BUF,TEN,17.0,23.0,0,1461.392931557728,1486.2539373804614,1450.5276309601354,1497.119237978054,0.5432650298796291
2011,REG,13,CHI,KC,3.0,10.0,0,1549.87949224835,1478.1653755391947,1536.3859102488136,1491.658957538731,0.6746790999768225
2011,REG,13,HOU,ATL,17.0,10.0,1,1530.1734341780864,1559.7556168724561,1539.443152980221,1550.4858980703216,0.5365140598932712
2011,REG,13,MIA,OAK,34.0,14.0,1,1452.195452714437,1526.9624497537945,1462.7637795450057,1516.3941229232257,0.4715836584715622
2011,REG,13,MIN,DEN,32.0,35.0,0,1430.914086860035,1483.9061484876586,1420.8562943914162,1493.9639409562774,0.5028896234309369
2011,REG,13,NE,IND,31.0,24.0,1,1592.0674973681826,1410.716959082625,1596.1505384501195,1406.633918000688,0.7958479459031481
2011,REG,13,PIT,CIN,35.0,7.0,1,1581.7509122979604,1495.4095350956597,1587.8932778372232,1489.267169556397,0.6928817230368651
2011,REG,13,TB,CAR,19.0,38.0,0,1489.2518960252771,1410.6342704152,1475.585091759061,1424.3010746814161,0.6833402133108037
2011,REG,13,WAS,NYJ,19.0,34.0,0,1450.3536986310637,1538.940554265548,1441.317405890796,1547.9768470058157,0.4518146370133829
2011,REG,13,CLE,BAL,10.0,24.0,0,1444.262080392959,1575.001885934118,1436.4081587435455,1582.8558075835315,0.39269608247067217
2011,REG,13,ARI,DAL,19.0,13.0,1,1450.9428915126618,1513.1507231289645,1461.1503198256678,1502.9432948159586,0.4896285843496998
2011,REG,13,NYG,GB,35.0,38.0,0,1522.4528558895906,1632.4454899164145,1514.0225841514427,1640.8757616545624,0.4215135869073909
2011,REG,13,SF,STL,26.0,0.0,1,1545.500037616627,1428.3049271841787,1550.9134028803167,1422.891561920489,0.729331736815516
2011,REG,13,NO,DET,31.0,17.0,1,1565.2705743453344,1511.2964514061773,1572.2330096128685,1504.3340161386432,0.6518782366232874
2011,REG,13,JAX,SD,14.0,38.0,0,1453.0288870073314,1478.6225962678313,1442.184521196989,1489.4669620781738,0.5422182905171224
2011,REG,14,PIT,CLE,14.0,3.0,1,1587.8932778372232,1436.4081587435455,1592.5633806726385,1431.7380559081303,0.7664948582292331
2011,REG,14,BAL,IND,24.0,10.0,1,1582.8558075835315,1406.633918000688,1587.0356208603914,1402.454104723828,0.7910093361570081
2011,REG,14,CAR,ATL,23.0,31.0,0,1424.3010746814161,1550.4858980703216,1416.3217425856687,1558.465230166069,0.3989666047873699
2011,REG,14,CIN,HOU,19.0,20.0,0,1489.267169556397,1539.443152980221,1479.1283321199119,1549.581990416706,0.506941871824261
2011,REG,14,DET,MIN,34.0,28.0,1,1504.3340161386432,1420.8562943914162,1510.5467608941815,1414.643549635878,0.6893627622230885
2011,REG,14,JAX,TB,41.0,14.0,1,1442.184521196989,1475.585091759061,1451.5636393158493,1466.2059736402007,0.5310440940569882
2011,REG,14,MIA,PHI,10.0,26.0,0,1462.7637795450057,1474.976359392464,1451.5384469866308,1486.201691950839,0.5612666279187479
2011,REG,14,NYJ,KC,37.0,10.0,1,1547.9768470058157,1491.658957538731,1554.8781737040536,1484.7576308404932,0.6549336650881061
2011,REG,14,TEN,NO,17.0,22.0,0,1497.119237978054,1572.2330096128685,1487.697512978101,1581.6547346128214,0.47108624999764803
2011,REG,14,WAS,NE,27.0,34.0,0,1441.317405890796,1596.1505384501195,1434.1142793523009,1603.3536649886146,0.36015632692475286
2011,REG,14,ARI,SF,21.0,19.0,1,1461.1503198256678,1550.9134028803167,1472.1475561468017,1539.9161665591828,0.4501381839433045
2011,REG,14,DEN,CHI,13.0,10.0,1,1493.9639409562774,1536.3859102488136,1503.6020742072897,1526.7477769978013,0.5180933374493856
2011,REG,14,GB,OAK,46.0,16.0,1,1640.8757616545624,1516.3941229232257,1646.125125304456,1511.144759273332,0.7375318175053132
2011,REG,14,SD,BUF,37.0,10.0,1,1489.4669620781738,1450.5276309601354,1496.827186270223,1443.1674067680863,0.6319887903975442
2011,REG,14,DAL,NYG,34.0,37.0,0,1502.9432948159586,1514.0225841514427,1491.6858462353982,1525.280032732003,0.5628724290280205
2011,REG,14,SEA,STL,30.0,13.0,1,1476.0199912316298,1422.891561920489,1483.0045379263333,1415.9070152257855,0.6507726652648187
2011,REG,15,ATL,JAX,41.0,14.0,1,1558.465230166069,1451.5636393158493,1564.1156920070648,1445.9131774748535,0.7174769079502081
2011,REG,15,TB,DAL,15.0,31.0,0,1466.2059736402007,1491.6858462353982,1455.3583547971657,1502.5334650784332,0.5423809421517438
2011,REG,15,BUF,MIA,23.0,30.0,0,1443.1674067680863,1451.5384469866308,1431.8333177077552,1462.8725360469618,0.5667044530165495
2011,REG,15,CHI,SEA,14.0,38.0,0,1526.7477769978013,1483.0045379263333,1513.9798445978759,1495.7724703262588,0.6383966199962774
2011,REG,15,HOU,CAR,13.0,28.0,0,1549.581990416706,1416.3217425856687,1534.6380702202605,1431.2656627821143,0.7471960098222806
2011,REG,15,IND,TEN,27.0,13.0,1,1402.454104723828,1487.697512978101,1413.322388020604,1476.8292296813252,0.4565858351612036
2011,REG,15,KC,GB,19.0,14.0,1,1484.7576308404932,1646.125125304456,1497.7269388909804,1633.155817253969,0.3515345974756478
2011,REG,15,MIN,NO,20.0,42.0,0,1414.643549635878,1581.6547346128214,1407.760250414891,1588.5380338338082,0.3441649610493391
2011,REG,15,NYG,WAS,10.0,23.0,0,1525.280032732003,1434.1142793523009,1511.3048425591858,1448.0894695251181,0.6987595086408619
2011,REG,15,STL,CIN,13.0,20.0,0,1415.9070152257855,1479.1283321199119,1406.1435995920588,1488.8917477536386,0.48817078168633404
2011,REG,15,OAK,DET,27.0,28.0,0,1511.144759273332,1510.5467608941815,1499.5580412190768,1522.1334789484367,0.5793359027127662
2011,REG,15,ARI,CLE,20.0,17.0,1,1472.1475561468017,1431.7380559081303,1479.4684583044036,1424.4171537505283,0.633954892119906
2011,REG,15,DEN,NE,23.0,41.0,0,1503.6020742072897,1603.3536649886146,1494.8830521865389,1612.0726870093654,0.4359511010375418
2011,REG,15,PHI,NYJ,45.0,19.0,1,1486.201691950839,1554.8781737040536,1496.5951295449047,1544.4847361099878,0.4803281202967123
2011,REG,15,SD,BAL,34.0,14.0,1,1496.827186270223,1587.0356208603914,1507.8371117350173,1576.025695395597,0.4495037267602807
2011,REG,15,SF,PIT,20.0,3.0,1,1539.9161665591828,1592.5633806726385,1549.8484489729462,1582.631098258875,0.5033858793118275
2011,REG,16,IND,HOU,19.0,16.0,1,1413.322388020604,1534.6380702202605,1425.20826014169,1522.7521980991744,0.4057063939457007
2011,REG,16,BAL,CLE,20.0,14.0,1,1576.025695395597,1424.4171537505283,1580.6932554809841,1419.7495936651412,0.7666219957306442
2011,REG,16,BUF,DEN,40.0,14.0,1,1431.8333177077552,1494.8830521865389,1442.06496624207,1484.651403652224,0.488417573284254
2011,REG,16,CAR,TB,48.0,16.0,1,1431.2656627821143,1455.3583547971657,1440.378418146674,1446.245599432606,0.5443622317720206
2011,REG,16,CIN,ARI,23.0,16.0,1,1488.8917477536386,1479.4684583044036,1497.0584594256156,1471.3017466324266,0.5916644164011426
2011,REG,16,KC,OAK,13.0,16.0,0,1497.7269388909804,1499.5580412190768,1486.2084503188898,1511.0765297911673,0.575924428604525
2011,REG,16,NE,MIA,27.0,24.0,1,1612.0726870093654,1462.8725360469618,1616.7900385874407,1458.1551844688865,0.764132421096231
2011,REG,16,NYJ,NYG,14.0,29.0,0,1544.4847361099878,1511.3048425591858,1531.9998422708945,1523.789736398279,0.6242446919546624
2011,REG,16,PIT,STL,27.0,0.0,1,1582.631098258875,1406.1435995920588,1586.8058585993153,1401.9688392516184,0.7912619829779883
2011,REG,16,TEN,JAX,23.0,17.0,1,1476.8292296813252,1445.9131774748535,1484.405569365979,1438.3368377901995,0.6211830157672994
2011,REG,16,WAS,MIN,26.0,33.0,0,1448.0894695251181,1407.760250414891,1435.4125166417641,1420.437203298245,0.6338476441677016
2011,REG,16,DET,SD,38.0,10.0,1,1522.1334789484367,1507.8371117350173,1530.16500265796,1499.805588025494,0.598423814523835
2011,REG,16,DAL,PHI,7.0,20.0,0,1502.5334650784332,1496.5951295449047,1490.797285904303,1508.331308719035,0.5868089587065108
2011,REG,16,SEA,SF,17.0,19.0,0,1495.7724703262588,1549.8484489729462,1485.7458749165419,1559.8750443826632,0.5013297704858521
2011,REG,16,GB,CHI,35.0,21.0,1,1633.155817253969,1513.9798445978759,1638.524280742196,1508.6113811096488,0.7315768255886475
2011,REG,16,NO,ATL,45.0,16.0,1,1588.5380338338082,1564.1156920070648,1596.2910784273506,1556.3626474135224,0.612347770322873
2011,REG,17,GB,DET,45.0,41.0,1,1638.524280742196,1530.16500265796,1644.140786501689,1524.548496898467,0.7191747120253438
2011,REG,17,HOU,TEN,22.0,23.0,0,1522.7521980991744,1484.405569365979,1510.1283000057106,1497.029467459443,0.631194904673189
2011,REG,17,JAX,IND,19.0,13.0,1,1438.3368377901995,1425.20826014169,1446.4006920357986,1417.144405896091,0.5968072877200531
2011,REG,17,MIA,NYJ,19.0,17.0,1,1458.1551844688865,1531.9998422708945,1468.6970460572454,1521.4579806825357,0.47290692058205386
2011,REG,17,MIN,CHI,13.0,17.0,0,1420.437203298245,1508.6113811096488,1411.3891417069176,1517.6594427009763,0.4524030795663776
2011,REG,17,NE,BUF,49.0,21.0,1,1616.7900385874407,1442.06496624207,1620.998411364786,1437.8565934647247,0.7895813611327303
2011,REG,17,NO,CAR,45.0,17.0,1,1596.2910784273506,1440.378418146674,1600.8705681963913,1435.7989283776333,0.7710255115479633
2011,REG,17,PHI,WAS,34.0,10.0,1,1508.331308719035,1435.4125166417641,1514.8073222488524,1428.9365031119466,0.6761993235091238
2011,REG,17,STL,SF,27.0,34.0,0,1401.9688392516184,1559.8750443826632,1394.8470405259334,1566.9968431083482,0.3560899362842536
2011,REG,17,ARI,SEA,23.0,20.0,1,1471.3017466324266,1485.7458749165419,1480.139727797932,1476.9078937510365,0.5581009417247261
2011,REG,17,ATL,TB,45.0,24.0,1,1556.3626474135224,1446.245599432606,1561.9383726718158,1440.6698741743126,0.7212137370853239
2011,REG,17,CIN,BAL,16.0,24.0,0,1497.0584594256156,1580.6932554809841,1487.8807740499483,1589.8709408566515,0.45888426878336686
2011,REG,17,CLE,PIT,9.0,13.0,0,1419.7495936651412,1586.8058585993153,1412.8674658648508,1593.6879863996057,0.34410639001451515
2011,REG,17,DEN,KC,3.0,7.0,0,1484.651403652224,1486.2084503188898,1473.1252099297133,1497.7346440414005,0.5763096861255382
2011,REG,17,OAK,SD,26.0,38.0,0,1511.0765297911673,1499.805588025494,1499.1918996350325,1511.6902181816288,0.5942315078067355
2011,REG,17,NYG,DAL,31.0,14.0,1,1523.789736398279,1490.797285904303,1531.3099051545535,1483.2771171480285,0.6239915621862845
2011,WC,18,HOU,CIN,31.0,10.0,1,1510.1283000057106,1487.8807740499483,1517.9408634042277,1480.0682106514312,0.6093718300741396
2011,WC,18,NO,DET,45.0,28.0,1,1600.8705681963913,1524.548496898467,1607.2610897493716,1518.1579753454866,0.6804739223509811
2011,WC,18,NYG,ATL,24.0,2.0,1,1531.3099051545535,1561.9383726718158,1540.6095843491591,1552.6386934772102,0.535016040269718
2011,WC,18,DEN,PIT,29.0,23.0,1,1473.1252099297133,1593.6879863996057,1484.990173879628,1581.823022449691,0.40675180250427034
2011,DIV,19,SF,NO,36.0,32.0,1,1566.9968431083482,1607.2610897493716,1576.5729681657908,1597.684964691929,0.5211937471278738
2011,DIV,19,NE,DEN,45.0,10.0,1,1620.998411364786,1484.990173879628,1625.994963987457,1479.993621256957,0.7501723688664573
2011,DIV,19,BAL,HOU,20.0,13.0,1,1589.8709408566515,1517.9408634042277,1596.3719028444052,1511.439901416474,0.6749519006123085
2011,DIV,19,GB,NYG,20.0,37.0,0,1644.140786501689,1540.6095843491591,1629.8702343592454,1554.8801364916028,0.7135276071221771
2011,CON,20,NE,BAL,23.0,20.0,1,1625.994963987457,1596.3719028444052,1633.6063643349873,1588.7605024968748,0.6194299826234828
2011,CON,20,SF,NYG,17.0,20.0,0,1576.5729681657908,1554.8801364916028,1564.4007383225573,1567.0523663348363,0.6086114921616778
2011,SB,21,NE,NYG,17.0,21.0,0,1633.6063643349873,1567.0523663348363,1620.2438458437637,1580.41488482606,0.6681259245611814
2012,REG,1,NYG,DAL,17.0,24.0,0,1552.269675136939,1489.1301261462186,1538.9946069789917,1502.405194304166,0.6637534078973658
2012,REG,1,CHI,IND,41.0,21.0,1,1511.4786377556347,1446.1438638324591,1518.1472802977685,1439.4752212903254,0.6665678728933089
2012,REG,1,CLE,PHI,16.0,17.0,0,1443.363852812153,1509.6247594617541,1433.6878543123457,1519.3007579615614,0.4837999249903663
2012,REG,1,DET,STL,27.0,23.0,1,1511.8026839745662,1431.6505763418568,1518.0977141332817,1425.3555461831413,0.6852484920642217
2012,REG,1,HOU,MIA,30.0,10.0,1,1507.435935920708,1479.6530799372094,1515.0973425370191,1471.9916733208984,0.6169296691844424
2012,REG,1,KC,ATL,24.0,40.0,0,1498.5275186269103,1534.2151507601866,1487.9722357735382,1544.7704336135587,0.5277641426686094
2012,REG,1,MIN,JAX,26.0,23.0,1,1442.4029421094965,1465.1604498232691,1451.4775834835943,1456.0858084491713,0.5462679312951069
2012,REG,1,NO,WAS,32.0,40.0,0,1563.4952270497538,1453.8087270227654,1549.0809242681873,1468.2230298043319,0.7207151390783182
2012,REG,1,NYJ,BUF,48.0,28.0,1,1513.9476874436482,1459.6067857520711,1520.9005430948544,1452.653930100865,0.6523572174396939
2012,REG,1,TEN,NE,13.0,34.0,0,1498.0691538486378,1578.1584997984464,1488.7900306544848,1587.4376229925995,0.46395615970765614
2012,REG,1,ARI,SEA,20.0,16.0,1,1487.0908230686557,1484.9901309381737,1495.4619721081758,1476.6189818986536,0.5814425480239959
2012,REG,1,GB,SF,22.0,30.0,0,1584.4156523335096,1541.8604799096622,1571.6793251754925,1554.5968070676795,0.6368163579008581
2012,REG,1,TB,CAR,16.0,10.0,1,1461.4354182133031,1458.2693034454617,1469.776730519876,1449.9279911388887,0.5829343846713557
2012,REG,1,DEN,PIT,31.0,19.0,1,1486.9958538170222,1553.1849645922991,1497.3177910213467,1542.8630273879746,0.4839031397837736
2012,REG,1,BAL,CIN,44.0,13.0,1,1557.6943266229687,1487.0443369234304,1564.2276631926761,1480.511000353723,0.6733331715146275
2012,REG,1,OAK,SD,14.0,22.0,0,1499.474734762771,1507.5986418180587,1488.1336599001752,1518.9397166806546,0.5670537431297906
2012,REG,2,GB,CHI,23.0,10.0,1,1571.6793251754925,1518.1472802977685,1578.6533149113438,1511.1732905619172,0.6513005132074352
2012,REG,2,BUF,KC,35.0,17.0,1,1452.653930100865,1487.9722357735382,1462.0880505835967,1478.5381152908064,0.5282939758634135
2012,REG,2,CAR,NO,35.0,27.0,1,1449.9279911388887,1549.0809242681873,1461.1920173811782,1537.816898025898,0.4367986878855283
2012,REG,2,CIN,CLE,34.0,27.0,1,1480.511000353723,1433.6878543123457,1487.6614152279794,1426.5374394380892,0.6424792562871783
2012,REG,2,IND,MIN,23.0,20.0,1,1439.4752212903254,1451.4775834835943,1448.243929469411,1442.7088753045089,0.561564591045729
2012,REG,2,JAX,HOU,7.0,27.0,0,1456.0858084491713,1515.0973425370191,1446.2012645510026,1524.9818864351878,0.49422719490843753
2012,REG,2,MIA,OAK,35.0,13.0,1,1471.9916733208984,1488.1336599001752,1480.8778899208069,1479.2474433002667,0.5556891700045706
2012,REG,2,NE,ARI,18.0,20.0,0,1587.4376229925995,1495.4619721081758,1573.4428238943328,1509.4567712064425,0.6997399549133303
2012,REG,2,NYG,TB,41.0,34.0,1,1538.9946069789917,1469.776730519876,1545.5642611086382,1463.2070763902295,0.6715172935176728
2012,REG,2,PHI,BAL,24.0,23.0,1,1519.3007579615614,1564.2276631926761,1529.0109121963342,1554.5175089579034,0.5144922882613653
2012,REG,2,SEA,DAL,27.0,7.0,1,1476.6189818986536,1502.405194304166,1485.7801175285056,1493.244058674314,0.5419432185073985
2012,REG,2,STL,WAS,31.0,28.0,1,1425.3555461831413,1468.2230298043319,1435.0064861632236,1458.5720898242496,0.5174530009958804
2012,REG,2,PIT,NYJ,27.0,10.0,1,1542.8630273879746,1520.9005430948544,1550.683403786357,1513.080166696472,0.6089811800808758
2012,REG,2,SD,TEN,38.0,10.0,1,1518.9397166806546,1488.7900306544848,1526.5368295256396,1481.1929178094997,0.6201443577507442
2012,REG,2,SF,DET,27.0,19.0,1,1554.5968070676795,1518.0977141332817,1562.0224929382991,1510.672028262662,0.6287157064690165
2012,REG,2,ATL,DEN,27.0,21.0,1,1544.7704336135587,1497.3177910213467,1551.904209965232,1490.1840146696734,0.6433111824163316
2012,REG,3,CAR,NYG,7.0,36.0,0,1461.1920173811782,1545.5642611086382,1452.0354102182948,1554.7208682715216,0.4578303581441642
2012,REG,3,CHI,STL,23.0,6.0,1,1511.1732905619172,1435.0064861632236,1517.5676994537462,1428.6120772713946,0.680279555408544
2012,REG,3,CLE,BUF,14.0,24.0,0,1426.5374394380892,1462.0880505835967,1415.9782250501867,1472.6472649714992,0.5279607193951261
2012,REG,3,DAL,TB,16.0,10.0,1,1493.244058674314,1463.2070763902295,1500.8442283349295,1455.606906729614,0.6199915169692142
2012,REG,3,IND,JAX,17.0,22.0,0,1448.243929469411,1446.2012645510026,1436.6167043986934,1457.82848962172,0.5813612535358732
2012,REG,3,MIA,NYJ,20.0,23.0,0,1480.8778899208069,1513.080166696472,1470.2226588194974,1523.7353977977814,0.5327615550654694
2012,REG,3,MIN,SF,24.0,13.0,1,1442.7088753045089,1562.0224929382991,1454.5391129394113,1550.1922553033967,0.40848811825487585
2012,REG,3,NO,KC,24.0,27.0,0,1537.816898025898,1478.5381152908064,1524.6413908871334,1491.713622429571,0.6587753569382196
2012,REG,3,TEN,DET,44.0,41.0,1,1481.1929178094997,1510.672028262662,1490.459685839573,1501.4052602325887,0.5366615984963362
2012,REG,3,WAS,CIN,31.0,38.0,0,1458.5720898242496,1487.6614152279794,1447.8277001774456,1498.4058048747834,0.5372194823402024
2012,REG,3,ARI,PHI,27.0,6.0,1,1509.4567712064425,1529.0109121963342,1518.440082284863,1520.0276011179137,0.5508344460789719
2012,REG,3,SD,ATL,3.0,27.0,0,1526.5368295256396,1551.904209965232,1515.6859962485391,1562.7550432423325,0.5425416638550191
2012,REG,3,DEN,HOU,25.0,31.0,0,1490.1840146696734,1524.9818864351878,1479.60320510379,1535.5626960010711,0.5290404782941642
2012,REG,3,OAK,PIT,34.0,31.0,1,1479.2474433002667,1550.683403786357,1489.7201556944963,1540.2106913921275,0.4763643802885265
2012,REG,3,BAL,NE,31.0,30.0,1,1554.5175089579034,1573.4428238943328,1563.4829113647409,1564.4774214874953,0.5517298796581206
2012,REG,3,SEA,GB,14.0,12.0,1,1485.7801175285056,1578.6533149113438,1496.8658985060488,1567.5675339338006,0.4457109511228354
2012,REG,4,BAL,CLE,23.0,16.0,1,1563.4829113647409,1415.9782250501867,1568.2355348436465,1411.225601571281,0.7623688260547138
2012,REG,4,ATL,CAR,30.0,28.0,1,1562.7550432423325,1452.0354102182948,1568.316830327849,1446.4736231327784,0.7219106457241745
2012,REG,4,BUF,NE,28.0,52.0,0,1472.6472649714992,1564.4774214874953,1463.703369160448,1573.4213172985467,0.44719479055256184
2012,REG,4,DET,MIN,13.0,20.0,0,1501.4052602325887,1454.5391129394113,1488.5545379723667,1467.3898351996334,0.6425361130111058
2012,REG,4,HOU,TEN,38.0,14.0,1,1535.5626960010711,1490.459685839573,1542.7586640229804,1483.2637178176637,0.6402015989045327
2012,REG,4,KC,SD,20.0,37.0,0,1491.713622429571,1515.6859962485391,1480.822942124897,1526.576676553213,0.5445340152336894
2012,REG,4,NYJ,SF,0.0,34.0,0,1523.7353977977814,1550.1922553033967,1512.9157033935662,1561.0119497076118,0.5409847202107577
2012,REG,4,STL,SEA,19.0,13.0,1,1428.6120772713946,1496.8658985060488,1438.9933679732708,1486.4846078041726,0.48093546490619044
2012,REG,4,ARI,MIA,24.0,21.0,1,1518.440082284863,1470.2226588194974,1525.5536675966378,1463.1090735077225,0.6443207344112606
2012,REG,4,DEN,OAK,37.0,6.0,1,1479.60320510379,1489.7201556944963,1488.31850570826,1481.0048550900262,0.564234969776493
2012,REG,4,JAX,CIN,10.0,27.0,0,1457.82848962172,1498.4058048747834,1447.4136096695072,1508.8206848269963,0.5207439976106482
2012,REG,4,GB,NO,28.0,27.0,1,1567.5675339338006,1524.6413908871334,1574.8213317402108,1517.3875930807233,0.6373101096794974
2012,REG,4,TB,WAS,22.0,24.0,0,1455.606906729614,1447.8277001774456,1443.8193878587567,1459.6152190483028,0.5893759435428567
2012,REG,4,PHI,NYG,19.0,17.0,1,1520.0276011179137,1554.7208682715216,1529.4437909983403,1545.304678391095,0.5291905059786692
2012,REG,4,DAL,CHI,18.0,34.0,0,1500.8442283349295,1517.5676994537462,1489.746976853323,1528.6649509353526,0.5548625740803259
2012,REG,5,STL,ARI,17.0,3.0,1,1438.9933679732708,1525.5536675966378,1449.899256136286,1514.6477794336224,0.45470559184923587
2012,REG,5,CIN,MIA,13.0,17.0,0,1508.8206848269963,1463.1090735077225,1496.0005211264279,1475.929237208291,0.6410081850284162
2012,REG,5,IND,GB,30.0,27.0,1,1436.6167043986934,1574.8213317402108,1448.9667701607184,1562.4712659781858,0.38249671189875417
2012,REG,5,KC,BAL,6.0,9.0,0,1480.822942124897,1568.2355348436465,1471.7531544916221,1577.3053224769214,0.4534893816637431
2012,REG,5,NYG,CLE,41.0,27.0,1,1545.304678391095,1411.225601571281,1550.3429716808257,1406.1873082815503,0.7480853355134641
2012,REG,5,PIT,PHI,16.0,14.0,1,1540.2106913921275,1529.4437909983403,1548.3400572486848,1521.314425141783,0.593531707172135
2012,REG,5,WAS,ATL,17.0,24.0,0,1459.6152190483028,1568.316830327849,1451.1486833088309,1576.783366067321,0.42332678697360043
2012,REG,5,CAR,SEA,12.0,16.0,0,1446.4736231327784,1486.4846078041726,1436.042472047861,1496.9157588890898,0.5215575542458679
2012,REG,5,JAX,CHI,3.0,41.0,0,1447.4136096695072,1528.6649509353526,1438.1677494444375,1537.9108111604223,0.4622930112534838
2012,REG,5,MIN,TEN,30.0,7.0,1,1467.3898351996334,1483.2637178176637,1476.268431529796,1474.385121487501,0.5560701834918579
2012,REG,5,NE,DEN,31.0,21.0,1,1573.4213172985467,1488.31850570826,1579.5940682610183,1482.1457547457885,0.6913624518764158
2012,REG,5,SF,BUF,45.0,3.0,1,1561.0119497076118,1463.703369160448,1566.8889479591944,1457.8263709088653,0.7061500874208763
2012,REG,5,NO,SD,31.0,24.0,1,1517.3875930807233,1526.576676553213,1526.0766373661,1517.8876322678364,0.5655477857311627
2012,REG,5,NYJ,HOU,17.0,23.0,0,1512.9157033935662,1542.7586640229804,1502.1928883666794,1553.4814790498672,0.5361407513443416
2012,REG,6,TEN,PIT,26.0,23.0,1,1474.385121487501,1548.3400572486848,1484.9301477566667,1537.7950309795192,0.47274868654171426
2012,REG,6,ATL,OAK,23.0,20.0,1,1576.783366067321,1481.0048550900262,1582.6969832714951,1475.091237885852,0.70431913979129
2012,REG,6,BAL,DAL,31.0,29.0,1,1577.3053224769214,1489.746976853323,1583.4179137158233,1483.6343856144213,0.6943704380549134
2012,REG,6,CLE,CIN,34.0,24.0,1,1406.1873082815503,1496.0005211264279,1417.1859730845945,1485.0018563233837,0.45006675984779126
2012,REG,6,MIA,STL,17.0,14.0,1,1475.929237208291,1449.899256136286,1483.638392333367,1442.1901010112101,0.6145422437461974
2012,REG,6,NYJ,IND,35.0,9.0,1,1502.1928883666794,1448.9667701607184,1509.174879233583,1441.9847792938149,0.6509004566548189
2012,REG,6,PHI,DET,23.0,26.0,0,1521.314425141783,1488.5545379723667,1508.8408770166773,1501.0280860974724,0.6236774062552808
2012,REG,6,TB,KC,38.0,10.0,1,1443.8193878587567,1471.7531544916221,1453.0419311627234,1462.5306111876555,0.538872834801674
2012,REG,6,ARI,BUF,16.0,19.0,0,1514.6477794336224,1457.8263709088653,1501.536011110193,1470.9381392322948,0.6555884161714769
2012,REG,6,SEA,NE,24.0,23.0,1,1496.9157588890898,1579.5940682610183,1507.7107236488037,1568.7991035013044,0.4602517620143043
2012,REG,6,SF,NYG,3.0,26.0,0,1566.8889479591944,1550.3429716808257,1554.8583117671683,1562.3736078728518,0.601531809601303
2012,REG,6,WAS,MIN,38.0,26.0,1,1451.1486833088309,1476.268431529796,1460.2907746304927,1467.1263402081343,0.5428954339169121
2012,REG,6,HOU,GB,24.0,42.0,0,1553.4814790498672,1562.4712659781858,1542.164886127012,1573.7878589010409,0.5658296461427486
2012,REG,6,SD,DEN,24.0,35.0,0,1517.8876322678364,1482.1457547457885,1505.3336796056903,1494.6997074079345,0.6276976331072978
2012,REG,7,SF,SEA,13.0,6.0,1,1554.8583117671683,1507.7107236488037,1562.0001490067648,1500.5688864092072,0.642908138020176
2012,REG,7,BUF,TEN,34.0,35.0,0,1470.9381392322948,1484.9301477566667,1459.7632850068599,1496.1050019821018,0.5587427112717535
2012,REG,7,CAR,DAL,14.0,19.0,0,1436.042472047861,1483.6343856144213,1425.8292824873743,1493.8475751749081,0.5106594780243433
2012,REG,7,HOU,BAL,43.0,13.0,1,1542.164886127012,1583.4179137158233,1551.7694228054897,1573.8133770373456,0.5197731660761139
2012,REG,7,IND,CLE,17.0,13.0,1,1441.9847792938149,1417.1859730845945,1449.7275379442146,1409.4432144341947,0.612862067480011
2012,REG,7,MIN,ARI,21.0,14.0,1,1467.1263402081343,1501.536011110193,1476.5343957425225,1492.1279555758047,0.5295972232805881
2012,REG,7,NYG,WAS,27.0,23.0,1,1562.3736078728518,1460.2907746304927,1568.1372009397278,1454.5271815636168,0.7118203466562046
2012,REG,7,STL,GB,20.0,30.0,0,1442.1901010112101,1573.7878589010409,1434.3597233773762,1581.6182365348748,0.39151888169169924
2012,REG,7,TB,NO,28.0,35.0,0,1453.0419311627234,1526.0766373661,1443.5605460238141,1535.5580225050091,0.47406925694545793
2012,REG,7,NE,NYJ,29.0,26.0,1,1568.7991035013044,1509.174879233583,1575.6146591777533,1502.359323557134,0.6592222161775576
2012,REG,7,OAK,JAX,26.0,23.0,1,1475.091237885852,1438.1677494444375,1482.5055217679965,1430.753465562293,0.6292858058927824
2012,REG,7,CIN,PIT,17.0,24.0,0,1485.0018563233837,1537.7950309795192,1474.938339638325,1547.858547664578,0.5031758342529372
2012,REG,7,CHI,DET,13.0,7.0,1,1537.9108111604223,1501.0280860974724,1545.326189896514,1493.6127073613807,0.6292310631954182
2012,REG,8,MIN,TB,17.0,36.0,0,1476.5343957425225,1443.5605460238141,1464.055066955694,1456.0398748106427,0.6239664393414285
2012,REG,8,CHI,CAR,23.0,22.0,1,1545.326189896514,1425.8292824873743,1550.6874007383672,1420.4680716455211,0.7319394579073408
2012,REG,8,CLE,SD,7.0,6.0,1,1409.4432144341947,1505.3336796056903,1420.6147325387492,1494.1621615011359,0.4414240947722754
2012,REG,8,DET,SEA,28.0,24.0,1,1493.6127073613807,1500.5688864092072,1502.2386420473242,1491.9429517232636,0.5687032657028226
2012,REG,8,GB,JAX,24.0,15.0,1,1581.6182365348748,1430.753465562293,1586.301134358559,1426.0705677386088,0.7658551088157909
2012,REG,8,NYJ,MIA,9.0,30.0,0,1502.359323557134,1483.638392333367,1490.268745420131,1495.72897047037,0.6045289068501545
2012,REG,8,PHI,ATL,17.0,30.0,0,1508.8408770166773,1582.6969832714951,1499.3830671499131,1592.1547931382593,0.47289049333821054
2012,REG,8,PIT,WAS,27.0,12.0,1,1547.858547664578,1454.5271815636168,1553.83100622496,1448.5547230032348,0.7013770719809044
2012,REG,8,STL,NE,7.0,45.0,0,1434.3597233773762,1575.6146591777533,1426.7925624198606,1583.181820135269,0.378358047875779
2012,REG,8,TEN,IND,13.0,19.0,0,1496.1050019821018,1449.7275379442146,1483.2672072875432,1462.5653326387733,0.641889734727936
2012,REG,8,KC,OAK,16.0,26.0,0,1462.5306111876555,1482.5055217679965,1451.5259092752365,1493.5102236804155,0.5502350956209523
2012,REG,8,DAL,NYG,24.0,29.0,0,1493.8475751749081,1568.1372009397278,1484.4022054738948,1577.582570640741,0.47226848505066077
2012,REG,8,DEN,NO,34.0,14.0,1,1494.6997074079345,1535.5580225050091,1504.2929016293372,1525.9648282836065,0.5203402889298623
2012,REG,8,ARI,SF,3.0,24.0,0,1492.1279555758047,1562.0001490067648,1482.5557504581088,1571.5723541244606,0.4786102558847912
2012,REG,9,SD,KC,31.0,13.0,1,1494.1621615011359,1451.5259092752365,1501.4236755495117,1444.2643952268606,0.6369242975812107
2012,REG,9,CIN,DEN,23.0,31.0,0,1474.938339638325,1504.2929016293372,1464.2015422422546,1515.0296990254076,0.5368398698035243
2012,REG,9,CLE,BAL,15.0,25.0,0,1420.6147325387492,1573.8133770373456,1413.368184884972,1581.059924691123,0.362327382688864
2012,REG,9,GB,ARI,31.0,17.0,1,1586.301134358559,1482.5557504581088,1592.025543181589,1476.8313416350788,0.7137795588484955
2012,REG,9,HOU,BUF,21.0,9.0,1,1551.7694228054897,1459.7632850068599,1557.7738862817164,1453.7588215306332,0.6997768261886693
2012,REG,9,IND,MIA,23.0,20.0,1,1462.5653326387733,1495.72897047037,1471.9376578628153,1486.356645246328,0.5313837387978965
2012,REG,9,JAX,DET,14.0,31.0,0,1426.0705677386088,1502.2386420473242,1416.679081134706,1511.630128651227,0.4695743301951489
2012,REG,9,TEN,CHI,20.0,51.0,0,1483.2672072875432,1550.6874007383672,1473.6245369896728,1560.3300710362375,0.4821335148935165
2012,REG,9,WAS,CAR,13.0,21.0,0,1448.5547230032348,1420.4680716455211,1436.207865585173,1432.814929063583,0.6173428709030834
2012,REG,9,OAK,TB,32.0,42.0,0,1493.5102236804155,1456.0398748106427,1480.9098260004616,1468.6402724905965,0.6300198839976984
2012,REG,9,SEA,MIN,30.0,20.0,1,1491.9429517232636,1464.055066955694,1499.601500897143,1456.3965177818145,0.6170725413060288
2012,REG,9,NYG,PIT,20.0,24.0,0,1577.582570640741,1553.83100622496,1565.3539549437319,1566.0596219219692,0.6114307848504635
2012,REG,9,ATL,DAL,19.0,13.0,1,1592.1547931382593,1484.4022054738948,1597.785416325208,1478.771582286946,0.7184688406525603
2012,REG,9,NO,PHI,28.0,13.0,1,1525.9648282836065,1499.3830671499131,1533.6589408440684,1491.6889545894512,0.6152943719768985
2012,REG,10,JAX,IND,10.0,27.0,0,1416.679081134706,1471.9376578628153,1406.686523569826,1481.9302154276952,0.49962787824399363
2012,REG,10,BAL,OAK,55.0,20.0,1,1581.059924691123,1480.9098260004616,1586.8692699403834,1475.100480751201,0.7095327375369774
2012,REG,10,CAR,DEN,14.0,36.0,0,1432.814929063583,1515.0296990254076,1423.5966350038448,1524.2479930851457,0.46091470298690146
2012,REG,10,CIN,NYG,31.0,13.0,1,1464.2015422422546,1565.3539549437319,1475.5221568366376,1554.033340349349,0.43396927028085275
2012,REG,10,MIA,TEN,3.0,37.0,0,1486.356645246328,1473.6245369896728,1474.4314854496627,1485.5496967863382,0.5962579898332668
2012,REG,10,MIN,DET,34.0,24.0,1,1456.3965177818145,1511.630128651227,1466.4032416421196,1501.623404790922,0.4996638069847454
2012,REG,10,NE,BUF,37.0,31.0,1,1583.181820135269,1453.7588215306332,1588.3218042532862,1448.618837412616,0.7430007940991395
2012,REG,10,NO,ATL,31.0,27.0,1,1533.6589408440684,1597.785416325208,1543.9215615228397,1587.5227956464366,0.4868689660614324
2012,REG,10,TB,SD,34.0,24.0,1,1468.6402724905965,1501.4236755495117,1478.0016975480985,1492.0622504920098,0.5319287471249033
2012,REG,10,SEA,NYJ,28.0,7.0,1,1499.601500897143,1490.268745420131,1507.770730887786,1482.099515429488,0.5915385004678565
2012,REG,10,PHI,DAL,23.0,38.0,0,1491.6889545894512,1478.771582286946,1479.7586606213288,1490.7018762550686,0.5965146984061206
2012,REG,10,SF,STL,24.0,24.0,0,1571.5723541244606,1426.7925624198606,1566.3820447306277,1431.9828718136935,0.7595154696916435
2012,REG,10,CHI,HOU,6.0,13.0,0,1560.3300710362375,1557.7738862817164,1548.6884605083978,1569.415496809556,0.5820805263919828
2012,REG,10,PIT,KC,16.0,13.0,1,1566.0596219219692,1444.2643952268606,1571.3690759951974,1438.9549411536325,0.7345272963385895
2012,REG,11,BUF,MIA,19.0,14.0,1,1448.618837412616,1474.4314854496627,1457.7807285716744,1465.2695942906041,0.5419054420470697
2012,REG,11,ATL,ARI,23.0,19.0,1,1587.5227956464366,1476.8313416350788,1593.0852340526933,1471.2689032288222,0.7218780796871624
2012,REG,11,CAR,TB,21.0,27.0,0,1423.5966350038448,1478.0016975480985,1413.5795113441206,1488.0188212078226,0.5008561829862068
2012,REG,11,DAL,CLE,23.0,20.0,1,1490.7018762550686,1413.368184884972,1497.0671011289414,1407.002960011099,0.6817387563063612
2012,REG,11,DET,GB,20.0,24.0,0,1501.623404790922,1592.025543181589,1492.6388483233234,1601.0100996491876,0.449227823379929
2012,REG,11,HOU,JAX,43.0,37.0,1,1569.415496809556,1406.686523569826,1573.8579167626267,1402.2441036167554,0.7778790023464749
2012,REG,11,KC,CIN,6.0,28.0,0,1438.9549411536325,1475.5221568366376,1428.4249001839055,1486.0521978063646,0.5265020484863505
2012,REG,11,STL,NYJ,13.0,27.0,0,1431.9828718136935,1482.099515429488,1421.8423267735257,1492.2400604696559,0.5070272520083864
2012,REG,11,WAS,PHI,31.0,6.0,1,1436.207865585173,1479.7586606213288,1445.8784502088304,1470.0880759976715,0.51647076881713
2012,REG,11,OAK,NO,17.0,38.0,0,1475.100480751201,1543.9215615228397,1465.4980737289613,1553.5239685450795,0.4801203511119827
2012,REG,11,DEN,SD,30.0,23.0,1,1524.2479930851457,1492.0622504920098,1531.789965414251,1484.5202781629046,0.6229013835447439
2012,REG,11,NE,IND,59.0,24.0,1,1588.3218042532862,1481.9302154276952,1593.9841756766484,1476.267844004333,0.7168814288318859
2012,REG,11,PIT,BAL,10.0,13.0,0,1571.3690759951974,1586.8692699403834,1560.2370532426182,1598.0012926929626,0.5566011376289566
2012,REG,11,SF,CHI,32.0,7.0,1,1566.3820447306277,1548.6884605083978,1574.3197610889897,1540.7507441500359,0.6031141820819063
2012,REG,12,DET,HOU,31.0,34.0,0,1492.6388483233234,1573.8579167626267,1483.3920644879972,1583.1047005979528,0.46233919176630917
2012,REG,12,DAL,WAS,31.0,38.0,0,1497.0671011289414,1445.8784502088304,1484.1024874795244,1458.8430638582474,0.648230682470852
2012,REG,12,NYJ,NE,19.0,49.0,0,1492.2400604696559,1593.9841756766484,1483.5774048353196,1602.6468313109847,0.43313278171681796
2012,REG,12,CHI,MIN,28.0,10.0,1,1540.7507441500359,1466.4032416421196,1547.1907950818197,1459.9631907103358,0.677997453410804
2012,REG,12,CIN,OAK,34.0,10.0,1,1486.0521978063646,1465.4980737289613,1493.911218240407,1457.639053294919,0.6070489782978813
2012,REG,12,CLE,PIT,20.0,14.0,1,1407.002960011099,1560.2370532426182,1419.7573552735976,1547.4826579801197,0.3622802368750732
2012,REG,12,IND,BUF,20.0,13.0,1,1476.267844004333,1457.7807285716744,1484.1837024060826,1449.8648701699249,0.6042070799125169
2012,REG,12,JAX,TEN,24.0,19.0,1,1402.2441036167554,1485.5496967863382,1413.0570063614198,1474.7367940416739,0.45935486276677756
2012,REG,12,KC,DEN,9.0,17.0,0,1428.4249001839055,1531.789965414251,1419.8080359240626,1540.4068296740938,0.4308432129921467
2012,REG,12,MIA,SEA,24.0,21.0,1,1465.2695942906041,1507.770730887786,1474.9100031947405,1498.1303219836495,0.5179795547931751
2012,REG,12,TB,ATL,23.0,24.0,0,1488.0188212078226,1593.0852340526933,1479.4499559718838,1601.654099288632,0.4284432617969428
2012,REG,12,SD,BAL,13.0,16.0,0,1484.5202781629046,1598.0012926929626,1476.187778712477,1606.3337921433902,0.4166249725213806
2012,REG,12,ARI,STL,17.0,31.0,0,1471.2689032288222,1421.8423267735257,1458.350617972435,1434.7606120299129,0.6459142628193634
2012,REG,12,NO,SF,21.0,31.0,0,1553.5239685450795,1574.3197610889897,1542.5426605286464,1585.3010691054228,0.5490654008216508
2012,REG,12,NYG,GB,38.0,10.0,1,1554.033340349349,1601.0100996491876,1563.8024539594317,1591.2409860391049,0.5115443194958598
2012,REG,12,PHI,CAR,22.0,30.0,0,1470.0880759976715,1413.5795113441206,1456.984442419406,1426.6831449223862,0.655181678913272
2012,REG,13,ATL,NO,23.0,13.0,1,1601.654099288632,1542.5426605286464,1608.482923665678,1535.7138361516004,0.6585587811477004
2012,REG,13,BUF,JAX,34.0,18.0,1,1449.8648701699249,1413.0570063614198,1457.2822597596912,1405.6396167716534,0.6291305205116798
2012,REG,13,CHI,SEA,17.0,23.0,0,1547.1907950818197,1498.1303219836495,1534.2821526912023,1511.038964374267,0.6454321195308672
2012,REG,13,DET,IND,33.0,35.0,0,1483.3920644879972,1484.1837024060826,1471.8443609407711,1495.7314059533087,0.5773851773613004
2012,REG,13,GB,MIN,23.0,14.0,1,1591.2409860391049,1459.9631907103358,1596.340300208477,1454.8638765409637,0.7450342915313984
2012,REG,13,KC,CAR,27.0,21.0,1,1419.8080359240626,1426.6831449223862,1428.4316813554299,1418.0594994910189,0.5688177284316388
2012,REG,13,MIA,NE,16.0,23.0,0,1474.9100031947405,1602.6468313109847,1466.9734785295723,1610.583355976153,0.39682623325841637
2012,REG,13,NYJ,ARI,7.0,6.0,1,1483.5774048353196,1458.350617972435,1491.3084761010225,1450.619546706732,0.6134464367148555
2012,REG,13,STL,SF,16.0,13.0,1,1434.7606120299129,1585.3010691054228,1447.443208219916,1572.6184729154197,0.3658701904998429
2012,REG,13,TEN,HOU,10.0,24.0,0,1474.7367940416739,1583.1047005979528,1466.260877987426,1591.5806166522007,0.4237958027123934
2012,REG,13,DEN,TB,31.0,23.0,1,1540.4068296740938,1479.4499559718838,1547.1879604693952,1472.6688251765825,0.6609434602349272
2012,REG,13,BAL,PIT,20.0,23.0,0,1606.3337921433902,1547.4826579801197,1593.169356850105,1560.6470932734048,0.6582217646642518
2012,REG,13,OAK,CLE,17.0,20.0,0,1457.639053294919,1419.7573552735976,1445.0276200378903,1432.3687885306263,0.630571662851438
2012,REG,13,SD,CIN,13.0,20.0,0,1476.187778712477,1493.911218240407,1465.1189710225776,1504.9800259303063,0.5534403844949627
2012,REG,13,DAL,PHI,38.0,33.0,1,1484.1024874795244,1456.984442419406,1491.7819904824753,1449.304939416455,0.6160248498524512
2012,REG,13,WAS,NYG,17.0,16.0,1,1458.8430638582474,1563.8024539594317,1470.2711812175432,1552.3743366001358,0.42859413203521
2012,REG,14,OAK,DEN,13.0,26.0,0,1445.0276200378903,1547.1879604693952,1436.37672817843,1555.8388523288554,0.4325445929730103
2012,REG,14,BUF,STL,12.0,15.0,0,1457.2822597596912,1447.443208219916,1445.4374095695587,1459.2880584100485,0.5922425095066246
2012,REG,14,CAR,ATL,30.0,20.0,1,1418.0594994910189,1608.482923665678,1431.7712045579713,1594.7712185987257,0.3144147466523823
2012,REG,14,CIN,DAL,19.0,20.0,0,1504.9800259303063,1491.7819904824753,1493.0419560358166,1503.720060376965,0.5969034947244868
2012,REG,14,CLE,KC,30.0,7.0,1,1432.3687885306263,1428.4316813554299,1440.6885283949043,1420.1119414911518,0.5840130067861005
2012,REG,14,IND,TEN,27.0,23.0,1,1495.7314059533087,1466.260877987426,1503.346946510358,1458.6453374303767,0.6192229721475281
2012,REG,14,JAX,NYJ,10.0,17.0,0,1405.6396167716534,1491.3084761010225,1396.5200519160821,1500.4280409565938,0.45597824277856425
2012,REG,14,MIN,CHI,21.0,14.0,1,1454.8638765409637,1534.2821526912023,1465.5655361261763,1523.5804931059897,0.46491702073936697
2012,REG,14,PIT,SD,24.0,34.0,0,1560.6470932734048,1465.1189710225776,1546.566715588164,1479.1993487078184,0.7040188842620444
2012,REG,14,TB,PHI,21.0,23.0,0,1472.6688251765825,1449.304939416455,1460.4508161996293,1461.5229483934081,0.6109004488476596
2012,REG,14,WAS,BAL,31.0,28.0,1,1470.2711812175432,1593.169356850105,1482.2009432426753,1581.239594824973,0.40351189874340015
2012,REG,14,SF,MIA,27.0,13.0,1,1572.6184729154197,1466.9734785295723,1578.298306197009,1461.293645247983,0.7160083359205318
2012,REG,14,NYG,NO,52.0,27.0,1,1552.3743366001358,1535.7138361516004,1560.34054027033,1527.7476324814063,0.6016898164902976
2012,REG,14,SEA,ARI,58.0,0.0,1,1511.038964374267,1450.619546706732,1517.8339685095505,1443.8245425714485,0.6602497932358284
2012,REG,14,GB,DET,27.0,20.0,1,1596.340300208477,1471.8443609407711,1601.5893451547831,1466.595315994465,0.7375477526846923
2012,REG,14,NE,HOU,42.0,14.0,1,1610.583355976153,1591.5806166522007,1618.4850225632952,1583.6789500650584,0.604916670642885
2012,REG,15,PHI,CIN,13.0,34.0,0,1461.5229483934081,1493.0419560358166,1450.848138205646,1503.7167662235788,0.5337405093881102
2012,REG,15,ATL,NYG,34.0,0.0,1,1594.7712185987257,1560.34054027033,1602.2525775356971,1552.8591813333585,0.6259320531514259
2012,REG,15,BAL,DEN,17.0,34.0,0,1581.239594824973,1555.8388523288554,1568.9659175392114,1568.112529614617,0.6136838642880749
2012,REG,15,CHI,GB,13.0,21.0,0,1523.5804931059897,1601.5893451547831,1514.2417746524043,1610.9280636083686,0.46693592267927186
2012,REG,15,CLE,WAS,21.0,38.0,0,1440.6885283949043,1482.2009432426753,1430.3005193817253,1492.5889522558546,0.5194004506589579
2012,REG,15,HOU,IND,29.0,17.0,1,1583.6789500650584,1503.346946510358,1589.9695140092954,1497.056382566121,0.685471802788147
2012,REG,15,MIA,JAX,24.0,3.0,1,1461.293645247983,1396.5200519160821,1467.9766550361117,1389.8370421279535,0.6658495105935732
2012,REG,15,NO,TB,41.0,0.0,1,1527.7476324814063,1460.4508161996293,1534.3661649523797,1453.832283728656,0.6690733764513324
2012,REG,15,STL,MIN,22.0,36.0,0,1459.2880584100485,1465.5655361261763,1447.8948324927903,1476.9587620434345,0.5696612958629108
2012,REG,15,ARI,DET,38.0,10.0,1,1443.8245425714485,1466.595315994465,1452.8995624952258,1457.5202960706877,0.5462490038111354
2012,REG,15,BUF,SEA,17.0,50.0,0,1445.4374095695587,1517.8339685095505,1435.9377047525863,1527.3336733265228,0.4749852408486111
2012,REG,15,SD,CAR,7.0,31.0,0,1479.1993487078184,1431.7712045579713,1466.333772266985,1444.6367809988046,0.6432788220416699
2012,REG,15,DAL,PIT,27.0,24.0,1,1503.720060376965,1546.566715588164,1513.3704015989074,1536.9163743662216,0.5174829389028816
2012,REG,15,OAK,KC,15.0,0.0,1,1436.37672817843,1420.1119414911518,1444.3538528218332,1412.1348168477487,0.6011437678298422
2012,REG,15,NE,SF,34.0,41.0,0,1618.4850225632952,1578.298306197009,1605.8118777356717,1590.9714510246324,0.6336572413811747
2012,REG,15,TEN,NYJ,14.0,10.0,1,1458.6453374303767,1500.4280409565938,1468.2650964714687,1490.8082819155018,0.5190120479453957
2012,REG,16,DET,ATL,18.0,31.0,0,1457.5202960706877,1602.2525775356971,1450.047065517151,1609.7258080892339,0.3736615276768343
2012,REG,16,CAR,OAK,17.0,6.0,1,1444.6367809988046,1444.3538528218332,1453.0589043496977,1435.9317294709401,0.5788938324553493
2012,REG,16,DAL,NO,31.0,34.0,0,1513.3704015989074,1534.3661649523797,1502.3947941017213,1545.3417724495657,0.5487803748593
2012,REG,16,GB,TEN,55.0,7.0,1,1610.9280636083686,1468.2650964714687,1615.782408637941,1463.4107514418963,0.7572827485213748
2012,REG,16,HOU,MIN,6.0,23.0,0,1589.9695140092954,1476.9587620434345,1575.4785020994282,1491.4497739533017,0.7245505954933661
2012,REG,16,JAX,NE,16.0,23.0,0,1389.8370421279535,1605.8118777356717,1384.164927402723,1611.4839924609023,0.2836057362615237
2012,REG,16,KC,IND,13.0,20.0,0,1412.1348168477487,1497.056382566121,1402.9939058728587,1506.197293541011,0.4570455487444985
2012,REG,16,MIA,BUF,24.0,10.0,1,1467.9766550361117,1435.9377047525863,1475.5225975279657,1428.3917622607323,0.622702875407301
2012,REG,16,NYJ,SD,17.0,27.0,0,1490.8082819155018,1466.333772266985,1478.5599008549416,1478.5821533275453,0.6124190530280124
2012,REG,16,PHI,WAS,20.0,27.0,0,1450.848138205646,1492.5889522558546,1440.4666933194303,1502.9703971420702,0.5190722443107749
2012,REG,16,PIT,CIN,10.0,13.0,0,1536.9163743662216,1503.7167662235788,1524.4309481402515,1516.2021924495489,0.624271311298498
2012,REG,16,TB,STL,13.0,28.0,0,1453.832283728656,1447.8948324927903,1442.096129239461,1459.6309869819852,0.5868077244597427
2012,REG,16,DEN,CLE,34.0,12.0,1,1568.112529614617,1430.3005193817253,1573.0702637610727,1425.3427852352695,0.7521132926772106
2012,REG,16,ARI,CHI,13.0,28.0,0,1452.8995624952258,1514.2417746524043,1443.0820857617425,1524.0592513858876,0.49087383667416157
2012,REG,16,BAL,NYG,33.0,14.0,1,1568.9659175392114,1552.8591813333585,1576.947405493765,1544.877693378805,0.6009256022723174
2012,REG,16,SEA,SF,42.0,13.0,1,1527.3336733265228,1590.9714510246324,1537.5822373436017,1580.7228870075535,0.4875717991460532
2012,REG,17,ATL,TB,17.0,22.0,0,1609.7258080892339,1442.096129239461,1594.0715058433507,1457.7504314853443,0.7827151122941596
2012,REG,17,BUF,NYJ,28.0,9.0,1,1428.3917622607323,1478.5599008549416,1438.2526990754948,1468.6989640401791,0.5069531592618827
2012,REG,17,CIN,BAL,23.0,17.0,1,1516.2021924495489,1576.947405493765,1526.367537902976,1566.782060040338,0.4917327273286405
2012,REG,17,DET,CHI,24.0,26.0,0,1450.047065517151,1524.0592513858876,1440.5937346672783,1533.5125822357602,0.4726665424936307
2012,REG,17,IND,HOU,28.0,16.0,1,1506.197293541011,1575.4785020994282,1516.6081084217058,1565.0676872187335,0.479459255965264
2012,REG,17,NO,CAR,38.0,44.0,0,1545.3417724495657,1453.0589043496977,1531.339544665932,1467.0611321333315,0.7001113891816932
2012,REG,17,NYG,PHI,42.0,7.0,1,1544.877693378805,1440.4666933194303,1550.5864592690277,1434.7579274292075,0.7145617054888556
2012,REG,17,PIT,CLE,24.0,10.0,1,1524.4309481402515,1425.3427852352695,1530.2655229019292,1419.5082104735918,0.7082712619161109
2012,REG,17,TEN,JAX,38.0,20.0,1,1463.4107514418963,1384.164927402723,1469.7283076304564,1377.8473712141629,0.6841221905719982
2012,REG,17,DEN,KC,38.0,3.0,1,1573.0702637610727,1402.9939058728587,1577.368245635419,1398.6959239985124,0.7851009062826894
2012,REG,17,MIN,GB,37.0,34.0,1,1491.4497739533017,1615.782408637941,1503.4192536363025,1603.8129289549402,0.4015260158499643
2012,REG,17,NE,MIA,28.0,0.0,1,1611.4839924609023,1475.5225975279657,1616.4815558645773,1470.5250341242906,0.7501218298162493
2012,REG,17,SD,OAK,24.0,21.0,1,1478.5821533275453,1435.9317294709401,1485.843290076906,1428.6705927215794,0.636943162531961
2012,REG,17,SEA,STL,20.0,13.0,1,1537.5822373436017,1459.6309869819852,1543.9320457479248,1453.281178577662,0.682509579783848
2012,REG,17,SF,ARI,27.0,13.0,1,1580.7228870075535,1443.0820857617425,1585.6842969943739,1438.1206757749221,0.7519295006589836
2012,REG,17,WAS,DAL,28.0,18.0,1,1502.9703971420702,1502.3947941017213,1511.3843074552392,1493.9808837885523,0.5793044843415504
2012,WC,18,HOU,CIN,19.0,13.0,1,1565.0676872187335,1526.367537902976,1572.4343170593993,1519.0009080623101,0.6316685079667123
2012,WC,18,GB,MIN,24.0,10.0,1,1603.8129289549402,1503.4192536363025,1609.6164963937317,1497.615686197511,0.7098216280604176
2012,WC,18,BAL,IND,24.0,9.0,1,1566.782060040338,1516.6081084217058,1573.844107950194,1509.5460605118496,0.6468976045071946
2012,WC,18,WAS,SEA,14.0,24.0,0,1511.3843074552392,1543.9320457479248,1500.738977488632,1554.577375714532,0.5322664983303591
2012,DIV,19,DEN,BAL,35.0,38.0,0,1577.368245635419,1573.844107950194,1565.6995384384954,1585.5128151471176,0.5834353598461827
2012,DIV,19,SF,GB,45.0,31.0,1,1585.6842969943739,1609.6164963937317,1594.792469561934,1600.5083238261716,0.5445913716219942
2012,DIV,19,ATL,SEA,30.0,28.0,1,1594.0715058433507,1554.577375714532,1601.4168806528644,1547.2320009050184,0.632731259524317
2012,DIV,19,NE,HOU,41.0,28.0,1,1616.4815558645773,1572.4343170593993,1623.7055459700384,1565.2103269539382,0.6388004947269447
2012,CON,20,ATL,SF,24.0,28.0,0,1601.4168806528644,1594.792469561934,1589.6615564580532,1606.5477937567452,0.5877662097405634
2012,CON,20,NE,BAL,13.0,28.0,0,1623.7055459700384,1585.5128151471176,1611.0857729270185,1598.1325881901375,0.6309886521509954
2012,SB,21,SF,BAL,31.0,34.0,0,1606.5477937567452,1598.1325881901375,1594.7425600815122,1609.9378218653706,0.590261683761649
2013,REG,1,DEN,BAL,49.0,27.0,1,1542.704699985022,1571.4595842124909,1551.9507383753657,1562.2135458221471,0.5376980804828158
2013,REG,1,BUF,NE,21.0,23.0,0,1459.8642543990716,1572.205752402562,1451.4998516581354,1580.5701551434981,0.4182201370468128
2013,REG,1,CAR,SEA,7.0,12.0,0,1478.5897358866655,1530.700800588262,1468.506587561029,1540.7839489138985,0.5041574162818261
2013,REG,1,CHI,CIN,24.0,21.0,1,1521.783178453244,1512.3505902405016,1529.9496314817961,1504.1841372119495,0.5916773485723987
2013,REG,1,CLE,MIA,10.0,23.0,0,1447.6803368078347,1480.841272180789,1437.0525845553484,1491.4690244332753,0.5313876126243151
2013,REG,1,DET,MIN,34.0,24.0,1,1461.3859275337309,1498.4501960283822,1470.8701537733818,1488.9659697887312,0.5257886880174462
2013,REG,1,IND,OAK,21.0,17.0,1,1506.2049393327022,1453.6358852690266,1513.2041292610545,1446.6366953406744,0.6500405035823896
2013,REG,1,JAX,KC,2.0,28.0,0,1420.600791289206,1434.152350599033,1409.413436765233,1445.339705123006,0.5593677261986539
2013,REG,1,NO,ATL,23.0,17.0,1,1520.3707040328559,1558.2800116977346,1529.8791907480415,1548.771524982549,0.5245756642407183
2013,REG,1,NYJ,TB,18.0,17.0,1,1479.6543266261165,1472.5377804654738,1487.8852775072278,1464.3068295843625,0.5884524559444347
2013,REG,1,PIT,TEN,9.0,16.0,0,1519.672589886254,1480.3233999597967,1507.0218428572225,1492.9741469888281,0.6325373514515688
2013,REG,1,SF,GB,34.0,28.0,1,1561.5826640529829,1565.3304104870115,1570.118113559335,1556.7949609806594,0.5732275246823963
2013,REG,1,STL,ARI,27.0,24.0,1,1469.6327660754803,1459.7784392536994,1477.7874911944712,1451.6237141347085,0.5922637440504512
2013,REG,1,DAL,NYG,36.0,31.0,1,1496.087574462559,1532.881198524868,1505.5640319655222,1523.4047410219048,0.5261771248518328
2013,REG,1,WAS,PHI,27.0,33.0,0,1500.4803353676107,1457.592652828985,1487.7351567030596,1470.337831493536,0.637258933227558
2013,REG,1,SD,HOU,28.0,31.0,0,1490.7981385499888,1542.3867125200597,1480.6999529713053,1552.4848980987433,0.5049092789341826
2013,REG,2,NE,NYJ,13.0,10.0,1,1580.5701551434981,1487.8852775072278,1586.5582144826258,1481.8972181681002,0.7005970330436176
2013,REG,2,ATL,STL,31.0,24.0,1,1548.771524982549,1477.7874911944712,1555.2964052661528,1471.2626109108674,0.6737559858198053
2013,REG,2,BAL,CLE,14.0,6.0,1,1562.2135458221471,1437.0525845553484,1567.447783775884,1431.8183466016114,0.7382881023131493
2013,REG,2,BUF,CAR,24.0,23.0,1,1451.4998516581354,1468.506587561029,1460.410655752137,1459.5957834670273,0.5544597952999154
2013,REG,2,CHI,MIN,31.0,30.0,1,1529.9496314817961,1488.9659697887312,1537.2552008892442,1481.6604003812831,0.6347215296276001
2013,REG,2,GB,WAS,38.0,20.0,1,1556.7949609806594,1487.7351567030596,1563.3686300461266,1481.1614876375925,0.671316546726645
2013,REG,2,HOU,TEN,30.0,24.0,1,1552.4848980987433,1492.9741469888281,1559.3033889035514,1486.15565618402,0.659075459759598
2013,REG,2,IND,MIA,20.0,24.0,0,1513.2041292610545,1491.4690244332753,1501.0307401411976,1503.6424135531322,0.6086694559928418
2013,REG,2,KC,DAL,17.0,16.0,1,1445.339705123006,1505.5640319655222,1455.4900620048356,1495.4136750836926,0.4924821559085217
2013,REG,2,PHI,SD,30.0,33.0,0,1470.337831493536,1480.6999529713053,1459.060072845854,1491.9777116189873,0.563887932384103
2013,REG,2,ARI,DET,25.0,21.0,1,1451.6237141347085,1470.8701537733818,1460.5982611920374,1461.895606716053,0.5512726471335533
2013,REG,2,TB,NO,14.0,16.0,0,1464.3068295843625,1529.8791907480415,1454.6110327113315,1539.5749876210725,0.48478984365154476
2013,REG,2,NYG,DEN,23.0,41.0,0,1523.4047410219048,1551.9507383753657,1512.6448016135234,1562.710677783747,0.5379969704190635
2013,REG,2,OAK,JAX,19.0,9.0,1,1446.6366953406744,1409.413436765233,1454.0429298096676,1402.0072022962397,0.6296882765503379
2013,REG,2,SEA,SF,29.0,3.0,1,1540.7839489138985,1570.118113559335,1550.046567624655,1560.8554948485785,0.5368690644621805
2013,REG,2,CIN,PIT,20.0,10.0,1,1504.1841372119495,1507.0218428572225,1512.6939653436011,1498.512014725571,0.5745085934174224
2013,REG,3,PHI,KC,16.0,26.0,0,1459.060072845854,1455.4900620048356,1447.3900821075076,1467.160052743182,0.5834995369173188
2013,REG,3,BAL,HOU,30.0,9.0,1,1567.447783775884,1559.3033889035514,1575.6500917042324,1551.101080975203,0.5898846035825855
2013,REG,3,CAR,NYG,38.0,0.0,1,1459.5957834670273,1512.6448016135234,1469.5396302855847,1502.700954794966,0.5028076590721248
2013,REG,3,CIN,GB,34.0,30.0,1,1512.6939653436011,1563.3686300461266,1522.5694786175186,1553.493116772209,0.5062243363041303
2013,REG,3,DAL,STL,31.0,7.0,1,1495.4136750836926,1471.2626109108674,1503.1741347642717,1463.5021512302883,0.6119770159710511
2013,REG,3,MIN,CLE,27.0,31.0,0,1481.6604003812831,1431.8183466016114,1468.7311789716694,1444.7475680112252,0.6464610704806892
2013,REG,3,NE,TB,23.0,3.0,1,1586.5582144826258,1454.6110327113315,1591.6429031681819,1449.5263440257754,0.7457655657221997
2013,REG,3,NO,ARI,31.0,7.0,1,1539.5749876210725,1460.5982611920374,1545.899240683619,1454.274008129491,0.6837873468726783
2013,REG,3,TEN,SD,20.0,17.0,1,1486.15565618402,1491.9777116189873,1494.7495789527952,1483.383788850212,0.5703038615612395
2013,REG,3,WAS,DET,20.0,27.0,0,1481.1614876375925,1461.895606716053,1469.0559150283086,1474.0011793253368,0.6052786304641953
2013,REG,3,MIA,ATL,27.0,23.0,1,1503.6424135531322,1555.2964052661528,1513.5461106703867,1545.3927081488982,0.5048151441372705
2013,REG,3,NYJ,BUF,27.0,20.0,1,1481.8972181681002,1460.410655752137,1489.7306458224703,1452.577228097767,0.6083286172814978
2013,REG,3,SEA,JAX,45.0,17.0,1,1550.046567624655,1402.0072022962397,1554.7880482489127,1397.265721671982,0.7629259687871088
2013,REG,3,SF,IND,7.0,27.0,0,1560.8554948485785,1501.0307401411976,1547.6658650416662,1514.22036994811,0.6594814903456133
2013,REG,3,PIT,CHI,23.0,40.0,0,1498.512014725571,1537.2552008892442,1488.0444471893393,1547.7227684254758,0.523378376811577
2013,REG,3,DEN,OAK,37.0,21.0,1,1562.710677783747,1454.0429298096676,1568.320013859662,1448.4335937337528,0.7195331962042605
2013,REG,4,STL,SF,11.0,35.0,0,1463.5021512302883,1547.6658650416662,1454.3395844857187,1556.8284317862358,0.45812833722847923
2013,REG,4,BUF,BAL,23.0,20.0,1,1452.577228097767,1575.6500917042324,1464.5118303379572,1563.715489464042,0.40326988799048735
2013,REG,4,CLE,CIN,17.0,6.0,1,1444.7475680112252,1522.5694786175186,1455.4034922893395,1511.9135543394043,0.46720378609428465
2013,REG,4,DET,CHI,40.0,32.0,1,1474.0011793253368,1547.7227684254758,1484.5395090444745,1537.1844387063381,0.4730835140431221
2013,REG,4,HOU,SEA,20.0,23.0,0,1551.101080975203,1554.7880482489127,1539.6348186828425,1566.2543105412733,0.5733131146180351
2013,REG,4,JAX,IND,3.0,37.0,0,1397.265721671982,1514.22036994811,1389.0302564532958,1522.455835166796,0.41177326093430255
2013,REG,4,KC,NYG,31.0,7.0,1,1467.160052743182,1502.700954794966,1476.6005597794326,1493.2604477587154,0.5279746481874693
2013,REG,4,MIN,PIT,34.0,27.0,1,1468.7311789716694,1488.0444471893393,1477.7076293212008,1479.0679968398078,0.5511774825234297
2013,REG,4,TB,ARI,10.0,13.0,0,1449.5263440257754,1454.274008129491,1438.0899679704166,1465.7103841848498,0.5718188027679378
2013,REG,4,TEN,NYJ,38.0,13.0,1,1494.7495789527952,1489.7306458224703,1503.0390763790708,1481.4411483961946,0.585525128686223
2013,REG,4,DEN,PHI,52.0,20.0,1,1568.320013859662,1447.3900821075076,1573.6489163565643,1442.0611796106052,0.7335548751548812
2013,REG,4,OAK,WAS,14.0,24.0,0,1448.4335937337528,1469.0559150283086,1437.447341136022,1480.0421676260394,0.5493126298865326
2013,REG,4,SD,DAL,30.0,21.0,1,1483.383788850212,1503.1741347642717,1492.3738286435216,1494.1840949709622,0.5504980103345276
2013,REG,4,ATL,NE,23.0,30.0,0,1545.3927081488982,1591.6429031681819,1535.1409217455391,1601.894689571541,0.5125893201679613
2013,REG,4,NO,MIA,38.0,17.0,1,1545.899240683619,1513.5461106703867,1553.4366868383404,1506.0086645156653,0.6231276922639309
2013,REG,5,CLE,BUF,37.0,24.0,1,1455.4034922893395,1464.5118303379572,1464.0902525452955,1455.8250700820013,0.5656619872021997
2013,REG,5,CHI,NO,18.0,26.0,0,1537.1844387063381,1553.4366868383404,1526.073789630806,1564.5473359138725,0.5555324537766033
2013,REG,5,CIN,NE,13.0,6.0,1,1511.9135543394043,1601.894689571541,1522.9170039029798,1590.8912400079655,0.44982752182122093
2013,REG,5,GB,DET,22.0,9.0,1,1553.493116772209,1484.5395090444745,1560.0694838676213,1477.9631419490622,0.6711816452293861
2013,REG,5,IND,SEA,34.0,28.0,1,1522.455835166796,1566.2543105412733,1532.1335410338686,1556.5766046742008,0.516114706646379
2013,REG,5,MIA,BAL,23.0,26.0,0,1506.0086645156653,1563.715489464042,1496.086571624106,1573.6375823556014,0.4961046445779574
2013,REG,5,NYG,PHI,21.0,36.0,0,1493.2604477587154,1442.0611796106052,1480.295555381399,1455.0260719879216,0.6482446188658217
2013,REG,5,STL,JAX,34.0,20.0,1,1454.3395844857187,1389.0302564532958,1461.0088781549473,1382.3609627840672,0.6665353165385719
2013,REG,5,TEN,KC,17.0,26.0,0,1503.0390763790708,1476.6005597794326,1490.7370929996825,1488.902543158821,0.6150991689694171
2013,REG,5,ARI,CAR,22.0,6.0,1,1465.7103841848498,1469.5396302855847,1474.248129204831,1461.0018852656035,0.5731127490009341
2013,REG,5,DAL,DEN,48.0,51.0,0,1494.1840949709622,1573.6489163565643,1484.8870876276067,1582.9459236999198,0.4648503671677791
2013,REG,5,SF,HOU,34.0,3.0,1,1556.8284317862358,1539.6348186828425,1564.7799305283027,1531.6833199407756,0.602425062896661
2013,REG,5,OAK,SD,27.0,17.0,1,1437.447341136022,1492.3738286435216,1447.4452252764363,1482.3759445031073,0.5001057929792839
2013,REG,5,ATL,NYJ,28.0,30.0,0,1535.1409217455391,1481.4411483961946,1522.1105265607416,1494.4715435809921,0.6515197592398742
2013,REG,6,CHI,NYG,27.0,21.0,1,1526.073789630806,1480.295555381399,1533.2518609735441,1473.117484038661,0.6410964328630918
2013,REG,6,BAL,GB,17.0,19.0,0,1573.6375823556014,1560.0694838676213,1561.6892633841583,1572.0178028390644,0.5974159485721544
2013,REG,6,BUF,CIN,24.0,27.0,0,1455.8250700820013,1522.9170039029798,1446.172963460457,1532.5691105245241,0.4826053310772213
2013,REG,6,CLE,DET,17.0,31.0,0,1464.0902525452955,1477.9631419490622,1452.9120172556038,1489.1413772387539,0.558911764484581
2013,REG,6,HOU,STL,13.0,38.0,0,1531.6833199407756,1461.0088781549473,1518.2160373174477,1474.4761607782752,0.6733641311663917
2013,REG,6,KC,OAK,24.0,7.0,1,1488.902543158821,1447.4452252764363,1496.195474039691,1440.1522943955663,0.6353534559564978
2013,REG,6,MIN,CAR,10.0,35.0,0,1477.7076293212008,1461.0018852656035,1465.672584672679,1473.0369299141253,0.6017522324260877
2013,REG,6,NYJ,PIT,6.0,19.0,0,1494.4715435809921,1479.0679968398078,1482.472454230543,1491.067086190257,0.5999544675224537
2013,REG,6,TB,PHI,20.0,31.0,0,1438.0899679704166,1455.0260719879216,1426.9987632776915,1466.1172766806467,0.5545602346362604
2013,REG,6,DEN,JAX,35.0,19.0,1,1582.9459236999198,1382.3609627840672,1586.6809311078891,1378.6259553760979,0.8132496296015403
2013,REG,6,SEA,TEN,20.0,13.0,1,1556.5766046742008,1490.7370929996825,1563.2323382084787,1484.0813594654046,0.667213323286107
2013,REG,6,NE,NO,30.0,27.0,1,1590.8912400079655,1564.5473359138725,1598.5918356529146,1556.8467402689234,0.6149702177525488
2013,REG,6,SF,ARI,32.0,20.0,1,1564.7799305283027,1474.248129204831,1570.8201147431612,1468.2079449899725,0.6979907892570738
2013,REG,6,DAL,WAS,31.0,16.0,1,1484.8870876276067,1480.0421676260394,1493.1814474308308,1471.7478078228153,0.5852820098387983
2013,REG,6,SD,IND,19.0,9.0,1,1482.3759445031073,1532.1335410338686,1492.2250674521672,1522.2844180848087,0.5075438525470076
2013,REG,7,ARI,SEA,22.0,34.0,0,1468.2079449899725,1563.2323382084787,1459.3548705284597,1572.0854126699915,0.44265372307563444
2013,REG,7,ATL,TB,31.0,23.0,1,1522.1105265607416,1426.9987632776915,1528.0401422953694,1421.0691475430638,0.7035192132686157
2013,REG,7,CAR,STL,30.0,15.0,1,1473.0369299141253,1474.4761607782752,1481.5074243374772,1466.0056663549233,0.576475278832398
2013,REG,7,DET,CIN,24.0,27.0,0,1489.1413772387539,1532.5691105245241,1478.8084237455275,1542.9020640177505,0.5166476746613193
2013,REG,7,JAX,SD,6.0,24.0,0,1378.6259553760979,1492.2250674521672,1370.2967603443365,1500.5542624839286,0.4164597515880681
2013,REG,7,MIA,BUF,21.0,23.0,0,1496.086571624106,1446.172963460457,1483.1554675394966,1459.1040675450663,0.6465552042304697
2013,REG,7,NYJ,NE,30.0,27.0,1,1482.472454230543,1598.5918356529146,1494.2136867928984,1586.8506030905592,0.41293837188222715
2013,REG,7,PHI,DAL,3.0,17.0,0,1466.1172766806467,1493.1814474308308,1455.314947179987,1503.9837769314904,0.5401164750329834
2013,REG,7,WAS,CHI,45.0,41.0,1,1471.7478078228153,1533.2518609735441,1481.9349876557903,1523.064681140569,0.4906410083512413
2013,REG,7,TEN,SF,17.0,31.0,0,1484.0813594654046,1570.8201147431612,1474.9923416068318,1579.909132601734,0.4544508929286429
2013,REG,7,GB,CLE,31.0,13.0,1,1572.0178028390644,1452.9120172556038,1577.3878532778638,1447.5419668168045,0.7314974780600304
2013,REG,7,KC,HOU,17.0,16.0,1,1496.195474039691,1518.2160373174477,1505.2490902332609,1509.1624211238777,0.5473191903215058
2013,REG,7,PIT,BAL,19.0,16.0,1,1491.067086190257,1561.6892633841583,1501.5164258127593,1551.239923761656,0.4775330188748802
2013,REG,7,IND,DEN,39.0,33.0,1,1522.2844180848087,1586.6809311078891,1532.5548055481863,1576.4105436445116,0.48648062683111987
2013,REG,7,NYG,MIN,23.0,7.0,1,1473.117484038661,1465.672584672679,1481.3392814528818,1457.4507872584581,0.5889101292889567
2013,REG,8,TB,CAR,13.0,31.0,0,1421.0691475430638,1481.5074243374772,1411.2256609495907,1491.3509109309502,0.4921743296736543
2013,REG,8,DET,DAL,31.0,30.0,1,1478.8084237455275,1503.9837769314904,1487.9521037491807,1494.8400969278373,0.542815999817342
2013,REG,8,JAX,SF,10.0,42.0,0,1370.2967603443365,1579.909132601734,1364.474647822468,1585.7312451236025,0.2911056260934276
2013,REG,8,KC,CLE,23.0,17.0,1,1505.2490902332609,1447.5419668168045,1512.1143157919932,1440.676741258072,0.6567387220633839
2013,REG,8,NE,MIA,27.0,17.0,1,1586.8506030905592,1483.1554675394966,1592.5761938635742,1477.4298767664816,0.7137204613492504
2013,REG,8,NO,BUF,35.0,17.0,1,1556.8467402689234,1459.1040675450663,1562.7133735911498,1453.23743422284,0.7066683338886874
2013,REG,8,PHI,NYG,7.0,15.0,0,1455.314947179987,1481.3392814528818,1444.4828886693165,1492.1713399635523,0.5416029255335226
2013,REG,8,CIN,NYJ,49.0,9.0,1,1542.9020640177505,1494.2136867928984,1550.00322838954,1487.112522421109,0.6449417814105269
2013,REG,8,OAK,PIT,21.0,18.0,1,1440.1522943955663,1501.5164258127593,1450.3354483381945,1491.333271870131,0.49084230286858505
2013,REG,8,ARI,ATL,27.0,13.0,1,1459.3548705284597,1528.0401422953694,1469.7485607275835,1517.6464520962456,0.4803154900438184
2013,REG,8,DEN,WAS,45.0,21.0,1,1576.4105436445116,1481.9349876557903,1582.3554484181973,1475.9900828821046,0.7027547613157176
2013,REG,8,MIN,GB,31.0,44.0,0,1457.4507872584581,1577.3878532778638,1449.2983623754033,1585.5402781609187,0.40762124415274986
2013,REG,8,STL,SEA,9.0,14.0,0,1466.0056663549233,1572.0854126699915,1457.4653578359064,1580.6257211890083,0.4270154259508495
2013,REG,9,MIA,CIN,22.0,20.0,1,1477.4298767664816,1550.00322838954,1487.9352475860344,1539.4978575699872,0.4747314590223603
2013,REG,9,BUF,KC,13.0,23.0,0,1453.23743422284,1512.1143157919932,1443.3490152131203,1522.002734801713,0.4944209504859827
2013,REG,9,CAR,ATL,34.0,10.0,1,1491.3509109309502,1517.6464520962456,1500.526604841729,1508.4707581854668,0.5412153044610538
2013,REG,9,DAL,MIN,27.0,23.0,1,1494.8400969278373,1449.2983623754033,1502.02443442049,1442.1140248827505,0.6407831253673616
2013,REG,9,NYJ,NO,26.0,20.0,1,1487.112522421109,1562.7133735911498,1497.7047686745796,1552.1211273376791,0.4703876873264713
2013,REG,9,STL,TEN,21.0,28.0,0,1457.4653578359064,1474.9923416068318,1446.3909606268044,1486.0667388159338,0.5537198604551038
2013,REG,9,WAS,SD,30.0,24.0,1,1475.9900828821046,1500.5542624839286,1485.1163035358602,1491.428041830173,0.5436889673122186
2013,REG,9,OAK,PHI,20.0,49.0,0,1450.3354483381945,1444.4828886693165,1438.6016636761683,1456.2166733313427,0.5866892331013139
2013,REG,9,SEA,TB,27.0,24.0,1,1580.6257211890083,1411.2256609495907,1584.9368542634172,1406.9145278751819,0.7844433462795563
2013,REG,9,CLE,BAL,24.0,18.0,1,1440.676741258072,1551.239923761656,1452.2624824444933,1539.6541825752347,0.42071294067894033
2013,REG,9,NE,PIT,55.0,31.0,1,1592.5761938635742,1491.333271870131,1598.3596431680014,1485.5498225657038,0.7108275347786333
2013,REG,9,HOU,IND,24.0,27.0,0,1509.1624211238777,1532.5548055481863,1498.2551822908515,1543.4620443812125,0.5453619416513056
2013,REG,9,GB,CHI,20.0,27.0,0,1585.5402781609187,1523.064681140569,1572.2822809800607,1536.322678321427,0.6628998590428962
2013,REG,10,MIN,WAS,34.0,27.0,1,1442.1140248827505,1485.1163035358602,1451.7688399008505,1475.4614885177602,0.5172592490949999
2013,REG,10,ATL,SEA,10.0,33.0,0,1508.4707581854668,1584.9368542634172,1499.0878171270094,1594.3197953218746,0.4691470529228661
2013,REG,10,BAL,CIN,20.0,17.0,1,1539.6541825752347,1539.4978575699872,1548.079859339692,1531.07218080553,0.5787161617771428
2013,REG,10,CHI,DET,19.0,21.0,0,1536.322678321427,1487.9521037491807,1523.432223355589,1500.8425587150186,0.6445227482919041
2013,REG,10,GB,PHI,13.0,27.0,0,1572.2822809800607,1456.2166733313427,1557.7213550537824,1470.777599257621,0.7280462963139092
2013,REG,10,IND,STL,8.0,38.0,0,1543.4620443812125,1446.3909606268044,1529.3447179269303,1460.5082870810866,0.7058663227141069
2013,REG,10,NYG,OAK,24.0,20.0,1,1492.1713399635523,1438.6016636761683,1499.1443457909927,1431.628657848728,0.6513497086279844
2013,REG,10,PIT,BUF,23.0,10.0,1,1485.5498225657038,1443.3490152131203,1492.822933803039,1436.0759039757852,0.6363444381332433
2013,REG,10,TEN,JAX,27.0,29.0,0,1486.0667388159338,1364.474647822468,1471.3807545063146,1379.1606321320871,0.7342992154809669
2013,REG,10,SF,CAR,9.0,10.0,0,1585.7312451236025,1500.526604841729,1571.9014948097017,1514.35635515563,0.6914875156950432
2013,REG,10,ARI,HOU,27.0,24.0,1,1469.7485607275835,1498.2551822908515,1478.9874945476167,1489.0162484708183,0.538053308998342
2013,REG,10,SD,DEN,20.0,28.0,0,1491.428041830173,1582.3554484181973,1482.4584455984682,1591.325044649902,0.44847981158523836
2013,REG,10,NO,DAL,49.0,17.0,1,1552.1211273376791,1502.02443442049,1559.1852071257347,1494.9603546324345,0.6467960105972198
2013,REG,10,TB,MIA,22.0,19.0,1,1406.9145278751819,1487.9352475860344,1417.662067249815,1477.1877082114013,0.46262303126834853
2013,REG,11,TEN,IND,27.0,30.0,0,1471.3807545063146,1529.3447179269303,1461.4660621616883,1539.2594102715566,0.49573461723131157
2013,REG,11,BUF,NYJ,37.0,14.0,1,1436.0759039757852,1497.7047686745796,1446.2666748909523,1487.5139977594124,0.4904614542416372
2013,REG,11,CHI,BAL,23.0,20.0,1,1523.432223355589,1548.079859339692,1532.5608277875476,1538.9512549077333,0.543569778402065
2013,REG,11,CIN,CLE,41.0,20.0,1,1531.07218080553,1452.2624824444933,1537.400592516176,1445.9340707338474,0.6835794144677033
2013,REG,11,HOU,OAK,23.0,28.0,0,1489.0162484708183,1431.628657848728,1475.8897695506532,1444.755136768893,0.6563239460082504
2013,REG,11,JAX,ARI,14.0,27.0,0,1379.1606321320871,1478.9874945476167,1370.4437409938887,1487.7043856858152,0.43584455690992374
2013,REG,11,PHI,WAS,24.0,16.0,1,1470.777599257621,1475.4614885177602,1479.3394255335331,1466.899662241848,0.5719086862043969
2013,REG,11,PIT,DET,37.0,27.0,1,1492.822933803039,1500.8425587150186,1501.4789115589074,1492.1865809591502,0.5672011122065742
2013,REG,11,TB,ATL,41.0,28.0,1,1417.662067249815,1499.0878171270094,1428.421198169312,1488.3286862075124,0.46204345402515395
2013,REG,11,MIA,SD,20.0,16.0,1,1477.1877082114013,1482.4584455984682,1485.7660799769055,1473.880073832964,0.5710814117247932
2013,REG,11,NO,SF,23.0,20.0,1,1559.1852071257347,1571.9014948097017,1567.974157294678,1563.1125446407584,0.5605524915528306
2013,REG,11,NYG,GB,27.0,13.0,1,1499.1443457909927,1557.7213550537824,1509.2472967561127,1547.6184040886624,0.4948524517440002
2013,REG,11,SEA,MIN,41.0,20.0,1,1594.3197953218746,1451.7688399008505,1599.1765110694064,1446.9121241533187,0.7571642126234098
2013,REG,11,DEN,KC,27.0,17.0,1,1591.325044649902,1522.002734801713,1597.8920469232542,1515.4357325283609,0.6716498863324009
2013,REG,11,CAR,NE,24.0,20.0,1,1514.35635515563,1598.3596431680014,1525.1892031901693,1587.526795133462,0.4583575982730333
2013,REG,12,ATL,NO,13.0,17.0,0,1488.3286862075124,1567.974157294678,1479.0368524950154,1577.265991007175,0.4645916856248557
2013,REG,12,BAL,NYJ,19.0,3.0,1,1538.9512549077333,1487.5139977594124,1545.9801160700688,1480.485136597077,0.6485569418832264
2013,REG,12,CLE,PIT,11.0,27.0,0,1445.9340707338474,1501.4789115589074,1435.9497525005156,1511.4632297922392,0.4992159116665901
2013,REG,12,DET,TB,21.0,24.0,0,1492.1865809591502,1428.421198169312,1478.8954414362759,1441.7123376921863,0.6645569761437131
2013,REG,12,GB,MIN,26.0,26.0,0,1547.6184040886624,1446.9121241533187,1543.414561304342,1451.115966937639,0.7101921392160206
2013,REG,12,HOU,JAX,6.0,13.0,0,1475.8897695506532,1370.4437409938887,1461.5742618597167,1384.7592486848253,0.7157753845468262
2013,REG,12,KC,SD,38.0,41.0,0,1515.4357325283609,1473.880073832964,1502.7260405577542,1486.5897658035706,0.6354845985303335
2013,REG,12,MIA,CAR,16.0,20.0,0,1485.7660799769055,1525.1892031901693,1475.3180415799936,1535.6372415870812,0.522401919845595
2013,REG,12,STL,CHI,42.0,21.0,1,1460.5082870810866,1532.5608277875476,1470.9987049206793,1522.0704099479549,0.47547910802035875
2013,REG,12,ARI,IND,40.0,11.0,1,1487.7043856858152,1539.2594102715566,1497.6052345722376,1529.3585613851342,0.5049575556788803
2013,REG,12,OAK,TEN,19.0,23.0,0,1444.755136768893,1461.4660621616883,1433.657528541121,1472.5636703894602,0.5548804113885899
2013,REG,12,NYG,DAL,21.0,24.0,0,1509.2472967561127,1494.9603546324345,1497.2790812312512,1506.928570157296,0.5984107762430756
2013,REG,12,NE,DEN,34.0,31.0,1,1587.526795133462,1597.8920469232542,1596.2491251125102,1589.169716944206,0.5638835010475911
2013,REG,12,WAS,SF,6.0,27.0,0,1466.899662241848,1563.1125446407584,1458.0803319000163,1571.9318749825902,0.44096651709159235
2013,REG,13,DET,GB,40.0,10.0,1,1478.8954414362759,1543.414561304342,1489.1693551945664,1533.1406475460515,0.486304312085472
2013,REG,13,DAL,OAK,31.0,24.0,1,1506.928570157296,1433.657528541121,1513.3957073594884,1427.1903913389287,0.6766431398903836
2013,REG,13,BAL,PIT,22.0,20.0,1,1545.9801160700688,1511.4632297922392,1553.4591512883733,1503.9841945739347,0.626048239084775
2013,REG,13,CAR,TB,27.0,6.0,1,1535.6372415870812,1441.7123376921863,1541.5953977233005,1435.754181555967,0.7020921931890375
2013,REG,13,CLE,JAX,28.0,32.0,0,1435.9497525005156,1384.7592486848253,1422.985090207747,1397.723910977594,0.6482331146384344
2013,REG,13,HOU,NE,31.0,34.0,0,1461.5742618597167,1596.2491251125102,1453.8281173339585,1603.9952696382684,0.3873072262879132
2013,REG,13,IND,TEN,22.0,14.0,1,1529.3585613851342,1472.5636703894602,1536.2474824090093,1465.674749365585,0.6555539488062384
2013,REG,13,MIN,CHI,23.0,20.0,1,1451.115966937639,1522.0704099479549,1461.5748502170238,1511.6115266685701,0.47705583603076823
2013,REG,13,NYJ,MIA,3.0,23.0,0,1480.485136597077,1475.3180415799936,1468.770494653499,1487.0326835235714,0.5857320971788879
2013,REG,13,PHI,ARI,24.0,21.0,1,1479.3394255335331,1497.6052345722376,1488.2860527275186,1488.658607378252,0.5526686403007243
2013,REG,13,BUF,ATL,31.0,34.0,0,1446.2666748909523,1479.0368524950154,1435.6277208424303,1489.6758065435374,0.5319477024260982
2013,REG,13,SF,STL,23.0,13.0,1,1571.9318749825902,1470.9987049206793,1577.7226573273256,1465.207922575944,0.7104608827632375
2013,REG,13,KC,DEN,28.0,35.0,0,1502.7260405577542,1589.169716944206,1493.6285994791644,1598.2671580227957,0.4548720539294931
2013,REG,13,SD,CIN,10.0,17.0,0,1486.5897658035706,1537.400592516176,1476.4691975467533,1547.5211607729932,0.5060284128408671
2013,REG,13,WAS,NYG,17.0,24.0,0,1458.0803319000163,1497.2790812312512,1447.6258486547126,1507.7335644765549,0.5227241622651884
2013,REG,13,SEA,NO,34.0,7.0,1,1599.1765110694064,1577.265991007175,1606.9983121102482,1569.444189966333,0.6089099479579033
2013,REG,14,JAX,HOU,27.0,20.0,1,1397.723910977594,1453.8281173339585,1407.7556924842856,1443.7963358272668,0.49841092466541287
2013,REG,14,BAL,MIN,29.0,26.0,1,1553.4591512883733,1461.5748502170238,1559.4665620929572,1455.5674394124399,0.6996294597708
2013,REG,14,CIN,IND,42.0,28.0,1,1547.5211607729932,1536.2474824090093,1555.6364546489622,1528.1321885330403,0.5942353062015461
2013,REG,14,GB,ATL,22.0,21.0,1,1533.1406475460515,1489.6758065435374,1540.3801158190865,1482.4363382705023,0.6380265863482454
2013,REG,14,NE,CLE,27.0,26.0,1,1603.9952696382684,1422.985090207747,1608.084680996525,1418.8956788494902,0.7955294320871601
2013,REG,14,NYJ,OAK,37.0,27.0,1,1468.770494653499,1427.1903913389287,1476.0601507819622,1419.9007352104657,0.6355171935768478
2013,REG,14,PHI,DET,34.0,20.0,1,1488.2860527275186,1489.1693551945664,1496.7409244052856,1480.7144835167994,0.5772564161116552
2013,REG,14,PIT,MIA,28.0,34.0,0,1503.9841945739347,1487.0326835235714,1491.9423701122496,1499.0745079852566,0.6020912230842601
2013,REG,14,TB,BUF,27.0,6.0,1,1435.754181555967,1435.6277208424303,1444.1806965909527,1427.2012058074447,0.5786742482507214
2013,REG,14,WAS,KC,10.0,45.0,0,1447.6258486547126,1493.6285994791644,1437.3669448788594,1503.8875032550177,0.512945188792664
2013,REG,14,DEN,TEN,51.0,28.0,1,1598.2671580227957,1465.674749365585,1603.3377752829228,1460.604132105458,0.746469136993638
2013,REG,14,ARI,STL,30.0,10.0,1,1488.658607378252,1465.207922575944,1496.4382231600516,1457.4283067941444,0.611019210910019
2013,REG,14,SD,NYG,37.0,14.0,1,1476.4691975467533,1507.7335644765549,1485.7870919469078,1498.4156700764004,0.5341052799922802
2013,REG,14,SF,SEA,19.0,17.0,1,1577.7226573273256,1606.9983121102482,1586.9836011663813,1597.7373682711925,0.5369528080472119
2013,REG,14,NO,CAR,31.0,13.0,1,1569.444189966333,1541.5953977233005,1577.103802655119,1533.9357850345145,0.6170193655607051
2013,REG,14,CHI,DAL,45.0,28.0,1,1511.6115266685701,1513.3957073594884,1520.0917187505022,1504.9155152775563,0.5759903959033947
2013,REG,15,DEN,SD,20.0,27.0,0,1603.3377752829228,1485.7870919469078,1588.743063123448,1500.3818041063826,0.7297356079737377
2013,REG,15,ATL,WAS,27.0,26.0,1,1482.4363382705023,1437.3669448788594,1489.6331978090218,1430.17008534034,0.6401570230740234
2013,REG,15,CLE,CHI,31.0,38.0,0,1418.8956788494902,1520.0917187505022,1410.2175272155969,1528.7698703843955,0.4339075816946687
2013,REG,15,IND,HOU,25.0,3.0,1,1528.1321885330403,1443.7963358272668,1534.323796759981,1437.6047276003262,0.6904195886529694
2013,REG,15,JAX,BUF,20.0,27.0,0,1407.7556924842856,1427.2012058074447,1396.735909423426,1438.2209888683044,0.55098915304299
2013,REG,15,MIA,NE,24.0,20.0,1,1499.0745079852566,1608.084680996525,1510.616643342473,1596.5425456393086,0.4228932321391761
2013,REG,15,MIN,PHI,48.0,30.0,1,1455.5674394124399,1496.7409244052856,1465.1696902721585,1487.138673545567,0.5198874570140674
2013,REG,15,NYG,SEA,0.0,23.0,0,1498.4156700764004,1597.7373682711925,1489.6844758634113,1606.4685624841816,0.4365597106494586
2013,REG,15,TB,SF,14.0,33.0,0,1444.1806965909527,1586.9836011663813,1436.655407066041,1594.508890691293,0.37626447624558296
2013,REG,15,CAR,NYJ,30.0,20.0,1,1533.9357850345145,1476.0601507819622,1540.796637739971,1469.1992980765058,0.6569573647271832
2013,REG,15,OAK,KC,31.0,56.0,0,1419.9007352104657,1503.8875032550177,1410.7331110583598,1513.0551274071236,0.45838120760529244
2013,REG,15,DAL,GB,36.0,37.0,0,1504.9155152775563,1540.3801158190865,1494.353833081351,1550.9417980152919,0.5280841098102604
2013,REG,15,STL,NO,27.0,16.0,1,1457.4283067941444,1577.103802655119,1469.2686092976378,1565.2635001516255,0.40798487482533446
2013,REG,15,TEN,ARI,34.0,37.0,0,1460.604132105458,1496.4382231600516,1450.0530517790135,1506.989303486496,0.5275540163222264
2013,REG,15,PIT,CIN,30.0,20.0,1,1491.9423701122496,1555.6364546489622,1502.1925537625818,1545.38627099863,0.4874908174833844
2013,REG,15,DET,BAL,16.0,18.0,0,1480.7144835167994,1559.4665620929572,1471.397060252536,1568.7839853572207,0.4658711632131736
2013,REG,16,BUF,MIA,19.0,0.0,1,1438.2209888683044,1510.616643342473,1448.7212580838682,1500.1163741269092,0.47498653922181033
2013,REG,16,CAR,NO,17.0,13.0,1,1540.796637739971,1565.2635001516255,1549.9200788334065,1556.14005905819,0.5438279453282187
2013,REG,16,CIN,MIN,42.0,14.0,1,1545.38627099863,1465.1696902721585,1551.6797003087893,1458.8762609619992,0.6853285344920309
2013,REG,16,HOU,DEN,13.0,37.0,0,1437.6047276003262,1588.743063123448,1430.3032863642497,1596.0445043595246,0.36507206180382656
2013,REG,16,JAX,TEN,16.0,20.0,0,1396.735909423426,1450.0530517790135,1386.6874732656413,1460.101487936798,0.5024218078892347
2013,REG,16,KC,IND,7.0,23.0,0,1513.0551274071236,1534.323796759981,1502.0873006072677,1545.2916235598368,0.5483913399927939
2013,REG,16,NYJ,CLE,24.0,13.0,1,1469.1992980765058,1410.2175272155969,1476.031479675419,1403.3853456166837,0.6583909200543449
2013,REG,16,STL,TB,23.0,13.0,1,1469.2686092976378,1436.655407066041,1476.7990252017728,1429.124991161906,0.6234792047932508
2013,REG,16,WAS,DAL,23.0,24.0,0,1430.17008534034,1494.353833081351,1420.4343533031981,1504.0895651184928,0.4867866018570856
2013,REG,16,DET,NYG,20.0,23.0,0,1471.397060252536,1489.6844758634113,1460.3443024372627,1500.7372336786846,0.5526378907636622
2013,REG,16,SEA,ARI,10.0,17.0,0,1606.4685624841816,1506.989303486496,1592.2938380748703,1521.1640278958073,0.7087362204655618
2013,REG,16,BAL,NE,7.0,41.0,0,1568.7839853572207,1596.5425456393086,1558.0015164948873,1607.325014501642,0.5391234431166655
2013,REG,16,GB,PIT,31.0,38.0,0,1550.9417980152919,1502.1925537625818,1538.041357790687,1515.0929939871867,0.6450220112302457
2013,REG,16,SD,OAK,26.0,13.0,1,1500.3818041063826,1410.7331110583598,1506.443442205322,1404.6714729594203,0.6969180950530239
2013,REG,16,PHI,CHI,54.0,11.0,1,1487.138673545567,1528.7698703843955,1496.7540782509946,1519.1544656789679,0.5192297647286137
2013,REG,16,SF,ATL,34.0,24.0,1,1594.508890691293,1489.6331978090218,1600.206750865533,1483.9353376347817,0.7151069912880013
2013,REG,17,ATL,CAR,20.0,21.0,0,1483.9353376347817,1549.9200788334065,1474.2513985957987,1559.6040178723895,0.48419695194914464
2013,REG,17,CIN,BAL,34.0,17.0,1,1551.6797003087893,1558.0015164948873,1560.2877258061847,1549.3934909974919,0.5695987251302341
2013,REG,17,IND,JAX,30.0,10.0,1,1545.2916235598368,1386.6874732656413,1549.816637252229,1382.1624595732492,0.7737493153803913
2013,REG,17,MIA,NYJ,7.0,20.0,0,1500.1163741269092,1476.031479675419,1487.8786428804403,1488.2692109218879,0.6118865623234455
2013,REG,17,MIN,DET,14.0,13.0,1,1458.8762609619992,1460.3443024372627,1467.3475652326238,1451.8729981666381,0.5764347864687646
2013,REG,17,NYG,WAS,20.0,6.0,1,1500.7372336786846,1420.4343533031981,1507.0285205377932,1414.1430664440895,0.6854356570445652
2013,REG,17,PIT,CLE,20.0,7.0,1,1515.0929939871867,1403.3853456166837,1520.6319740685376,1397.8463655353328,0.723050995932457
2013,REG,17,TEN,HOU,16.0,10.0,1,1460.101487936798,1430.3032863642497,1467.7081355168214,1422.6966387842265,0.6196676209988314
2013,REG,17,ARI,SF,20.0,23.0,0,1521.1640278958073,1600.206750865533,1511.8549305968825,1609.5158481644578,0.46545486494624116
2013,REG,17,CHI,GB,28.0,33.0,0,1519.1544656789679,1538.041357790687,1508.1187740379785,1549.0770494316764,0.5517845820494711
2013,REG,17,NE,BUF,34.0,20.0,1,1607.325014501642,1448.7212580838682,1611.8500361324918,1444.1962364530184,0.7737489184575144
2013,REG,17,NO,TB,42.0,17.0,1,1556.14005905819,1429.124991161906,1561.333157181511,1423.931893038585,0.7403450938339453
2013,REG,17,OAK,DEN,14.0,34.0,0,1404.6714729594203,1596.0445043595246,1398.4067205295844,1602.3092567893605,0.3132376214917916
2013,REG,17,SD,KC,27.0,24.0,1,1506.443442205322,1502.0873006072677,1514.7514641786338,1493.779278633956,0.5845989013344166
2013,REG,17,SEA,STL,27.0,9.0,1,1592.2938380748703,1476.7990252017728,1597.745933162632,1471.3469301140112,0.7273952456119173
2013,REG,17,DAL,PHI,22.0,24.0,0,1504.0895651184928,1496.7540782509946,1492.3144122721428,1508.5292310973446,0.5887576423175008
2013,WC,18,IND,KC,45.0,44.0,1,1549.816637252229,1493.779278633956,1556.72526482362,1486.870651062565,0.6545686214304506
2013,WC,18,PHI,NO,24.0,26.0,0,1508.5292310973446,1561.333157181511,1498.466023850836,1571.3963644280195,0.5031603623254255
2013,WC,18,CIN,SD,10.0,27.0,0,1560.2877258061847,1514.7514641786338,1547.4722083345332,1527.5669816502852,0.6407758735825687
2013,WC,18,GB,SF,20.0,23.0,0,1549.0770494316764,1609.5158481644578,1539.2335778571169,1619.3593197390173,0.4921735787279812
2013,DIV,19,SEA,NO,23.0,15.0,1,1597.745933162632,1571.3963644280195,1605.4463743871263,1563.6959232035251,0.6149779387752857
2013,DIV,19,NE,IND,43.0,22.0,1,1611.8500361324918,1556.72526482362,1618.7824391608774,1549.7928617952343,0.653379848580717
2013,DIV,19,CAR,SF,10.0,23.0,0,1559.6040178723895,1619.3593197390173,1549.7408779163786,1629.2224596950282,0.4931569978005395
2013,DIV,19,DEN,SD,24.0,17.0,1,1602.3092567893605,1527.5669816502852,1608.7393892604716,1521.136849179174,0.6784933764444389
2013,CON,20,DEN,NE,26.0,16.0,1,1608.7393892604716,1618.7824391608774,1617.452597994955,1610.069230426394,0.5643395632758207
2013,CON,20,SEA,SF,23.0,17.0,1,1605.4463743871263,1629.2224596950282,1614.5500895467949,1620.1187445353596,0.5448142420165674
2013,SB,21,DEN,SEA,8.0,43.0,0,1617.452597994955,1614.5500895467949,1605.8012896861246,1626.2013978556254,0.5825654154415213
2014,REG,1,SEA,GB,36.0,16.0,1,1582.0309086061566,1525.501825607126,1588.92674135868,1518.6059928546026,0.655208362373836
2014,REG,1,ATL,NO,37.0,34.0,1,1483.263409087269,1541.4023500822914,1493.3537526135033,1531.3120065560572,0.49548282368828833
2014,REG,1,BAL,CIN,16.0,23.0,0,1532.1057691483697,1530.8569354174465,1520.5007956188606,1542.4619089469556,0.5802486764754606
2014,REG,1,CHI,BUF,20.0,23.0,0,1505.277203124686,1463.727553694462,1492.5676714158767,1476.437085403271,0.635476585440459
2014,REG,1,HOU,WAS,17.0,6.0,1,1449.7528152097473,1444.1929931886582,1458.0272041302833,1435.9186042681222,0.586280553973197
2014,REG,1,KC,TEN,10.0,26.0,0,1491.4659231906674,1479.0102880859338,1479.54842717798,1490.927784098621,0.5958748006343606
2014,REG,1,MIA,NE,33.0,20.0,1,1492.1211178722863,1571.5449997771561,1502.8229380095538,1560.8431796398886,0.4649089931366244
2014,REG,1,NYJ,OAK,19.0,14.0,1,1492.3749870992272,1433.9643683442298,1499.2219657959577,1427.1173896474993,0.6576510651634766
2014,REG,1,PHI,JAX,34.0,17.0,1,1499.0029155030434,1423.405598722612,1505.4115930867815,1416.9969211388739,0.6795661208130886
2014,REG,1,PIT,CLE,30.0,27.0,1,1513.4107831445494,1433.6001375979663,1519.7142953784462,1427.2966253640695,0.6848243883051633
2014,REG,1,STL,MIN,6.0,34.0,0,1481.3755045741073,1478.7759174012053,1469.7326785142802,1490.4187434610324,0.582141302991357
2014,REG,1,DAL,SF,17.0,28.0,0,1495.0043679768928,1578.0771839479837,1485.810614767152,1587.2709371577246,0.4596876604870388
2014,REG,1,TB,CAR,14.0,20.0,0,1450.5557304750803,1532.331570645646,1441.3248789652425,1541.5624221554838,0.461542575491883
2014,REG,1,DEN,IND,31.0,24.0,1,1568.770838295981,1532.3653601669023,1576.1990402279937,1524.9371582348897,0.6285899033993697
2014,REG,1,DET,NYG,35.0,14.0,1,1468.7174488083149,1504.5685383495656,1478.1668562531413,1495.1191309047392,0.5275296277586793
2014,REG,1,ARI,SD,18.0,17.0,1,1507.7057048879735,1513.7389519664632,1516.305586572607,1505.1390702818298,0.5700059157683338
2014,REG,2,BAL,PIT,26.0,6.0,1,1520.5007956188606,1519.7142953784462,1528.908789097608,1511.3063018996988,0.579600326062628
2014,REG,2,BUF,MIA,29.0,10.0,1,1476.437085403271,1502.8229380095538,1485.6153610793044,1493.6446623335205,0.5410862161983307
2014,REG,2,CAR,DET,24.0,7.0,1,1541.5624221554838,1478.1668562531413,1548.2807772052236,1471.4485012034015,0.6640822475130125
2014,REG,2,CIN,ATL,24.0,10.0,1,1542.4619089469556,1493.3537526135033,1549.5520102833161,1486.2636512771428,0.6454949331819746
2014,REG,2,CLE,NO,26.0,24.0,1,1427.2966253640695,1531.3120065560572,1438.6981158492054,1519.9105160709214,0.4299254757432141
2014,REG,2,MIN,NE,7.0,30.0,0,1490.4187434610324,1560.8431796398886,1480.862402986339,1570.399520114582,0.4778170237346656
2014,REG,2,NYG,ARI,14.0,25.0,0,1495.1191309047392,1516.305586572607,1484.1489600234074,1527.2757574539387,0.5485085440665864
2014,REG,2,TEN,DAL,10.0,26.0,0,1490.927784098621,1485.810614767152,1479.2145369190694,1497.5238619467036,0.5856623589775831
2014,REG,2,WAS,JAX,41.0,10.0,1,1435.9186042681222,1416.9969211388739,1443.8225012278353,1409.0930241791607,0.6048051520143465
2014,REG,2,SD,SEA,30.0,21.0,1,1505.1390702818298,1588.92674135868,1515.9657550910613,1578.1000565494485,0.4586657595384241
2014,REG,2,TB,STL,17.0,19.0,0,1441.3248789652425,1469.7326785142802,1430.560984995311,1480.4965724842118,0.5381946984965836
2014,REG,2,DEN,KC,24.0,17.0,1,1576.1990402279937,1479.54842717798,1582.0917693020365,1473.6556981039373,0.7053635462978644
2014,REG,2,GB,NYJ,31.0,24.0,1,1518.6059928546026,1499.2219657959577,1526.497170718777,1491.3307879317833,0.6054411067912818
2014,REG,2,OAK,HOU,14.0,30.0,0,1427.1173896474993,1458.0272041302833,1416.4251273982802,1468.7194663795024,0.5346131124609566
2014,REG,2,SF,CHI,20.0,28.0,0,1587.2709371577246,1492.5676714158767,1573.21036710241,1506.6282414711914,0.7030285027657274
2014,REG,2,IND,PHI,27.0,30.0,0,1524.9371582348897,1505.4115930867815,1512.8244438069103,1517.524307514761,0.6056357213989746
2014,REG,3,ATL,TB,56.0,14.0,1,1486.2636512771428,1430.560984995311,1493.1809940543287,1423.643642218125,0.6541328611407001
2014,REG,3,BUF,SD,10.0,22.0,0,1485.6153610793044,1515.9657550910613,1474.9070763767263,1526.6740397936394,0.5354142351289093
2014,REG,3,CIN,TEN,33.0,7.0,1,1549.5520102833161,1479.2145369190694,1556.0932632723432,1472.6732839300423,0.6729373505486462
2014,REG,3,CLE,BAL,21.0,23.0,0,1438.6981158492054,1528.908789097608,1429.70810509053,1537.8987998562834,0.44950053793377265
2014,REG,3,DET,GB,19.0,7.0,1,1471.4485012034015,1526.497170718777,1481.4499020246496,1516.4957698975288,0.49992995893759146
2014,REG,3,JAX,IND,17.0,44.0,0,1409.0930241791607,1512.8244438069103,1400.4865012108323,1521.4309667752386,0.43032614841642375
2014,REG,3,NE,OAK,16.0,9.0,1,1570.399520114582,1416.4251273982802,1575.018525252213,1411.806122260649,0.7690497431184391
2014,REG,3,NO,MIN,20.0,9.0,1,1519.9105160709214,1480.862402986339,1527.2678276879956,1473.5050913692648,0.6321344191462932
2014,REG,3,NYG,HOU,30.0,17.0,1,1484.1489600234074,1468.7194663795024,1492.1491537170493,1460.7192726858605,0.5999903153179064
2014,REG,3,PHI,WAS,37.0,34.0,1,1517.524307514761,1443.8225012278353,1523.9805985290834,1437.3662102135129,0.6771854492838726
2014,REG,3,STL,DAL,31.0,34.0,0,1480.4965724842118,1497.5238619467036,1469.4079611427946,1508.6124732881208,0.5544305670708559
2014,REG,3,ARI,SF,23.0,14.0,1,1527.2757574539387,1573.21036710241,1537.014893742018,1563.4712308143305,0.5130431855960266
2014,REG,3,MIA,KC,15.0,34.0,0,1493.6446623335205,1473.6556981039373,1481.5192091414458,1485.781151296012,0.6062726596037391
2014,REG,3,SEA,DEN,26.0,20.0,1,1578.1000565494485,1582.0917693020365,1586.6423780628595,1573.5494477886255,0.5728839243294536
2014,REG,3,CAR,PIT,19.0,37.0,0,1548.2807772052236,1511.3063018996988,1535.6936917367461,1523.8933873681763,0.629354273423872
2014,REG,3,NYJ,CHI,19.0,27.0,0,1491.3307879317833,1506.6282414711914,1480.193005000836,1517.7660244021388,0.5568891465473719
2014,REG,4,WAS,NYG,14.0,45.0,0,1437.3662102135129,1492.1491537170493,1427.359962826162,1502.1554011044002,0.500312369367545
2014,REG,4,BAL,CAR,38.0,10.0,1,1537.8987998562834,1535.6936917367461,1546.2670234415275,1527.325468151502,0.5815888207377997
2014,REG,4,CHI,GB,17.0,38.0,0,1517.7660244021388,1516.4957698975288,1506.1604502208327,1528.101344078835,0.580278709065303
2014,REG,4,HOU,BUF,23.0,17.0,1,1460.7192726858605,1474.9070763767263,1469.5499764807587,1466.076372581828,0.5584648102550863
2014,REG,4,IND,TEN,41.0,17.0,1,1521.4309667752386,1472.6732839300423,1528.5303041025813,1465.5739466026996,0.6450331336328636
2014,REG,4,NYJ,DET,17.0,24.0,0,1480.193005000836,1481.4499020246496,1468.658374617041,1492.9845324084445,0.5767315191897395
2014,REG,4,OAK,MIA,14.0,38.0,0,1411.806122260649,1481.5192091414458,1402.2293459798775,1491.0959854222174,0.47883881403857637
2014,REG,4,PIT,TB,24.0,27.0,0,1523.8933873681763,1423.643642218125,1509.7003685220884,1437.8366610642129,0.7096509423043953
2014,REG,4,SD,JAX,33.0,14.0,1,1526.6740397936394,1400.4865012108323,1531.8854735753737,1395.275067429098,0.7394283109132905
2014,REG,4,MIN,ATL,41.0,28.0,1,1473.5050913692648,1493.1809940543287,1482.491870929082,1484.1942144945115,0.5506610220091391
2014,REG,4,SF,PHI,26.0,21.0,1,1563.4712308143305,1523.9805985290834,1570.81669920545,1516.6351301379639,0.6327265804440226
2014,REG,4,DAL,NO,38.0,17.0,1,1508.6124732881208,1527.2678276879956,1517.570189395984,1518.3101115801323,0.5521141946068399
2014,REG,4,KC,NE,41.0,14.0,1,1485.781151296012,1575.018525252213,1496.7634047196443,1564.0362718285808,0.4508873288183822
2014,REG,5,GB,MIN,42.0,10.0,1,1528.101344078835,1482.491870929082,1535.2838865657434,1475.3093284421736,0.6408728756545753
2014,REG,5,CAR,CHI,31.0,24.0,1,1527.325468151502,1506.1604502208327,1535.1677179431804,1498.3182004291543,0.6078875104160855
2014,REG,5,DAL,HOU,20.0,17.0,1,1517.570189395984,1469.5499764807587,1524.6889788314065,1462.4311870453362,0.6440605282288798
2014,REG,5,DET,BUF,14.0,17.0,0,1492.9845324084445,1466.076372581828,1480.669751905494,1478.3911530847786,0.6157390251475267
2014,REG,5,IND,BAL,20.0,13.0,1,1528.5303041025813,1546.2670234415275,1537.4618742715797,1537.335453272529,0.553421491550078
2014,REG,5,JAX,PIT,9.0,17.0,0,1395.275067429098,1509.7003685220884,1386.9689789750762,1518.0064569761103,0.41530442270109347
2014,REG,5,NO,TB,37.0,31.0,1,1518.3101115801323,1437.8366610642129,1524.5971650735753,1431.54960757077,0.6856473253278553
2014,REG,5,NYG,ATL,30.0,20.0,1,1502.1554011044002,1484.1942144945115,1510.0857439958793,1476.2638716030324,0.6034828554260421
2014,REG,5,PHI,STL,34.0,28.0,1,1516.6351301379639,1469.4079611427946,1523.7748641084177,1462.2682271723409,0.6430133014773117
2014,REG,5,TEN,CLE,28.0,29.0,0,1465.5739466026996,1429.70810509053,1453.0166590012304,1442.265392691999,0.6278643800734621
2014,REG,5,DEN,ARI,41.0,20.0,1,1573.5494477886255,1537.014893742018,1580.97418067105,1529.5901608595937,0.6287633558787792
2014,REG,5,SD,NYJ,31.0,0.0,1,1531.8854735753737,1468.658374617041,1538.6081559977545,1461.9356921946603,0.6638658788809597
2014,REG,5,SF,KC,22.0,17.0,1,1570.81669920545,1496.7634047196443,1577.2641471847594,1490.315956740335,0.6776276010345342
2014,REG,5,NE,CIN,43.0,17.0,1,1564.0362718285808,1556.0932632723432,1572.2441893840328,1547.8853457168912,0.5896041222274031
2014,REG,5,WAS,SEA,17.0,27.0,0,1427.359962826162,1586.6423780628595,1420.2744516996192,1593.7278891894023,0.35427555632714136
2014,REG,6,HOU,IND,28.0,33.0,0,1462.4311870453362,1537.4618742715797,1453.0070786477218,1546.8859826691942,0.47120541988072545
2014,REG,6,BUF,NE,22.0,37.0,0,1478.3911530847786,1572.2441893840328,1469.5047950086466,1581.1305474601647,0.4443179038065965
2014,REG,6,CIN,CAR,37.0,37.0,0,1547.8853457168912,1535.1677179431804,1545.9605872583131,1537.0924764017584,0.5962379229289064
2014,REG,6,CLE,PIT,31.0,10.0,1,1442.265392691999,1518.0064569761103,1452.8616603516675,1507.4101893164418,0.4701866170165787
2014,REG,6,MIA,GB,24.0,27.0,0,1491.0959854222174,1535.2838865657434,1480.784888620993,1545.5949833669679,0.5155548400612265
2014,REG,6,MIN,DET,3.0,17.0,0,1475.3093284421736,1480.669751905494,1463.8902295029818,1492.0888508446858,0.5709549469595949
2014,REG,6,NYJ,DEN,17.0,31.0,0,1461.9356921946603,1580.97418067105,1453.7582751314021,1589.151597734308,0.40887085316291494
2014,REG,6,TB,BAL,17.0,48.0,0,1431.54960757077,1537.335453272529,1423.0010191305296,1545.8840417127694,0.4274294220120138
2014,REG,6,TEN,JAX,16.0,14.0,1,1453.0166590012304,1386.9689789750762,1459.667072139334,1380.3185658369725,0.6674793430948208
2014,REG,6,OAK,SD,28.0,31.0,0,1402.2293459798775,1538.6081559977545,1394.5297018664999,1546.307800111132,0.3849822056688812
2014,REG,6,ARI,WAS,30.0,20.0,1,1529.5901608595937,1420.2744516996192,1535.1844547477565,1414.6801578114564,0.720285305591854
2014,REG,6,ATL,CHI,13.0,27.0,0,1476.2638716030324,1498.3182004291543,1465.3184509517566,1509.26362108043,0.5472710325637875
2014,REG,6,SEA,DAL,23.0,30.0,0,1593.7278891894023,1524.6889788314065,1580.302089041229,1538.1147789795798,0.671290007408664
2014,REG,6,PHI,NYG,27.0,0.0,1,1523.7748641084177,1510.0857439958793,1531.8231943057035,1502.0374137985934,0.5975834901357079
2014,REG,6,STL,SF,17.0,31.0,0,1462.2682271723409,1577.2641471847594,1453.9780867477737,1585.5542876093266,0.41450702122835925
2014,REG,7,NE,NYJ,27.0,25.0,1,1581.1305474601647,1453.7582751314021,1586.3157439198692,1448.5730786716977,0.7407401770147811
2014,REG,7,BAL,ATL,29.0,7.0,1,1545.8840417127694,1465.3184509517566,1552.1688090272173,1459.0336836373087,0.6857616342776063
2014,REG,7,BUF,MIN,17.0,16.0,1,1469.5047950086466,1463.8902295029818,1477.7776552451005,1455.617369266528,0.5863569881773063
2014,REG,7,CHI,MIA,14.0,27.0,0,1509.26362108043,1480.784888620993,1496.9061030375324,1493.1424066638906,0.6178759021448895
2014,REG,7,DET,NO,24.0,23.0,1,1492.0888508446858,1524.5971650735753,1501.4423908961205,1515.2436250221406,0.5323229974282686
2014,REG,7,GB,CAR,38.0,17.0,1,1545.5949833669679,1537.0924764017584,1553.7873189525812,1528.900140816145,0.590383220719328
2014,REG,7,IND,CIN,27.0,0.0,1,1546.8859826691942,1545.9605872583131,1555.2900799934685,1537.5564899340388,0.5797951337862861
2014,REG,7,JAX,CLE,24.0,6.0,1,1380.3185658369725,1452.8616603516675,1390.823068007319,1442.357158181321,0.47477489148267377
2014,REG,7,STL,SEA,28.0,26.0,1,1453.9780867477737,1580.302089041229,1466.0025966672301,1568.2775791217725,0.39877450402718156
2014,REG,7,WAS,TEN,19.0,17.0,1,1414.6801578114564,1459.667072139334,1424.392037804466,1449.9551921463244,0.514406000349519
2014,REG,7,SD,KC,20.0,23.0,0,1546.307800111132,1490.315956740335,1533.2176125701258,1503.4061442813413,0.6545093770503122
2014,REG,7,DAL,NYG,31.0,21.0,1,1538.1147789795798,1502.0374137985934,1545.5518022713145,1494.6003905068587,0.6281488354132602
2014,REG,7,OAK,ARI,13.0,24.0,0,1394.5297018664999,1535.1844547477565,1386.9462818749216,1542.7678747393347,0.379170999578911
2014,REG,7,DEN,SF,42.0,17.0,1,1589.151597734308,1585.5542876093266,1597.4808431825957,1577.225042161039,0.5835377275856176
2014,REG,7,PIT,HOU,30.0,23.0,1,1507.4101893164418,1453.0070786477218,1514.3614207891985,1446.055847174965,0.6524384263621631
2014,REG,8,DEN,SD,35.0,21.0,1,1597.4808431825957,1533.2176125701258,1604.1769325619082,1526.5215231908132,0.6651955310343705
2014,REG,8,ATL,DET,21.0,22.0,0,1459.0336836373087,1501.4423908961205,1448.6714356766759,1511.8046388567534,0.5181123980316457
2014,REG,8,CAR,SEA,9.0,13.0,0,1528.900140816145,1568.2775791217725,1518.4507901491745,1578.726929788743,0.5224675333485221
2014,REG,8,CIN,BAL,27.0,24.0,1,1537.5564899340388,1552.1688090272173,1546.3992469220852,1543.326052039171,0.5578621505976831
2014,REG,8,JAX,MIA,13.0,27.0,0,1390.823068007319,1493.1424066638906,1382.1766689133735,1501.7888057578361,0.43231995469727685
2014,REG,8,KC,STL,34.0,7.0,1,1503.4061442813413,1466.0025966672301,1510.8075393717688,1458.6012015768026,0.6299302454786281
2014,REG,8,NE,CHI,51.0,23.0,1,1586.3157439198692,1496.9061030375324,1592.383196858635,1490.8386500987665,0.6966273530617066
2014,REG,8,NYJ,BUF,23.0,43.0,0,1448.5730786716977,1477.7776552451005,1437.8319879204391,1488.518745996359,0.5370545375629305
2014,REG,8,TB,MIN,13.0,19.0,0,1423.0010191305296,1455.617369266528,1412.3576557724532,1466.2607326246043,0.5321681679038204
2014,REG,8,TEN,HOU,16.0,30.0,0,1449.9551921463244,1446.055847174965,1438.2759882277794,1457.73505109351,0.5839601959272457
2014,REG,8,ARI,PHI,24.0,20.0,1,1542.7678747393347,1531.8231943057035,1550.892303203039,1523.6987658419991,0.5937785768147765
2014,REG,8,CLE,OAK,23.0,13.0,1,1442.357158181321,1386.9462818749216,1449.2821032352883,1380.0213368209543,0.6537527473016319
2014,REG,8,PIT,IND,51.0,34.0,1,1514.3614207891985,1555.2900799934685,1523.9566363427407,1545.6948644399263,0.5202392223228867
2014,REG,8,NO,GB,44.0,23.0,1,1515.2436250221406,1553.7873189525812,1524.7703283451126,1544.2606156296092,0.523664833851397
2014,REG,8,DAL,WAS,17.0,20.0,0,1545.5518022713145,1424.392037804466,1530.8755346117453,1439.0683054640353,0.7338133829784589
2014,REG,9,CAR,NO,10.0,28.0,0,1518.4507901491745,1524.7703283451126,1507.0587513512,1536.162367143087,0.5696019398987207
2014,REG,9,CIN,JAX,33.0,23.0,1,1546.3992469220852,1382.1766689133735,1550.8120264783322,1377.7638893571266,0.7793610221876537
2014,REG,9,CLE,TB,22.0,17.0,1,1449.2821032352883,1412.3576557724532,1456.6963613601026,1404.943397647639,0.6292870937592805
2014,REG,9,DAL,ARI,17.0,28.0,0,1530.8755346117453,1550.892303203039,1519.8720253228921,1561.8958124918922,0.5501754644426602
2014,REG,9,HOU,PHI,21.0,31.0,0,1457.73505109351,1523.6987658419991,1448.05050746804,1533.3833094674692,0.4842271812735002
2014,REG,9,KC,NYJ,24.0,10.0,1,1510.8075393717688,1437.8319879204391,1517.282122194367,1431.357405097841,0.6762708588700911
2014,REG,9,MIA,SD,37.0,0.0,1,1501.7888057578361,1526.5215231908132,1510.9198404877652,1517.3904884608842,0.5434482635035465
2014,REG,9,MIN,WAS,29.0,26.0,1,1466.2607326246043,1439.0683054640353,1473.9382101198482,1431.3908279687914,0.6161261252378073
2014,REG,9,SF,STL,10.0,13.0,0,1577.225042161039,1458.6012015768026,1562.60599753549,1473.2202462023517,0.7309522312774525
2014,REG,9,NE,DEN,43.0,21.0,1,1592.383196858635,1604.1769325619082,1601.1459917593954,1595.4141376611478,0.56186025496198
2014,REG,9,SEA,OAK,30.0,24.0,1,1578.726929788743,1380.0213368209543,1582.494909773056,1376.2533568366414,0.8116010007843569
2014,REG,9,PIT,BAL,43.0,23.0,1,1523.9566363427407,1543.326052039171,1532.9346858423987,1534.348002539513,0.5510975250170956
2014,REG,9,NYG,IND,24.0,40.0,0,1494.6003905068587,1545.6948644399263,1484.487985165066,1555.807269781719,0.5056202670896328
2014,REG,10,CIN,CLE,3.0,24.0,0,1550.8120264783322,1456.6963613601026,1536.7655900485247,1470.7427977899101,0.7023218214903709
2014,REG,10,BAL,TEN,21.0,7.0,1,1534.348002539513,1438.2759882277794,1540.2545851108043,1432.369405656488,0.704670871435426
2014,REG,10,BUF,KC,13.0,17.0,0,1488.518745996359,1517.282122194367,1477.7650274162932,1528.035840774433,0.5376859290032978
2014,REG,10,DET,MIA,20.0,16.0,1,1511.8046388567534,1510.9198404877652,1520.209874919053,1502.5146044254657,0.5797381968850223
2014,REG,10,JAX,DAL,17.0,31.0,0,1377.7638893571266,1519.8720253228921,1370.2198181723454,1527.4160965076733,0.37720355923906157
2014,REG,10,NO,SF,24.0,27.0,0,1536.162367143087,1562.60599753549,1525.3422945910966,1573.4260700874804,0.541003627599528
2014,REG,10,NYJ,PIT,20.0,13.0,1,1431.357405097841,1532.9346858423987,1442.6900331603435,1521.602057779896,0.4333685968748738
2014,REG,10,TB,ATL,17.0,27.0,0,1404.943397647639,1448.6714356766759,1394.6190782840813,1458.9957550402335,0.5162159681778801
2014,REG,10,OAK,DEN,17.0,41.0,0,1376.2533568366414,1595.4141376611478,1370.6554685875435,1601.0120259102457,0.2798944124548959
2014,REG,10,ARI,STL,31.0,14.0,1,1561.8958124918922,1473.2202462023517,1567.9811411357352,1467.1349175585087,0.6957335678078446
2014,REG,10,SEA,NYG,38.0,17.0,1,1582.494909773056,1484.487985165066,1588.3552387241473,1478.6276562139747,0.706983552445436
2014,REG,10,GB,CHI,55.0,14.0,1,1544.2606156296092,1490.8386500987665,1551.2374838631877,1483.8617818651878,0.6511565883210721
2014,REG,10,PHI,CAR,45.0,21.0,1,1533.3833094674692,1507.0587513512,1541.0844325005428,1499.3576283181264,0.6149438483463181
2014,REG,11,MIA,BUF,22.0,9.0,1,1502.5146044254657,1477.7650274162932,1510.2587078545841,1470.0209239871747,0.6127948285440764
2014,REG,11,CAR,ATL,17.0,19.0,0,1499.3576283181264,1458.9957550402335,1486.679802945498,1471.6735804128618,0.633891268631417
2014,REG,11,CHI,MIN,21.0,13.0,1,1483.8617818651878,1473.9382101198482,1492.01458188932,1465.785410095716,0.592359998793391
2014,REG,11,CLE,HOU,7.0,23.0,0,1470.7427977899101,1448.05050746804,1458.5431757887377,1460.2501294692124,0.6099811000586179
2014,REG,11,KC,SEA,24.0,20.0,1,1528.035840774433,1588.3552387241473,1538.1889333927506,1578.2021461058296,0.4923453690841197
2014,REG,11,NO,CIN,10.0,27.0,0,1525.3422945910966,1536.7655900485247,1514.094591955914,1548.0132926837073,0.5623851317591301
2014,REG,11,NYG,SF,10.0,16.0,0,1478.6276562139747,1573.4260700874804,1469.7681626249625,1582.2855636764925,0.44297467945060887
2014,REG,11,STL,DEN,22.0,7.0,1,1467.1349175585087,1601.0120259102457,1479.3669669538176,1588.7799765149368,0.3883975302345581
2014,REG,11,WAS,TB,7.0,27.0,0,1431.3908279687914,1394.6190782840813,1418.8091877027357,1407.200718550137,0.6290820133027875
2014,REG,11,SD,OAK,13.0,6.0,1,1517.3904884608842,1370.6554685875435,1522.1591836173386,1365.886773431089,0.7615652421772784
2014,REG,11,ARI,DET,14.0,6.0,1,1567.9811411357352,1520.209874919053,1575.1065023735034,1513.0845136812848,0.6437319381115876
2014,REG,11,GB,PHI,53.0,20.0,1,1551.2374838631877,1541.0844325005428,1559.3839050829804,1532.93801128075,0.5926789390103628
2014,REG,11,IND,NE,20.0,42.0,0,1555.807269781719,1601.1459917593954,1545.5292674988002,1611.4239940423142,0.5139001141459418
2014,REG,11,TEN,PIT,24.0,27.0,0,1432.369405656488,1521.602057779896,1423.3515244859118,1530.6199389504723,0.450894058528807
2014,REG,12,OAK,KC,24.0,20.0,1,1365.886773431089,1538.1889333927506,1379.1403078362907,1524.935398987549,0.337323279739919
2014,REG,12,ATL,CLE,24.0,26.0,0,1471.6735804128618,1458.5431757887377,1459.7373840451446,1470.479372156455,0.5968098183858607
2014,REG,12,CHI,TB,21.0,13.0,1,1492.01458188932,1407.200718550137,1498.1944335077233,1401.0208669317337,0.6910074190798352
2014,REG,12,HOU,CIN,13.0,22.0,0,1460.2501294692124,1548.0132926837073,1451.190343813461,1557.0730783394588,0.45298928278757056
2014,REG,12,IND,JAX,23.0,3.0,1,1545.5292674988002,1370.2198181723454,1549.7264732733875,1366.0226123977582,0.7901397112706365
2014,REG,12,MIN,GB,21.0,24.0,0,1465.785410095716,1559.3839050829804,1456.8918160031208,1568.2774991755757,0.4446797046297644
2014,REG,12,NE,DET,34.0,9.0,1,1611.4239940423142,1513.0845136812848,1617.2763947078292,1507.2321130157698,0.7073799667242496
2014,REG,12,PHI,TEN,43.0,24.0,1,1532.93801128075,1423.3515244859118,1538.5260264775204,1417.7635092891414,0.7205992401614825
2014,REG,12,SD,STL,27.0,24.0,1,1522.1591836173386,1479.3669669538176,1529.4165458041398,1472.1096047670164,0.637131890659939
2014,REG,12,SEA,ARI,19.0,3.0,1,1578.2021461058296,1575.1065023735034,1586.5454309941535,1566.7632174851794,0.5828357555837989
2014,REG,12,DEN,MIA,39.0,36.0,1,1588.7799765149368,1510.2587078545841,1595.1155729757754,1503.9231113937456,0.6832201769580738
2014,REG,12,SF,WAS,17.0,13.0,1,1582.2855636764925,1418.8091877027357,1586.713133766072,1414.3816176131563,0.7786214955210286
2014,REG,12,NYG,DAL,28.0,31.0,0,1469.7681626249625,1527.4160965076733,1459.844374812937,1537.3398843196987,0.49618939060127204
2014,REG,12,BUF,NYJ,38.0,3.0,1,1470.0209239871747,1442.6900331603435,1477.6946314986424,1435.0163256488759,0.6163146244266191
2014,REG,12,NO,BAL,27.0,34.0,0,1514.094591955914,1540.2545851108043,1503.266411115301,1551.0827659514173,0.5414090420306478
2014,REG,13,DET,CHI,34.0,17.0,1,1507.2321130157698,1498.1944335077233,1515.4095525895689,1490.0169939339241,0.5911280213100408
2014,REG,13,DAL,PHI,10.0,33.0,0,1537.3398843196987,1538.5260264775204,1525.8032654704812,1550.062645326738,0.5768309424608752
2014,REG,13,SF,SEA,3.0,19.0,0,1586.713133766072,1586.5454309941535,1575.1384911702592,1598.1200735899663,0.5787321297906395
2014,REG,13,BAL,SD,33.0,34.0,0,1551.0827659514173,1529.4165458041398,1538.9112659200666,1541.5880458354904,0.608575001567528
2014,REG,13,BUF,CLE,26.0,10.0,1,1477.6946314986424,1470.479372156455,1485.922830240549,1462.2511734145482,0.5885900629046655
2014,REG,13,HOU,TEN,45.0,21.0,1,1451.190343813461,1417.7635092891414,1458.6987824891373,1410.255070613465,0.6245780662161783
2014,REG,13,IND,WAS,49.0,27.0,1,1549.7264732733875,1414.3816176131563,1554.737353229389,1409.3707376571547,0.7494560021999213
2014,REG,13,JAX,NYG,25.0,24.0,1,1366.0226123977582,1459.844374812937,1377.1353653414324,1448.7316218692629,0.4443623528162872
2014,REG,13,MIN,CAR,31.0,13.0,1,1456.8918160031208,1486.679802945498,1466.167426991097,1477.4041919575218,0.5362194506011808
2014,REG,13,PIT,NO,32.0,35.0,0,1530.6199389504723,1503.266411115301,1518.2930301850815,1515.5933198806918,0.6163454382695415
2014,REG,13,STL,OAK,52.0,0.0,1,1472.1096047670164,1379.1403078362907,1478.090797748294,1373.159114855013,0.7009403509361191
2014,REG,13,TB,CIN,13.0,14.0,0,1401.0208669317337,1557.0730783394588,1393.8500517091045,1564.243893562088,0.3585407611314678
2014,REG,13,ATL,ARI,29.0,18.0,1,1459.7373840451446,1566.7632174851794,1471.223715246167,1555.276886284157,0.42568343994887625
2014,REG,13,GB,NE,26.0,21.0,1,1568.2774991755757,1617.2763947078292,1578.1047906794975,1607.4491032039077,0.5086354248039185
2014,REG,13,KC,DEN,16.0,29.0,0,1524.935398987549,1595.1155729757754,1515.3720417024253,1604.678930260899,0.4781678642561867
2014,REG,13,NYJ,MIA,13.0,16.0,0,1435.0163256488759,1503.9231113937456,1425.4163814903511,1513.5230555522703,0.4799972079262376
2014,REG,14,CHI,DAL,28.0,41.0,0,1490.0169939339241,1525.8032654704812,1479.4645414413787,1536.3557179630266,0.5276226246272703
2014,REG,14,CIN,PIT,21.0,42.0,0,1564.243893562088,1518.2930301850815,1551.4173925494333,1531.1195311977363,0.641325050632735
2014,REG,14,CLE,IND,24.0,25.0,0,1462.2511734145482,1554.737353229389,1453.3259451270749,1563.6625815168625,0.4462614143736691
2014,REG,14,DET,TB,34.0,17.0,1,1515.4095525895689,1393.8500517091045,1520.7243003565895,1388.5353039420838,0.7342626116489699
2014,REG,14,JAX,HOU,13.0,27.0,0,1377.1353653414324,1458.6987824891373,1367.8984356903788,1467.9357121401908,0.461846482552677
2014,REG,14,MIA,BAL,13.0,28.0,0,1513.5230555522703,1538.9112659200666,1502.6728174716056,1549.7615040007313,0.5425119040332282
2014,REG,14,MIN,NYJ,30.0,24.0,1,1466.167426991097,1425.4163814903511,1473.4792066792247,1418.1046018022234,0.634411015593611
2014,REG,14,NO,CAR,10.0,41.0,0,1515.5933198806918,1477.4041919575218,1502.9736434205897,1490.0238684176238,0.6309838230051018
2014,REG,14,TEN,NYG,7.0,36.0,0,1410.255070613465,1448.7316218692629,1399.779845761612,1459.2068467211159,0.5237612425926474
2014,REG,14,WAS,STL,0.0,24.0,0,1409.3707376571547,1478.090797748294,1399.7654275888772,1487.6961078165716,0.4802655034138798
2014,REG,14,ARI,KC,17.0,14.0,1,1555.276886284157,1515.3720417024253,1562.6112762857347,1508.0376517008476,0.6332804999211126
2014,REG,14,DEN,BUF,24.0,17.0,1,1604.678930260899,1485.922830240549,1610.056891617589,1480.5448688838592,0.7311019321655116
2014,REG,14,OAK,SF,24.0,13.0,1,1373.159114855013,1575.1384911702592,1387.1540040677542,1561.143601957518,0.3002555393629466
2014,REG,14,PHI,SEA,14.0,24.0,0,1550.062645326738,1598.1200735899663,1539.8628486411792,1608.319870275525,0.5099898342779383
2014,REG,14,SD,NE,14.0,23.0,0,1541.5880458354904,1607.4491032039077,1531.9005504059994,1617.1365986333988,0.484374771474555
2014,REG,14,GB,ATL,43.0,37.0,1,1578.1047906794975,1471.223715246167,1583.7557313038794,1465.5727746217851,0.7174529687809027
2014,REG,15,STL,ARI,6.0,12.0,0,1487.6961078165716,1562.6112762857347,1478.2686854855835,1572.0386986167227,0.471371116549403
2014,REG,15,ATL,PIT,20.0,27.0,0,1465.5727746217851,1531.1195311977363,1455.8762414698085,1540.8160643497129,0.48482665759883176
2014,REG,15,BAL,JAX,20.0,12.0,1,1549.7615040007313,1367.8984356903788,1553.834966315168,1363.8249733759421,0.7963268842781656
2014,REG,15,BUF,GB,21.0,13.0,1,1480.5448688838592,1583.7557313038794,1491.9236509511868,1572.3769492365518,0.43106089663362335
2014,REG,15,CAR,TB,19.0,17.0,1,1490.0238684176238,1388.5353039420838,1495.8015063212845,1382.7576660384232,0.7111181048169672
2014,REG,15,CLE,CIN,0.0,30.0,0,1453.3259451270749,1551.4173925494333,1444.5598959822814,1560.1834416942268,0.43830245723967404
2014,REG,15,IND,HOU,17.0,10.0,1,1563.6625815168625,1467.9357121401908,1569.5774369600042,1462.020856697049,0.7042572278429103
2014,REG,15,KC,OAK,31.0,13.0,1,1508.0376517008476,1387.1540040677542,1513.3675957596956,1381.8240600089061,0.7335027970576006
2014,REG,15,NE,MIA,41.0,13.0,1,1617.1365986333988,1502.6728174716056,1622.6122630300792,1497.1971530749252,0.7262167801659717
2014,REG,15,NYG,WAS,24.0,13.0,1,1459.2068467211159,1399.7654275888772,1466.0271311864642,1392.9451431235289,0.658985776732583
2014,REG,15,SD,DEN,10.0,22.0,0,1531.9005504059994,1610.056891617589,1522.5660583494155,1619.3913836741729,0.46672460282919365
2014,REG,15,TEN,NYJ,11.0,16.0,0,1399.779845761612,1418.1046018022234,1388.7281507909445,1429.156296772891,0.552584748533382
2014,REG,15,DET,MIN,16.0,14.0,1,1520.7243003565895,1473.4792066792247,1527.863560627747,1466.3399464080674,0.6430369864421351
2014,REG,15,SEA,SF,17.0,7.0,1,1608.319870275525,1561.143601957518,1615.4609494849506,1554.0025227480926,0.6429460395287283
2014,REG,15,PHI,DAL,27.0,38.0,0,1539.8628486411792,1536.3557179630266,1528.1946173185888,1548.023949285617,0.5834115661295174
2014,REG,15,CHI,NO,15.0,31.0,0,1479.4645414413787,1502.9736434205897,1468.5606344604125,1513.877550401556,0.5451953490483065
2014,REG,16,JAX,TEN,21.0,13.0,1,1363.8249733759421,1388.7281507909445,1372.9608774987548,1379.5922466681318,0.5432047938593676
2014,REG,16,WAS,PHI,27.0,24.0,1,1392.9451431235289,1528.1946173185888,1405.2146912261874,1515.9250692159303,0.3865225948670769
2014,REG,16,SF,SD,35.0,38.0,0,1554.0025227480926,1522.5660583494155,1541.5647687590592,1535.0038123384488,0.6218876994516639
2014,REG,16,CAR,CLE,17.0,13.0,1,1495.8015063212845,1444.5598959822814,1502.8355024093457,1437.5258998942202,0.6483001955969376
2014,REG,16,CHI,DET,14.0,20.0,0,1468.5606344604125,1527.863560627747,1458.684476299319,1537.7397187888405,0.49380790805468355
2014,REG,16,HOU,BAL,25.0,13.0,1,1462.020856697049,1553.834966315168,1473.0765041683824,1542.7793188438347,0.4472176264333415
2014,REG,16,MIA,MIN,37.0,35.0,1,1497.1971530749252,1466.3399464080674,1504.7750870450263,1458.7620124379662,0.6211033014949432
2014,REG,16,NO,ATL,14.0,30.0,0,1513.877550401556,1455.8762414698085,1500.7351427179026,1469.0186491534619,0.6571203841826644
2014,REG,16,NYJ,NE,16.0,17.0,0,1429.156296772891,1622.6122630300792,1422.9430156452302,1628.82554415774,0.3106640563830459
2014,REG,16,PIT,KC,20.0,12.0,1,1540.8160643497129,1513.3675957596956,1548.4865710916743,1505.6970890177342,0.6164746629019338
2014,REG,16,TB,GB,3.0,20.0,0,1382.7576660384232,1572.3769492365518,1376.4493975794978,1578.6852176954771,0.3154134229462633
2014,REG,16,STL,NYG,27.0,37.0,0,1478.2686854855835,1466.0271311864642,1466.357125360041,1477.9386913120068,0.5955780062771254
2014,REG,16,DAL,IND,42.0,7.0,1,1548.023949285617,1569.5774369600042,1557.0642440713598,1560.5371421742614,0.5479852607128571
2014,REG,16,OAK,BUF,26.0,24.0,1,1381.8240600089061,1491.9236509511868,1393.3967907381825,1480.3509202219104,0.42136346353618637
2014,REG,16,ARI,SEA,6.0,35.0,0,1572.0386986167227,1615.4609494849506,1561.7055875018482,1625.7940605998251,0.5166555557437315
2014,REG,16,CIN,DEN,37.0,28.0,1,1560.1834416942268,1619.3913836741729,1570.3045500785597,1609.27027528984,0.4939445807833568
2014,REG,17,BAL,CLE,20.0,10.0,1,1542.7793188438347,1437.5258998942202,1548.468323535894,1431.836895202161,0.7155497653970427
2014,REG,17,HOU,JAX,23.0,17.0,1,1473.0765041683824,1372.9608774987548,1478.8866673928223,1367.1507142743149,0.7094918387780027
2014,REG,17,KC,SD,19.0,7.0,1,1505.6970890177342,1535.0038123384488,1514.9589222027755,1525.7419791534076,0.5369083407479419
2014,REG,17,MIA,NYJ,24.0,37.0,0,1504.7750870450263,1422.9430156452302,1491.0284762367019,1436.6896264535546,0.6873305404162275
2014,REG,17,MIN,CHI,13.0,9.0,1,1458.7620124379662,1458.684476299319,1467.1899008017724,1450.2565879355127,0.5786055818096923
2014,REG,17,NE,BUF,9.0,17.0,0,1628.82554415774,1480.3509202219104,1613.557967180512,1495.6184971991386,0.7633788488614044
2014,REG,17,NYG,PHI,26.0,34.0,0,1477.9386913120068,1515.9250692159303,1467.4493909520882,1526.414369575849,0.5244650179959305
2014,REG,17,TB,NO,20.0,23.0,0,1376.4493975794978,1500.7351427179026,1368.4175799869581,1508.7669603104423,0.4015908796269909
2014,REG,17,TEN,IND,10.0,27.0,0,1379.5922466681318,1560.5371421742614,1373.0663758955684,1567.0630129468248,0.3262935386281727
2014,REG,17,WAS,DAL,17.0,44.0,0,1405.2146912261874,1557.0642440713598,1397.9322192596153,1564.3467160379319,0.3641235983286005
2014,REG,17,ATL,CAR,3.0,34.0,0,1469.0186491534619,1502.8355024093457,1458.409703545327,1513.4444480174807,0.5304472804067476
2014,REG,17,DEN,OAK,47.0,14.0,1,1609.27027528984,1393.3967907381825,1612.7452947788,1389.9217712492225,0.8262490255519949
2014,REG,17,GB,DET,30.0,20.0,1,1578.6852176954771,1537.7397187888405,1585.9918058020357,1530.433130682282,0.6346705946720688
2014,REG,17,SEA,STL,20.0,6.0,1,1625.7940605998251,1466.357125360041,1630.302311809395,1461.8488741504711,0.7745874395215092
2014,REG,17,SF,ARI,20.0,17.0,1,1541.5647687590592,1561.7055875018482,1550.5647940915326,1552.7055621693748,0.549998733376333
2014,REG,17,PIT,CIN,27.0,17.0,1,1548.4865710916743,1570.3045500785597,1557.5344089836665,1561.2567121865675,0.5476081054003874
2014,WC,18,CAR,ARI,27.0,16.0,1,1513.4444480174807,1552.7055621693748,1522.9917560829304,1543.1582541039252,0.5226345967275159
2014,WC,18,PIT,BAL,17.0,30.0,0,1557.5344089836665,1548.468323535894,1545.711058138638,1560.2916743809224,0.5911675422514292
2014,WC,18,IND,CIN,26.0,10.0,1,1567.0630129468248,1561.2567121865675,1575.3305197298585,1552.9892054035338,0.586624660848314
2014,WC,18,DAL,DET,24.0,20.0,1,1564.3467160379319,1530.433130682282,1571.8420192044275,1522.9378275157862,0.625234841675213
2014,DIV,19,NE,BAL,35.0,31.0,1,1613.557967180512,1560.2916743809224,1620.5389070881463,1553.310734473288,0.650953004618279
2014,DIV,19,SEA,CAR,31.0,17.0,1,1630.302311809395,1522.9917560829304,1635.9432344694335,1517.3508334228918,0.717953866998068
2014,DIV,19,GB,DAL,26.0,21.0,1,1585.9918058020357,1571.8420192044275,1594.0273852981632,1563.8064397083,0.5982210251936262
2014,DIV,19,DEN,IND,13.0,24.0,0,1612.7452947788,1575.3305197298585,1600.1463885418152,1587.9294259668432,0.6299453118492396
2014,CON,20,SEA,GB,28.0,22.0,1,1635.9432344694335,1594.0273852981632,1643.2239392829583,1586.7466804846383,0.6359647593237626
2014,CON,20,NE,IND,45.0,7.0,1,1620.5389070881463,1587.9294259668432,1628.0694235627152,1580.398909492274,0.6234741762715487
2014,SB,21,SEA,NE,24.0,28.0,0,1643.2239392829583,1628.0694235627152,1631.2317321599035,1640.06163068577,0.5996103561527387
2015,REG,1,NE,PIT,28.0,21.0,1,1591.0400599457505,1529.7121877901147,1597.811622220066,1522.9406255157992,0.6614218862842275
2015,REG,1,BUF,IND,27.0,14.0,1,1497.15202317944,1552.259291169978,1507.1551106002914,1542.2562037491266,0.49984562895742474
2015,REG,1,CHI,GB,23.0,31.0,0,1467.6667821580832,1556.385342315015,1458.6342448353219,1565.4178796377762,0.4516268661380631
2015,REG,1,HOU,KC,20.0,27.0,0,1486.2763338053346,1509.723299431804,1475.3706530373797,1520.6289801997589,0.5452840383977494
2015,REG,1,JAX,CAR,9.0,20.0,0,1413.6479642783047,1511.2780417248796,1404.8688358978393,1520.057170105345,0.43895641902327326
2015,REG,1,NYJ,CLE,31.0,10.0,1,1458.8482571948105,1455.6939818814046,1467.189900894816,1447.352338181399,0.5829178149997277
2015,REG,1,STL,SEA,34.0,31.0,1,1475.2017681978064,1585.3006259039373,1486.7744783448522,1573.7279157568914,0.4213644926477009
2015,REG,1,WAS,MIA,10.0,17.0,0,1433.65594251875,1494.1685095538562,1423.8145936393057,1504.0098584333005,0.49206744397220953
2015,REG,1,ARI,NO,31.0,19.0,1,1528.0528651675513,1505.6985242017874,1535.8625014853947,1497.888887883944,0.6095181841078366
2015,REG,1,SD,DET,33.0,28.0,1,1516.7322864497148,1514.909587885261,1525.1112255139794,1506.5306488209965,0.5810530467867678
2015,REG,1,DEN,BAL,19.0,13.0,1,1565.0951525521798,1534.651977407637,1572.6843074540925,1527.0628225057244,0.6205422549043623
2015,REG,1,OAK,CIN,13.0,33.0,0,1428.4491513119947,1534.442983512297,1419.906422586749,1542.9857122375427,0.42713643626228237
2015,REG,1,TB,TEN,14.0,42.0,0,1414.4714269915228,1417.4931443321195,1402.9864342038832,1428.9781371197591,0.5742496393819776
2015,REG,1,DAL,NYG,27.0,26.0,1,1541.474185810395,1478.8421041188574,1548.2121633077634,1472.104126621489,0.6631011251315886
2015,REG,1,ATL,PHI,26.0,24.0,1,1472.9663073044626,1517.1693402243018,1482.6556456098506,1507.4800019189138,0.5155330847306009
2015,REG,1,SF,MIN,20.0,3.0,1,1532.8671161594962,1478.673435521152,1539.8238162265206,1471.7167354541275,0.6521649966487789
2015,REG,2,KC,DEN,24.0,31.0,0,1520.6289801997589,1572.6843074540925,1510.5442277344982,1582.7690599193531,0.5042376232630262
2015,REG,2,BUF,NE,32.0,40.0,0,1507.1551106002914,1597.811622220066,1498.1777995494604,1606.7889332708971,0.44886555254155663
2015,REG,2,CAR,HOU,24.0,17.0,1,1520.057170105345,1475.3706530373797,1527.2641869315125,1468.1636362112122,0.639649158691628
2015,REG,2,CHI,ARI,23.0,48.0,0,1458.6342448353219,1535.8625014853947,1449.2731540020288,1545.2235923186877,0.468054541664646
2015,REG,2,CIN,SD,24.0,19.0,1,1542.9857122375427,1525.1112255139794,1550.9184437846886,1517.1784939668335,0.603363422642705
2015,REG,2,CLE,TEN,28.0,14.0,1,1447.352338181399,1428.9781371197591,1455.2713055647062,1421.059169736452,0.6040516308346434
2015,REG,2,MIN,DET,26.0,16.0,1,1471.7167354541275,1506.5306488209965,1481.1363860463334,1497.1109982287905,0.5290174703896998
2015,REG,2,NO,TB,19.0,26.0,0,1497.888887883944,1402.9864342038832,1483.8235311387325,1417.0517909490948,0.7032678372605821
2015,REG,2,NYG,ATL,20.0,24.0,0,1472.104126621489,1482.6556456098506,1460.8317306438048,1493.9280415875348,0.5636197988842083
2015,REG,2,PIT,SF,43.0,18.0,1,1522.9406255157992,1539.8238162265206,1531.847916015095,1530.9165257272248,0.5546354750352034
2015,REG,2,WAS,STL,24.0,10.0,1,1423.8145936393057,1486.7744783448522,1434.0436574615583,1476.5454145225997,0.48854680888737323
2015,REG,2,JAX,MIA,23.0,20.0,1,1404.8688358978393,1504.0098584333005,1416.1325248015794,1492.7461695295603,0.43681555481298995
2015,REG,2,OAK,BAL,37.0,33.0,1,1419.906422586749,1527.0628225057244,1431.39642856657,1515.5728165259034,0.4254997010089448
2015,REG,2,PHI,DAL,10.0,20.0,0,1507.4800019189138,1548.2121633077634,1497.0695712073891,1558.622594019288,0.520521535576235
2015,REG,2,GB,SEA,27.0,17.0,1,1565.4178796377762,1573.7279157568914,1574.0820660290478,1565.0637293656198,0.5667906804364197
2015,REG,2,IND,NYJ,7.0,20.0,0,1542.2562037491266,1467.189900894816,1528.678201198933,1480.7679034450096,0.6789001275096798
2015,REG,3,NYG,WAS,32.0,21.0,1,1460.8317306438048,1434.0436574615583,1468.5202215743286,1426.3551665310345,0.6155754534738076
2015,REG,3,BAL,CIN,24.0,28.0,0,1515.5728165259034,1550.9184437846886,1505.0077208724447,1561.4835394381473,0.528254782672934
2015,REG,3,CAR,NO,27.0,22.0,1,1527.2641869315125,1483.8235311387325,1534.50429827617,1476.583419794075,0.6379944327671264
2015,REG,3,CLE,OAK,20.0,27.0,0,1455.2713055647062,1431.39642856657,1443.0393171933597,1443.6284169379164,0.6115994185673221
2015,REG,3,DAL,ATL,28.0,39.0,0,1558.622594019288,1493.9280415875348,1545.3076286372125,1507.2430069696104,0.6657482691037805
2015,REG,3,HOU,TB,19.0,9.0,1,1468.1636362112122,1417.0517909490948,1475.2010390463647,1410.0143881139422,0.6481298582423759
2015,REG,3,MIN,SD,31.0,14.0,1,1481.1363860463334,1517.1784939668335,1490.591274940288,1507.7236050728789,0.527255555302272
2015,REG,3,NE,JAX,51.0,17.0,1,1606.7889332708971,1416.1325248015794,1610.7006593164715,1412.220798756005,0.8044136977212852
2015,REG,3,NYJ,PHI,17.0,24.0,0,1480.7679034450096,1497.0695712073891,1469.658659256933,1508.1788153954656,0.5554622094038193
2015,REG,3,STL,PIT,6.0,12.0,0,1476.5454145225997,1531.847916015095,1466.55412121324,1541.8392093244547,0.49956466546798634
2015,REG,3,TEN,IND,33.0,35.0,0,1421.059169736452,1528.678201198933,1412.5621931099347,1537.1751778254504,0.424848831325865
2015,REG,3,ARI,SF,47.0,7.0,1,1545.2235923186877,1530.9165257272248,1553.2548200100125,1522.8852980359,0.5984386154337592
2015,REG,3,MIA,BUF,14.0,41.0,0,1492.7461695295603,1498.1777995494604,1481.3290788647207,1509.5948902143,0.570854533241982
2015,REG,3,SEA,CHI,26.0,0.0,1,1565.0637293656198,1449.2731540020288,1570.5090750643426,1443.827808303306,0.727732715063861
2015,REG,3,DET,DEN,12.0,24.0,0,1497.1109982287905,1582.7690599193531,1487.9911250004177,1591.888933147726,0.4559936614186457
2015,REG,3,GB,KC,38.0,28.0,1,1574.0820660290478,1510.5442277344982,1580.7967676321175,1503.8295261314286,0.6642649198465175
2015,REG,4,PIT,BAL,20.0,23.0,0,1541.8392093244547,1505.0077208724447,1529.2559643067532,1517.5909658901462,0.629162250885082
2015,REG,4,MIA,NYJ,14.0,27.0,0,1481.3290788647207,1469.658659256933,1469.4333616052486,1481.5543765164052,0.5947858629736033
2015,REG,4,ATL,HOU,48.0,21.0,1,1507.2430069696104,1475.2010390463647,1514.7888678377185,1467.6551781782566,0.6227069565945944
2015,REG,4,BUF,NYG,10.0,24.0,0,1509.5948902143,1468.5202215743286,1496.898030569352,1481.2170812192767,0.6348429822474044
2015,REG,4,CHI,OAK,22.0,20.0,1,1443.827808303306,1443.6284169379164,1452.252276264028,1435.2039489771944,0.5787766019639029
2015,REG,4,CIN,KC,36.0,21.0,1,1561.4835394381473,1503.8295261314286,1568.3501434790032,1496.9629220905726,0.6566697979572012
2015,REG,4,IND,JAX,16.0,13.0,1,1537.1751778254504,1412.220798756005,1542.4140125299134,1406.981964051542,0.7380582647768527
2015,REG,4,TB,CAR,23.0,37.0,0,1410.0143881139422,1534.50429827617,1401.9882185749514,1542.5304678151608,0.40130847694954824
2015,REG,4,WAS,PHI,23.0,20.0,1,1426.3551665310345,1508.1788153954656,1437.125682910998,1497.408299015502,0.46147418100182447
2015,REG,4,SD,CLE,30.0,27.0,1,1507.7236050728789,1443.0393171933597,1514.4089026653203,1436.3540196009183,0.6657351203779275
2015,REG,4,ARI,STL,22.0,24.0,0,1553.2548200100125,1466.55412121324,1539.388386000706,1480.4205552225465,0.693321700465326
2015,REG,4,DEN,MIN,23.0,20.0,1,1591.888933147726,1490.591274940288,1597.671087204616,1484.809120883398,0.7108922971554938
2015,REG,4,SF,GB,3.0,17.0,0,1522.8852980359,1580.7967676321175,1512.9690949055725,1590.712970762445,0.49581015651637234
2015,REG,4,NO,DAL,26.0,20.0,1,1476.583419794075,1545.3076286372125,1486.9782289504044,1534.9128194808832,0.48025954218353045
2015,REG,4,SEA,DET,13.0,10.0,1,1570.5090750643426,1487.9911250004177,1576.7455067323929,1481.7546933323674,0.6881784165974851
2015,REG,5,HOU,IND,20.0,27.0,0,1467.6551781782566,1542.4140125299134,1458.2232708263236,1551.8459198818464,0.47159536759664555
2015,REG,5,ATL,WAS,25.0,19.0,1,1514.7888678377185,1437.125682910998,1521.1458648959863,1430.7686858527302,0.6821501470866136
2015,REG,5,BAL,CLE,30.0,33.0,0,1517.5909658901462,1436.3540196009183,1503.8590891762872,1450.0858963147773,0.6865938356929511
2015,REG,5,CIN,SEA,27.0,24.0,1,1568.3501434790032,1576.7455067323929,1577.0167420384528,1568.0789081729433,0.5666700720275181
2015,REG,5,GB,STL,24.0,10.0,1,1590.712970762445,1480.4205552225465,1596.2846374483158,1474.8488885366755,0.7214166657064487
2015,REG,5,KC,CHI,17.0,18.0,0,1496.9629220905726,1452.252276264028,1484.1692986224632,1465.0458997321375,0.6396811734054697
2015,REG,5,PHI,NO,39.0,17.0,1,1497.408299015502,1486.9782289504044,1505.5470220763625,1478.839505889544,0.5930638469569819
2015,REG,5,TB,JAX,38.0,31.0,1,1401.9882185749514,1406.981964051542,1410.5587798850079,1398.4114027414855,0.5714719344971708
2015,REG,5,TEN,BUF,13.0,14.0,0,1412.5621931099347,1496.898030569352,1403.4045455347589,1506.0556781445277,0.45788237875879023
2015,REG,5,DET,ARI,17.0,42.0,0,1481.7546933323674,1539.388386000706,1471.830495648923,1549.3125836841505,0.49620988417221573
2015,REG,5,DAL,NE,6.0,30.0,0,1534.9128194808832,1610.7006593164715,1525.5104286517687,1620.103050145586,0.4701195414557177
2015,REG,5,OAK,DEN,10.0,16.0,0,1435.2039489771944,1597.671087204616,1428.202089586588,1604.6729465952224,0.3500929695303215
2015,REG,5,NYG,SF,30.0,27.0,1,1481.2170812192767,1512.9690949055725,1490.5489472465977,1503.6372288782516,0.5334066986339546
2015,REG,5,SD,PIT,20.0,24.0,0,1514.4089026653203,1529.2559643067532,1503.2583261243174,1540.406540847756,0.5575288270501422
2015,REG,6,NO,ATL,31.0,21.0,1,1478.839505889544,1521.1458648959863,1488.4743160064972,1511.511054779033,0.5182594941523297
2015,REG,6,BUF,CIN,21.0,34.0,0,1506.0556781445277,1577.0167420384528,1496.5147515868161,1586.5576685961644,0.47704632788558154
2015,REG,6,CLE,DEN,23.0,26.0,0,1450.0858963147773,1604.6729465952224,1442.8762397199177,1611.882603190082,0.36048282974298096
2015,REG,6,DET,CHI,37.0,34.0,1,1471.830495648923,1465.0458997321375,1480.0707033828337,1456.8056919982268,0.587989613304468
2015,REG,6,JAX,HOU,20.0,31.0,0,1398.4114027414855,1458.2232708263236,1388.5498905835132,1468.084782984296,0.49307560789861804
2015,REG,6,MIN,KC,16.0,10.0,1,1484.809120883398,1484.1692986224632,1493.22122937094,1475.7571901349213,0.5793945756229015
2015,REG,6,NYJ,WAS,34.0,20.0,1,1481.5543765164052,1430.7686858527302,1488.6003452775212,1423.7227170916142,0.647701561944202
2015,REG,6,PIT,ARI,25.0,13.0,1,1540.406540847756,1549.3125836841505,1549.0875794327815,1540.631545099125,0.5659480707487351
2015,REG,6,TEN,MIA,10.0,38.0,0,1403.4045455347589,1469.4333616052486,1393.7218738002357,1479.1160333397718,0.48413358672615503
2015,REG,6,SEA,CAR,23.0,27.0,0,1568.0789081729433,1542.5304678151608,1555.8011999553648,1554.8081760327393,0.6138854108789193
2015,REG,6,GB,SD,27.0,20.0,1,1596.2846374483158,1503.2583261243174,1602.264454549976,1497.278509022657,0.7010091449169863
2015,REG,6,SF,BAL,25.0,20.0,1,1503.6372288782516,1503.8590891762872,1512.0735227207176,1495.422795333821,0.5781853078766974
2015,REG,6,IND,NE,27.0,34.0,0,1551.8459198818464,1620.103050145586,1542.2273056867366,1629.7216643406957,0.4809307097554942
2015,REG,6,PHI,NYG,27.0,7.0,1,1505.5470220763625,1490.5489472465977,1513.559139363314,1482.5368299596462,0.5993941356524265
2015,REG,7,SF,SEA,3.0,20.0,0,1512.0735227207176,1555.8011999553648,1501.7491929835858,1566.1255296924967,0.5162164868565907
2015,REG,7,JAX,BUF,34.0,31.0,1,1388.5498905835132,1496.5147515868161,1400.0626414091494,1485.00200076118,0.42436245871819267
2015,REG,7,DET,MIN,19.0,28.0,0,1480.0707033828337,1493.22122937094,1468.871970486252,1504.4199622675217,0.5599366448290855
2015,REG,7,IND,NO,21.0,27.0,0,1542.2273056867366,1488.4743160064972,1529.1955195369162,1501.5061021563176,0.6515893074910153
2015,REG,7,KC,PIT,23.0,13.0,1,1475.7571901349213,1549.0875794327815,1486.2842921731335,1538.5604773945693,0.47364489808938526
2015,REG,7,MIA,HOU,44.0,26.0,1,1479.1160333397718,1468.084782984296,1487.238057884854,1459.9627584392138,0.5938987727458825
2015,REG,7,NE,NYJ,30.0,23.0,1,1629.7216643406957,1488.6003452775212,1634.608707244736,1483.713302373481,0.7556478547979868
2015,REG,7,STL,CLE,24.0,6.0,1,1474.8488885366755,1442.8762397199177,1482.3966244961057,1435.3285037604876,0.6226132020284944
2015,REG,7,TEN,ATL,7.0,10.0,0,1393.7218738002357,1511.511054779033,1385.5096705836681,1519.7232579956005,0.41061016082838014
2015,REG,7,WAS,TB,31.0,30.0,1,1423.7227170916142,1410.5587798850079,1431.7855917778636,1402.4959051987585,0.5968562656875284
2015,REG,7,SD,OAK,29.0,37.0,0,1497.278509022657,1428.202089586588,1483.8517560144574,1441.6288425947878,0.6713376504099917
2015,REG,7,NYG,DAL,27.0,20.0,1,1482.5368299596462,1525.5104286517687,1492.1908204880408,1515.8564381233741,0.5173004735802746
2015,REG,7,CAR,PHI,27.0,16.0,1,1554.8081760327393,1513.559139363314,1562.1066633164198,1506.2606520796335,0.6350756358159704
2015,REG,7,ARI,BAL,26.0,18.0,1,1540.631545099125,1495.422795333821,1547.824709222579,1488.2296312103672,0.6403417938273053
2015,REG,8,NE,MIA,36.0,7.0,1,1634.608707244736,1487.238057884854,1639.3641269137374,1482.4826382158526,0.7622290165499287
2015,REG,8,KC,DET,45.0,10.0,1,1486.2842921731335,1468.871970486252,1494.2297609126674,1460.926501746718,0.6027265630233063
2015,REG,8,ATL,TB,20.0,23.0,0,1519.7232579956005,1402.4959051987585,1505.1358905080924,1417.0832726862666,0.7293683743754098
2015,REG,8,BAL,SD,29.0,26.0,1,1488.2296312103672,1483.8517560144574,1496.537045554867,1475.5443416699575,0.5846292827750019
2015,REG,8,CHI,MIN,20.0,23.0,0,1456.8056919982268,1504.4199622675217,1446.5931456237927,1514.6325086419558,0.5106273187217034
2015,REG,8,CLE,ARI,20.0,34.0,0,1435.3285037604876,1547.824709222579,1426.9684344208845,1556.1847785621821,0.41800346698016133
2015,REG,8,HOU,TEN,20.0,6.0,1,1459.9627584392138,1385.5096705836681,1466.4001558060572,1379.0722732168247,0.6781301316578268
2015,REG,8,NO,NYG,52.0,49.0,1,1501.5061021563176,1492.1908204880408,1509.6758182310575,1484.021104413301,0.5915141962630075
2015,REG,8,PIT,CIN,10.0,16.0,0,1538.5604773945693,1586.5576685961644,1528.3589476451248,1596.7591983456089,0.5100764874722288
2015,REG,8,STL,SF,27.0,6.0,1,1482.3966244961057,1501.7491929835858,1491.3741941607193,1492.7716233189722,0.5511215167693249
2015,REG,8,OAK,NYJ,34.0,20.0,1,1441.6288425947878,1483.713302373481,1451.2572746058297,1474.084870362439,0.5185783994479024
2015,REG,8,DAL,SEA,12.0,13.0,0,1515.8564381233741,1566.1255296924967,1505.7202800480693,1576.2616877678015,0.5068079037652363
2015,REG,8,DEN,GB,29.0,10.0,1,1611.882603190082,1602.264454549976,1620.0438954201086,1594.1031623199494,0.5919353884986641
2015,REG,8,CAR,IND,29.0,26.0,1,1562.1066633164198,1529.1955195369162,1569.6290284836891,1521.673154369647,0.623881741636537
2015,REG,9,CIN,CLE,31.0,10.0,1,1596.7591983456089,1426.9684344208845,1601.062730287735,1422.6649024787584,0.7848234028936975
2015,REG,9,BUF,MIA,33.0,17.0,1,1485.00200076118,1482.4826382158526,1493.3614215184966,1474.123217458536,0.582028962134171
2015,REG,9,CAR,GB,37.0,29.0,1,1569.6290284836891,1594.1031623199494,1578.7526772578503,1584.9795135457882,0.543817561291939
2015,REG,9,MIN,STL,21.0,18.0,1,1514.6325086419558,1491.3741941607193,1522.4173889601427,1483.5893138425324,0.610755984090653
2015,REG,9,NE,WAS,27.0,10.0,1,1639.3641269137374,1431.7855917778636,1642.9783891656714,1428.1713295259297,0.8192868874033074
2015,REG,9,NO,TEN,28.0,34.0,0,1509.6758182310575,1379.0722732168247,1494.7898921019205,1393.9581993459617,0.7442963064568533
2015,REG,9,NYJ,JAX,28.0,23.0,1,1474.084870362439,1400.0626414091494,1480.5330996586663,1393.614412112922,0.677588535188632
2015,REG,9,PIT,OAK,38.0,35.0,1,1528.3589476451248,1451.2572746058297,1534.7299696764444,1444.88625257451,0.6814488984340177
2015,REG,9,SF,ATL,17.0,16.0,1,1492.7716233189722,1505.1358905080924,1501.5505913514853,1496.3569224755793,0.5610515983743458
2015,REG,9,TB,NYG,18.0,32.0,0,1417.0832726862666,1484.021104413301,1407.4267359500236,1493.677641149544,0.4828268368121506
2015,REG,9,IND,DEN,27.0,24.0,1,1521.673154369647,1620.0438954201086,1532.9150207544922,1608.8020290352633,0.43790668075773564
2015,REG,9,DAL,PHI,27.0,33.0,0,1505.7202800480693,1506.2606520796335,1494.1655185131765,1517.8154136145263,0.5777380767446362
2015,REG,9,SD,CHI,19.0,22.0,0,1475.5443416699575,1446.5931456237927,1463.1739849509086,1458.9635023428416,0.6185178359524449
2015,REG,10,NYJ,BUF,17.0,22.0,0,1480.5330996586663,1493.3614215184966,1469.3252272610048,1504.5692939161581,0.5603936198830708
2015,REG,10,BAL,JAX,20.0,22.0,0,1496.537045554867,1393.614412112922,1482.2808256306387,1407.8706320371505,0.7128109962114233
2015,REG,10,GB,DET,16.0,18.0,0,1584.9795135457882,1460.926501746718,1570.2384354142898,1475.6675798782164,0.7370539065749196
2015,REG,10,PHI,MIA,19.0,20.0,0,1517.8154136145263,1474.123217458536,1505.0488378460589,1486.8897932270033,0.638328788423367
2015,REG,10,PIT,CLE,30.0,9.0,1,1534.7299696764444,1422.6649024787584,1540.2607134524128,1417.13415870279,0.723462811201583
2015,REG,10,STL,CHI,13.0,37.0,0,1483.5893138425324,1458.9635023428416,1471.336798515177,1471.216017670197,0.6126257663677781
2015,REG,10,TB,DAL,10.0,6.0,1,1407.4267359500236,1494.1655185131765,1418.3377188702702,1483.2545355929299,0.4544508539876724
2015,REG,10,TEN,CAR,10.0,27.0,0,1393.9581993459617,1578.7526772578503,1387.5293778410798,1585.1814987627322,0.32144107524409465
2015,REG,10,WAS,NO,47.0,14.0,1,1428.1713295259297,1494.7898921019205,1438.505614038072,1484.455607589778,0.4832857743928844
2015,REG,10,OAK,MIN,14.0,30.0,0,1444.88625257451,1522.4173889601427,1435.5338432494423,1531.7697982852105,0.4676204662533867
2015,REG,10,DEN,KC,13.0,29.0,0,1608.8020290352633,1494.2297609126674,1594.2752104418978,1508.756579506033,0.7263409296682749
2015,REG,10,NYG,NE,26.0,27.0,0,1493.677641149544,1642.9783891656714,1486.3270918282542,1650.328938486961,0.36752746606448466
2015,REG,10,SEA,ARI,32.0,39.0,0,1576.2616877678015,1556.1847785621821,1564.1338177968807,1568.312648533103,0.6063934985460417
2015,REG,10,CIN,HOU,6.0,10.0,0,1601.062730287735,1466.4001558060572,1586.0883742552999,1481.3745118384923,0.7487178016217558
2015,REG,11,JAX,TEN,19.0,13.0,1,1407.8706320371505,1387.5293778410798,1415.7354992812327,1379.6645105969976,0.6067566377958842
2015,REG,11,ATL,IND,21.0,24.0,0,1496.3569224755793,1532.9150207544922,1485.8266198234837,1543.4453234065877,0.5265151326047816
2015,REG,11,BAL,STL,16.0,13.0,1,1482.2808256306387,1471.336798515177,1490.4052722368765,1463.2123519089391,0.5937776696881081
2015,REG,11,CAR,WAS,44.0,16.0,1,1585.1814987627322,1438.505614038072,1589.9514302842729,1433.7356825165314,0.7615034239229708
2015,REG,11,CHI,DEN,15.0,17.0,0,1471.216017670197,1594.2752104418978,1463.150241155905,1602.34098695619,0.4032888257146045
2015,REG,11,DET,OAK,18.0,13.0,1,1475.6675798782164,1435.5338432494423,1482.9958510243644,1428.2055721032943,0.633586442692608
2015,REG,11,HOU,NYJ,24.0,17.0,1,1481.3745118384923,1469.3252272610048,1489.4682840293135,1461.2314550701835,0.5953113904589399
2015,REG,11,MIA,DAL,14.0,24.0,0,1486.8897932270033,1483.2545355929299,1475.2179769659353,1494.9263518539979,0.583590813053395
2015,REG,11,PHI,TB,17.0,45.0,0,1505.0488378460589,1418.3377188702702,1491.1821487583566,1432.2044079579725,0.6933344543851139
2015,REG,11,SD,KC,3.0,33.0,0,1463.1739849509086,1508.756579506033,1452.9029965959016,1519.0275678610399,0.5135494177503439
2015,REG,11,MIN,GB,13.0,30.0,0,1531.7697982852105,1570.2384354142898,1521.294346161157,1580.7138875383434,0.5237726062026817
2015,REG,11,SEA,SF,29.0,13.0,1,1564.1338177968807,1501.5505913514853,1570.873051891608,1494.8113572567581,0.6630382952636453
2015,REG,11,ARI,CIN,34.0,31.0,1,1568.312648533103,1586.0883742552999,1577.2453285933411,1577.1556941950616,0.5533659969880882
2015,REG,11,NE,BUF,20.0,13.0,1,1650.328938486961,1504.5692939161581,1655.1180543734613,1499.780178029658,0.7605442056749909
2015,REG,12,DET,PHI,45.0,14.0,1,1482.9958510243644,1491.1821487583566,1491.6565396561004,1482.5214601266205,0.5669655684131935
2015,REG,12,DAL,CAR,14.0,33.0,0,1494.9263518539979,1589.9514302842729,1486.0732968550303,1598.8044852832404,0.4426527499483747
2015,REG,12,GB,CHI,13.0,17.0,0,1580.7138875383434,1463.150241155905,1566.11888104537,1477.7452476488784,0.7297503246486663
2015,REG,12,ATL,MIN,10.0,20.0,0,1485.8266198234837,1521.294346161157,1475.2650273111328,1531.8559386735078,0.5280796256175493
2015,REG,12,CIN,STL,31.0,7.0,1,1577.1556941950616,1463.2123519089391,1582.6432798647575,1457.7247662392433,0.7256207165152091
2015,REG,12,HOU,NO,24.0,6.0,1,1489.4682840293135,1484.455607589778,1497.7579562692897,1476.1659353498019,0.5855163880011877
2015,REG,12,IND,TB,25.0,12.0,1,1543.4453234065877,1432.2044079579725,1548.9950701961868,1426.6546611683734,0.7225126605200485
2015,REG,12,JAX,SD,25.0,31.0,0,1415.7354992812327,1452.9029965959016,1405.2226888265168,1463.4158070506176,0.5256405227357931
2015,REG,12,KC,BUF,30.0,22.0,1,1519.0275678610399,1499.780178029658,1526.9225038783404,1491.8852420123574,0.6052531991349684
2015,REG,12,NYJ,MIA,38.0,20.0,1,1461.2314550701835,1475.2179769659353,1470.0564451068842,1466.3929869292347,0.5587504981649708
2015,REG,12,TEN,OAK,21.0,24.0,0,1379.6645105969976,1428.2055721032943,1369.4786288164316,1438.3914538838603,0.509294089028296
2015,REG,12,WAS,NYG,20.0,14.0,1,1433.7356825165314,1486.3270918282542,1443.6663588144029,1476.3964155303827,0.5034661851064248
2015,REG,12,SF,ARI,13.0,19.0,0,1494.8113572567581,1577.2453285933411,1485.5993334568811,1586.4573523932181,0.46060118999384614
2015,REG,12,SEA,PIT,39.0,30.0,1,1570.873051891608,1540.2607134524128,1578.457621410701,1532.6761439333197,0.6207715240453471
2015,REG,12,DEN,NE,30.0,24.0,1,1602.34098695619,1655.1180543734613,1612.2770066863702,1645.182034643281,0.5031990134909822
2015,REG,12,CLE,BAL,27.0,33.0,0,1417.13415870279,1490.4052722368765,1407.659559372245,1499.8798715674216,0.47372996652725285
2015,REG,13,DET,GB,23.0,27.0,0,1491.6565396561004,1566.11888104537,1482.2161256813115,1575.559295020159,0.4720206987394447
2015,REG,13,BUF,HOU,30.0,21.0,1,1491.8852420123574,1497.7579562692897,1500.4805940615493,1489.1626042200978,0.5702323975404092
2015,REG,13,CHI,SF,20.0,26.0,0,1477.7452476488784,1485.5993334568811,1466.3965471737733,1496.9480339319862,0.5674350237552569
2015,REG,13,CLE,CIN,3.0,37.0,0,1407.659559372245,1582.6432798647575,1400.9819310290864,1589.320908207916,0.3338814171579304
2015,REG,13,MIA,BAL,15.0,13.0,1,1466.3929869292347,1499.8798715674216,1475.7745798281212,1490.498278668535,0.5309203550556711
2015,REG,13,MIN,SEA,7.0,38.0,0,1531.8559386735078,1578.457621410701,1521.6142627404033,1588.6992973438055,0.5120837966552261
2015,REG,13,NYG,NYJ,20.0,23.0,0,1476.3964155303827,1470.0564451068842,1464.6490270842019,1481.803833553065,0.5873694223090415
2015,REG,13,STL,ARI,3.0,27.0,0,1457.7247662392433,1586.4573523932181,1449.8156651686984,1594.366453463763,0.3954550535272432
2015,REG,13,TB,ATL,23.0,19.0,1,1426.6546611683734,1475.2650273111328,1436.4707734537337,1465.4489150257725,0.5091943857319837
2015,REG,13,TEN,JAX,42.0,39.0,1,1369.4786288164316,1405.2226888265168,1378.9249650946858,1395.7763525482626,0.5276831860872889
2015,REG,13,OAK,KC,20.0,34.0,0,1438.3914538838603,1526.9225038783404,1429.3535698209707,1535.96038794123,0.451894203144475
2015,REG,13,SD,DEN,3.0,17.0,0,1463.4158070506176,1612.2770066863702,1456.053490635655,1619.6393231013328,0.3681158207481342
2015,REG,13,NE,PHI,28.0,35.0,0,1645.182034643281,1482.5214601266205,1629.6258153605181,1498.0776794093833,0.7778109641381379
2015,REG,13,NO,CAR,38.0,41.0,0,1476.1659353498019,1598.8044852832404,1468.088501989657,1606.8819186433852,0.40387166800724367
2015,REG,13,PIT,IND,45.0,10.0,1,1532.6761439333197,1548.9950701961868,1541.5673903755244,1540.1038237539822,0.5554376778897672
2015,REG,13,WAS,DAL,16.0,19.0,0,1443.6663588144029,1486.0732968550303,1433.3040599984085,1496.4355956710247,0.5181149407997162
2015,REG,14,ARI,MIN,23.0,20.0,1,1594.366453463763,1521.6142627404033,1600.846667387912,1515.1340488162543,0.6759893037925552
2015,REG,14,BAL,SEA,6.0,35.0,0,1490.498278668535,1588.6992973438055,1481.7353350974074,1597.462240914933,0.43814717855638596
2015,REG,14,CAR,ATL,38.0,0.0,1,1606.8819186433852,1465.4489150257725,1611.7623388134618,1460.568494855696,0.7559789914961749
2015,REG,14,CHI,WAS,21.0,24.0,0,1466.3965471737733,1433.3040599984085,1453.9140138994865,1445.7865932726954,0.6241266637143462
2015,REG,14,CIN,PIT,20.0,33.0,0,1589.320908207916,1541.5673903755244,1576.4467380786568,1554.4415605047836,0.643708506462967
2015,REG,14,CLE,SF,24.0,10.0,1,1400.9819310290864,1496.9480339319862,1412.1555962290217,1485.7743687320508,0.4413167400032252
2015,REG,14,JAX,IND,51.0,16.0,1,1395.7763525482626,1540.1038237539822,1408.2922113011905,1527.5879650010543,0.37420706235360596
2015,REG,14,KC,SD,10.0,3.0,1,1535.96038794123,1456.053490635655,1542.2615086127776,1449.7523699641074,0.6849439664226189
2015,REG,14,NYJ,TEN,30.0,8.0,1,1481.803833553065,1378.9249650946858,1487.548645149526,1373.1801534982249,0.7127594201769507
2015,REG,14,PHI,BUF,23.0,20.0,1,1498.0776794093833,1500.4805940615493,1506.5752734320179,1491.9830000389147,0.575120298868279
2015,REG,14,STL,DET,21.0,14.0,1,1449.8156651686984,1482.2161256813115,1459.1661139758844,1472.8656768741255,0.5324775596406943
2015,REG,14,TB,NO,17.0,24.0,0,1436.4707734537337,1468.088501989657,1425.798791796932,1478.7604836464589,0.5335990828400906
2015,REG,14,DEN,OAK,12.0,15.0,0,1619.6393231013328,1429.3535698209707,1603.5577673894506,1445.435125532853,0.8040777855941078
2015,REG,14,GB,DAL,28.0,7.0,1,1575.559295020159,1496.4355956710247,1581.8798899810486,1490.115000710135,0.6839702519555193
2015,REG,14,HOU,NE,6.0,27.0,0,1489.1626042200978,1629.6258153605181,1481.5739924751706,1637.2144271054453,0.37943058724635903
2015,REG,14,MIA,NYG,24.0,31.0,0,1475.7745798281212,1464.6490270842019,1463.8939859914374,1476.5296209208857,0.5940296918341944
2015,REG,15,STL,TB,31.0,23.0,1,1459.1661139758844,1425.798791796932,1466.6761592881792,1418.2887464846372,0.624497734385257
2015,REG,15,DAL,NYJ,16.0,19.0,0,1490.115000710135,1487.548645149526,1478.473105333322,1499.190540526339,0.5820947688406515
2015,REG,15,BAL,KC,14.0,34.0,0,1481.7353350974074,1542.2615086127776,1471.8943777451295,1552.1024659650554,0.4920478676138908
2015,REG,15,IND,HOU,10.0,16.0,0,1527.5879650010543,1481.5739924751706,1514.7597927632426,1494.4021647129823,0.6414086118905814
2015,REG,15,JAX,ATL,17.0,23.0,0,1408.2922113011905,1460.568494855696,1398.2138180460745,1470.646888110812,0.5039196627558022
2015,REG,15,MIN,CHI,38.0,17.0,1,1515.1340488162543,1453.9140138994865,1521.9083916706136,1447.1396710451272,0.6612828572820363
2015,REG,15,NE,TEN,33.0,16.0,1,1637.2144271054453,1373.1801534982249,1639.9637211346724,1370.4308594689978,0.8625352985386471
2015,REG,15,NYG,CAR,35.0,38.0,0,1476.5296209208857,1611.7623388134618,1468.7987115751616,1619.493248159186,0.38654546728620676
2015,REG,15,WAS,BUF,35.0,25.0,1,1445.7865932726954,1491.9830000389147,1455.5332597064798,1482.2363336051303,0.5126666783107767
2015,REG,15,OAK,GB,20.0,30.0,0,1445.435125532853,1581.8798899810486,1437.7372792097826,1589.5777363041188,0.38489231615350833
2015,REG,15,SEA,CLE,30.0,13.0,1,1597.462240914933,1412.1555962290217,1601.4717794030762,1408.1460577408786,0.7995230755928394
2015,REG,15,PIT,DEN,34.0,27.0,1,1554.4415605047836,1603.5577673894506,1564.2722275132548,1593.7271003809794,0.5084666495764382
2015,REG,15,SD,MIA,30.0,14.0,1,1449.7523699641074,1463.8939859914374,1458.5817625676789,1455.064593387866,0.5585303698214209
2015,REG,15,SF,CIN,14.0,24.0,0,1485.7743687320508,1576.4467380786568,1476.7975093274938,1585.4235974832138,0.44884297022785113
2015,REG,15,PHI,ARI,17.0,40.0,0,1506.5752734320179,1600.846667387912,1497.7008057209555,1609.7211350989744,0.44372338555311763
2015,REG,15,NO,DET,27.0,35.0,0,1478.7604836464589,1472.8656768741255,1467.025519592072,1484.6006409285123,0.5867482027193486
2015,REG,16,OAK,SD,23.0,20.0,1,1437.7372792097826,1458.5817625676789,1446.7573591513813,1449.5616826260803,0.5489960029200647
2015,REG,16,PHI,WAS,24.0,38.0,0,1497.7008057209555,1455.5332597064798,1484.9748031327583,1468.259262294677,0.6363001294098553
2015,REG,16,ATL,CAR,20.0,13.0,1,1470.646888110812,1619.493248159186,1483.2841742898897,1606.855961980108,0.3681356910461142
2015,REG,16,BAL,PIT,20.0,17.0,1,1471.8943777451295,1564.2722275132548,1482.9660673820508,1553.2005378763336,0.4464155181539306
2015,REG,16,BUF,DAL,16.0,6.0,1,1482.2363336051303,1478.473105333322,1490.5609372205108,1470.1485017179416,0.583769819230971
2015,REG,16,DET,SF,32.0,17.0,1,1484.6006409285123,1476.7975093274938,1492.8124554504952,1468.585694805511,0.5894092739008568
2015,REG,16,KC,CLE,17.0,13.0,1,1552.1024659650554,1408.1460577408786,1556.929492428695,1403.319031277239,0.758648676818019
2015,REG,16,MIA,IND,12.0,18.0,0,1455.064593387866,1514.7597927632426,1445.1997238630422,1524.6246622880662,0.4932434762411821
2015,REG,16,NYJ,NE,26.0,20.0,1,1499.190540526339,1639.9637211346724,1511.610329835434,1627.5439318255774,0.379010534545246
2015,REG,16,TB,CHI,21.0,26.0,0,1418.2887464846372,1447.1396710451272,1407.537533481508,1457.8908840482563,0.5375606501564573
2015,REG,16,TEN,HOU,6.0,34.0,0,1370.4308594689978,1494.4021647129823,1362.3903406068055,1502.4426835751747,0.40202594310961315
2015,REG,16,NO,JAX,38.0,27.0,1,1467.025519592072,1398.2138180460745,1473.6054928379244,1391.633844800222,0.6710013377073766
2015,REG,16,ARI,GB,38.0,8.0,1,1609.7211350989744,1589.5777363041188,1617.5914381284522,1581.707433274641,0.6064848485261091
2015,REG,16,SEA,STL,17.0,23.0,0,1601.4717794030762,1466.6761592881792,1586.494542103944,1481.6533965873114,0.7488618649566061
2015,REG,16,MIN,NYG,49.0,17.0,1,1521.9083916706136,1468.7987115751616,1528.8934289493368,1461.8136742964384,0.6507481360638407
2015,REG,16,DEN,CIN,20.0,17.0,1,1593.7271003809794,1585.4235974832138,1601.924977172798,1577.2257206913953,0.5901061604090689
2015,REG,17,ATL,NO,17.0,20.0,0,1483.2841742898897,1473.6054928379244,1471.4437832030994,1485.4458839247147,0.5920195543395121
2015,REG,17,BUF,NYJ,22.0,17.0,1,1490.5609372205108,1511.610329835434,1499.5868586286676,1502.5844084272771,0.5487039295921549
2015,REG,17,CHI,DET,20.0,24.0,0,1457.8908840482563,1492.8124554504952,1447.3136229068293,1503.3897165919223,0.5288630570713484
2015,REG,17,CIN,BAL,24.0,16.0,1,1577.2257206913953,1482.9660673820508,1583.1758191048618,1477.0159689685843,0.7024950793266774
2015,REG,17,CLE,PIT,12.0,28.0,0,1403.319031277239,1553.2005378763336,1395.9840172723411,1560.5355518812314,0.3667507002448894
2015,REG,17,DAL,WAS,23.0,34.0,0,1470.1485017179416,1468.259262294677,1458.525575968616,1479.8821880440025,0.5811462874662776
2015,REG,17,HOU,JAX,30.0,6.0,1,1502.4426835751747,1391.633844800222,1508.0024090965082,1386.0741192788885,0.722013723933325
2015,REG,17,IND,TEN,30.0,24.0,1,1524.6246622880662,1362.3903406068055,1529.0769298369332,1357.9380730579385,0.7773866225566497
2015,REG,17,MIA,NE,20.0,10.0,1,1445.1997238630422,1627.5439318255774,1458.7092177910538,1614.0344378975658,0.3245253035994198
2015,REG,17,NYG,PHI,30.0,35.0,0,1461.8136742964384,1484.9748031327583,1450.8998345770628,1495.888642852134,0.5456919859687808
2015,REG,17,ARI,SEA,6.0,36.0,0,1617.5914381284522,1586.494542103944,1605.1628790825594,1598.9231011498368,0.6214279522946449
2015,REG,17,CAR,TB,38.0,10.0,1,1606.855961980108,1407.537533481508,1610.613165576733,1403.780329884883,0.8121398201687517
2015,REG,17,DEN,SD,27.0,20.0,1,1601.924977172798,1449.5616826260803,1606.5770088046716,1444.9096509942067,0.7673984184063258
2015,REG,17,KC,OAK,23.0,17.0,1,1556.929492428695,1446.7573591513813,1562.503942639743,1441.1829089403334,0.7212774894476105
2015,REG,17,SF,STL,19.0,16.0,1,1468.585694805511,1481.6533965873114,1477.3846123591347,1472.8544790336875,0.5600541223188059
2015,REG,17,GB,MIN,13.0,20.0,0,1581.707433274641,1528.8934289493368,1568.700209189661,1541.9006530343167,0.6503612042489993
2015,WC,18,HOU,KC,0.0,30.0,0,1508.0024090965082,1562.503942639743,1497.9880620884433,1572.518289647808,0.5007173504032503
2015,WC,18,CIN,PIT,16.0,18.0,0,1583.1758191048618,1560.5355518812314,1570.9776220491392,1572.733748936954,0.6099098527861299
2015,WC,18,MIN,SEA,9.0,10.0,0,1541.9006530343167,1598.9231011498368,1531.9588631128643,1608.8648910712893,0.49708949607262454
2015,WC,18,WAS,GB,18.0,35.0,0,1479.8821880440025,1568.700209189661,1470.8524865654203,1577.7299106682433,0.45148507392911374
2015,DIV,19,NE,KC,27.0,20.0,1,1614.0344378975658,1572.518289647808,1621.3257996631942,1565.2269278821796,0.6354319117185796
2015,DIV,19,ARI,GB,26.0,20.0,1,1605.1628790825594,1577.7299106682433,1612.8338077503565,1570.0589820004461,0.6164535666101393
2015,DIV,19,CAR,SEA,31.0,24.0,1,1610.613165576733,1608.8648910712893,1618.994190519167,1600.4838661288554,0.5809487528782998
2015,DIV,19,DEN,PIT,23.0,16.0,1,1606.5770088046716,1572.733748936954,1614.0742092136431,1565.2365485279824,0.6251399795514223
2015,CON,20,DEN,NE,20.0,18.0,1,1614.0742092136431,1621.3257996631942,1622.7084869616815,1612.6915219151558,0.5682861125980836
2015,CON,20,CAR,ARI,49.0,15.0,1,1618.994190519167,1612.8338077503565,1627.2518136464735,1604.57618462305,0.5871188436346765
2015,SB,21,DEN,CAR,24.0,10.0,1,1622.7084869616815,1627.2518136464735,1631.2663514315054,1618.6939491766495,0.5721067765088026
2016,REG,1,DEN,CAR,21.0,20.0,1,1585.3231284304786,1577.1510669648221,1593.5246657955706,1568.94952959973,0.5899231317453997
2016,REG,1,ATL,TB,24.0,31.0,0,1481.4384590820146,1437.457214425174,1468.6642023670722,1450.2314711401164,0.6387128357471206
2016,REG,1,BAL,BUF,13.0,7.0,1,1485.0603798295797,1499.731458108634,1493.9048054265038,1490.8870325117098,0.5577787201537948
2016,REG,1,HOU,CHI,23.0,14.0,1,1498.6922403574881,1465.753854889439,1506.213869592277,1458.2322256546502,0.6239185382605589
2016,REG,1,JAX,GB,23.0,27.0,0,1425.9481775312775,1545.53833830029,1417.7861069686387,1553.7004088629287,0.4081035281319422
2016,REG,1,KC,SD,33.0,27.0,1,1542.3975031234168,1464.1912731462344,1548.7409521572192,1457.847824112432,0.6828275483098761
2016,REG,1,NO,OAK,34.0,35.0,0,1490.5398245510646,1461.7688908112168,1478.1743652870434,1474.134350075238,0.6182729632010598
2016,REG,1,NYJ,CIN,22.0,23.0,0,1501.6798654777301,1546.1354543319405,1491.3764660744587,1556.438853735212,0.5151699701635757
2016,REG,1,PHI,CLE,29.0,10.0,1,1497.327617853887,1432.3896112270218,1504.0064167644348,1425.710812316474,0.666060054472611
2016,REG,1,TEN,MIN,16.0,25.0,0,1407.65974748766,1520.7732610233618,1399.3169628124003,1529.1160456986215,0.4171392337629814
2016,REG,1,SEA,MIA,12.0,10.0,1,1565.314512983756,1473.160991564185,1571.3154122354606,1467.1600923124804,0.6999550374147748
2016,REG,1,DAL,NYG,19.0,20.0,0,1473.0416243796005,1468.0848924750908,1461.332859773473,1479.7936570812183,0.585438230306371
2016,REG,1,IND,DET,35.0,39.0,0,1518.9000043940066,1502.2033157847495,1506.8652095894813,1514.2381105892748,0.6017397402262693
2016,REG,1,ARI,NE,21.0,23.0,0,1567.9745200049824,1573.2494892448512,1556.5530111115463,1584.6709981382874,0.5710754446718007
2016,REG,1,WAS,PIT,16.0,38.0,0,1481.054116267523,1542.4037565431886,1471.2368532611663,1552.2210195495454,0.4908631503178425
2016,REG,1,SF,LA,28.0,0.0,1,1485.2999980334375,1500.0,1494.1452450122254,1491.1547530212122,0.5577376510606045
2016,REG,2,BUF,NYJ,31.0,37.0,0,1490.8870325117098,1491.3764660744587,1479.3308403228966,1502.9326582632718,0.5778096094406617
2016,REG,2,ARI,TB,40.0,7.0,1,1556.5530111115463,1450.2314711401164,1562.2170195036745,1444.5674627479882,0.7167995803935943
2016,REG,2,CAR,SF,46.0,27.0,1,1568.94952959973,1494.1452450122254,1575.3781048456387,1487.7166697663167,0.6785712377045668
2016,REG,2,CLE,BAL,20.0,25.0,0,1425.710812316474,1493.9048054265038,1416.090383518705,1503.5252342242727,0.4810214398884478
2016,REG,2,DET,TEN,15.0,16.0,0,1514.2381105892748,1399.3169628124003,1499.7033117883764,1413.8517616132988,0.7267399400449166
2016,REG,2,HOU,KC,19.0,12.0,1,1506.213869592277,1548.7409521572192,1515.8550243177613,1539.099797431735,0.5179422637257847
2016,REG,2,NE,MIA,31.0,24.0,1,1584.6709981382874,1467.1600923124804,1590.0771892132802,1461.7539012374875,0.7296904462503568
2016,REG,2,NYG,NO,16.0,13.0,1,1479.7936570812183,1478.1743652870434,1488.1782973561026,1469.7897250121591,0.5807679862557833
2016,REG,2,PIT,CIN,24.0,16.0,1,1552.2210195495454,1556.438853735212,1560.7697116744043,1547.890161610353,0.5725653937570524
2016,REG,2,WAS,DAL,23.0,27.0,0,1471.2368532611663,1461.332859773473,1459.3901975708056,1473.1795154638337,0.5923327845180303
2016,REG,2,LA,SEA,9.0,3.0,1,1491.1547530212122,1571.3154122354606,1501.877671691157,1560.5924935655157,0.4638540665027516
2016,REG,2,DEN,IND,34.0,20.0,1,1593.5246657955706,1506.8652095894813,1599.659241432899,1500.7306339521529,0.6932712181335737
2016,REG,2,OAK,ATL,28.0,35.0,0,1474.134350075238,1468.6642023670722,1462.4112432851355,1480.3873091571747,0.5861553395051277
2016,REG,2,SD,JAX,38.0,14.0,1,1457.847824112432,1417.7861069686387,1465.1780202870675,1410.455910794003,0.6334901912682153
2016,REG,2,MIN,GB,17.0,14.0,1,1529.1160456986215,1553.7004088629287,1538.2428428495875,1544.5736117119627,0.5436601424517045
2016,REG,2,CHI,PHI,14.0,29.0,0,1458.2322256546502,1504.0064167644348,1447.9667479239442,1514.2718944951407,0.5132738865352969
2016,REG,3,NE,HOU,27.0,0.0,1,1590.0771892132802,1515.8550243177613,1596.5203908681756,1509.411822662866,0.6778399172552338
2016,REG,3,BUF,ARI,33.0,18.0,1,1479.3308403228966,1562.2170195036745,1490.1317499626475,1551.4161098639236,0.4599545180124552
2016,REG,3,CAR,MIN,10.0,22.0,0,1575.3781048456387,1538.2428428495875,1562.7867018214722,1550.834245873754,0.6295701512083303
2016,REG,3,CIN,DEN,17.0,29.0,0,1547.890161610353,1599.659241432899,1537.7971709329101,1609.752232110342,0.5046495338721445
2016,REG,3,GB,DET,34.0,27.0,1,1544.5736117119627,1499.7033117883764,1551.7757521994304,1492.5011713009087,0.6398929756266197
2016,REG,3,JAX,BAL,17.0,19.0,0,1410.455910794003,1503.5252342242727,1401.54726984088,1512.4338751773957,0.44543204765615146
2016,REG,3,MIA,CLE,30.0,24.0,1,1461.7539012374875,1416.090383518705,1468.9350117382603,1408.9092730179323,0.6409444749613663
2016,REG,3,NYG,WAS,27.0,29.0,0,1488.1782973561026,1459.3901975708056,1475.812371664685,1471.7561232622234,0.61829628457088
2016,REG,3,TEN,OAK,10.0,17.0,0,1413.8517616132988,1462.4112432851355,1403.6664098250508,1472.5965950733835,0.5092675894124038
2016,REG,3,SEA,SF,37.0,18.0,1,1560.5924935655157,1487.7166697663167,1567.0695902863567,1481.2395730454757,0.6761451639579473
2016,REG,3,TB,LA,32.0,37.0,0,1444.5674627479882,1501.877671691157,1434.6339549264706,1511.8111795126747,0.496675391075877
2016,REG,3,IND,SD,26.0,22.0,1,1500.7306339521529,1465.1780202870675,1508.181774130216,1457.7268801090045,0.6274429910968455
2016,REG,3,KC,NYJ,24.0,3.0,1,1539.099797431735,1502.9326582632718,1546.534406713031,1495.4980489819757,0.6282695359351953
2016,REG,3,PHI,PIT,34.0,3.0,1,1514.2718944951407,1560.7697116744043,1524.0272308387239,1551.0143753308212,0.5122331828208452
2016,REG,3,DAL,CHI,31.0,17.0,1,1473.1795154638337,1447.9667479239442,1480.9109694688202,1440.2352939189577,0.6134272997506703
2016,REG,3,NO,ATL,32.0,45.0,0,1469.7897250121591,1480.3873091571747,1458.5186334526709,1491.658400716663,0.5635545779744118
2016,REG,4,CIN,MIA,22.0,7.0,1,1537.7971709329101,1468.9350117382603,1544.3758618226504,1462.35632084852,0.6710654555129849
2016,REG,4,JAX,IND,30.0,27.0,1,1401.54726984088,1508.181774130216,1413.0225846718506,1496.7064592992454,0.42623425845146784
2016,REG,4,ATL,CAR,48.0,33.0,1,1491.658400716663,1562.7867018214722,1502.1222773819811,1552.322825156154,0.4768061667340952
2016,REG,4,BAL,OAK,27.0,28.0,0,1512.4338751773957,1472.5965950733835,1499.7700717570847,1485.2603984936945,0.6331901710155495
2016,REG,4,CHI,DET,17.0,14.0,1,1440.2352939189577,1492.5011713009087,1450.1566011685961,1482.5798640512703,0.5039346375180749
2016,REG,4,HOU,TEN,27.0,20.0,1,1509.411822662866,1403.6664098250508,1515.0893053990255,1397.9889270888912,0.7161258631920221
2016,REG,4,NE,BUF,0.0,16.0,0,1596.5203908681756,1490.1317499626475,1582.1828311755892,1504.469309655234,0.7168779846293168
2016,REG,4,NYJ,SEA,17.0,27.0,0,1495.4980489819757,1567.0695902863567,1485.9746549137938,1576.5929843545387,0.4761697034090924
2016,REG,4,WAS,CLE,31.0,20.0,1,1471.7561232622234,1408.9092730179323,1478.488578102349,1402.1768181778066,0.6633772579937163
2016,REG,4,TB,DEN,7.0,27.0,0,1434.6339549264706,1609.752232110342,1427.9597715013315,1616.426415535481,0.3337091712569482
2016,REG,4,ARI,LA,13.0,17.0,0,1551.4161098639236,1511.8111795126747,1538.7585205737741,1524.4687688028241,0.6328794645074666
2016,REG,4,SD,NO,34.0,35.0,0,1457.7268801090045,1458.5186334526709,1446.179179804414,1470.0663337572614,0.5773850152295223
2016,REG,4,SF,DAL,17.0,24.0,0,1481.2395730454757,1480.9109694688202,1469.6604145099009,1492.490128004395,0.5789579267787458
2016,REG,4,PIT,KC,43.0,14.0,1,1551.0143753308212,1546.534406713031,1559.3189355155403,1538.229846528312,0.5847719907640487
2016,REG,4,MIN,NYG,24.0,10.0,1,1550.834245873754,1475.812371664685,1557.257358425717,1469.3892591127221,0.6788443724018495
2016,REG,5,SF,ARI,21.0,33.0,0,1469.6604145099009,1538.7585205737741,1460.065968058053,1548.352967025622,0.47972232259239217
2016,REG,5,BAL,WAS,10.0,16.0,0,1499.7700717570847,1478.488578102349,1487.6091254250791,1490.6495244343546,0.6080473166002728
2016,REG,5,CLE,NE,13.0,33.0,0,1402.1768181778066,1582.1828311755892,1395.6271635098635,1588.7324858435322,0.32748273339715
2016,REG,5,DET,PHI,24.0,23.0,1,1482.5798640512703,1524.0272308387239,1492.1899856366845,1514.4171092533097,0.5194939207292972
2016,REG,5,IND,CHI,29.0,23.0,1,1496.7064592992454,1450.1566011685961,1503.8641029323142,1442.9989575355273,0.6421178183465635
2016,REG,5,MIA,TEN,17.0,30.0,0,1462.35632084852,1397.9889270888912,1449.049739698662,1411.295508238749,0.6653290574928985
2016,REG,5,MIN,HOU,31.0,13.0,1,1557.257358425717,1515.0893053990255,1564.5313423289585,1507.815321495784,0.636300804837926
2016,REG,5,PIT,NYJ,31.0,13.0,1,1559.3189355155403,1485.9746549137938,1565.784227968122,1479.509362461212,0.6767353773709155
2016,REG,5,DEN,ATL,16.0,23.0,0,1616.426415535481,1502.1222773819811,1601.9057350296591,1516.642957887803,0.7260340252910972
2016,REG,5,DAL,CIN,28.0,14.0,1,1492.490128004395,1544.3758618226504,1502.4004946188645,1534.465495208181,0.5044816692765255
2016,REG,5,LA,BUF,19.0,30.0,0,1524.4687688028241,1504.469309655234,1512.343027190657,1516.595051267401,0.6062870806083559
2016,REG,5,OAK,SD,34.0,31.0,1,1485.2603984936945,1446.179179804414,1492.6168238227588,1438.8227544753497,0.6321787335467864
2016,REG,5,GB,NYG,23.0,16.0,1,1551.7757521994304,1469.3892591127221,1558.0154320347217,1463.1495792774308,0.6880160082354342
2016,REG,5,CAR,TB,14.0,17.0,0,1552.322825156154,1427.9597715013315,1537.574832088446,1442.7077645690395,0.7373996533853959
2016,REG,6,SD,DEN,21.0,13.0,1,1438.8227544753497,1601.9057350296591,1451.837018560213,1588.8914709447959,0.34928679575683225
2016,REG,6,BUF,SF,45.0,16.0,1,1516.595051267401,1460.065968058053,1523.4908840144542,1453.1701353109997,0.6552083626473422
2016,REG,6,CHI,JAX,16.0,17.0,0,1442.9989575355273,1413.0225846718506,1430.6007712764997,1425.4207709308782,0.6199093129513844
2016,REG,6,DET,LA,31.0,28.0,1,1492.1899856366845,1512.343027190657,1501.1903592533386,1503.342653574003,0.5499813191672931
2016,REG,6,MIA,PIT,30.0,15.0,1,1449.049739698662,1565.784227968122,1460.8081343787446,1554.0258332880394,0.4120802659958742
2016,REG,6,NE,CIN,35.0,17.0,1,1588.7324858435322,1534.465495208181,1595.6872714264275,1527.5107096252857,0.6522607208552353
2016,REG,6,NO,CAR,41.0,38.0,1,1470.0663337572614,1537.574832088446,1480.426201809794,1527.2149640359135,0.4820065973733668
2016,REG,6,NYG,BAL,27.0,23.0,1,1463.1495792774308,1487.6091254250791,1472.2728114102422,1478.4858932922677,0.5438383933594346
2016,REG,6,TEN,CLE,28.0,26.0,1,1411.295508238749,1395.6271635098635,1419.2891030880091,1387.6335686606035,0.6003202575370031
2016,REG,6,WAS,PHI,27.0,20.0,1,1490.6495244343546,1514.4171092533097,1499.7529968962651,1505.3136367913992,0.5448263769044775
2016,REG,6,OAK,KC,10.0,26.0,0,1492.6168238227588,1538.229846528312,1482.3467106192609,1548.49995973181,0.5135056601748929
2016,REG,6,GB,DAL,16.0,30.0,0,1558.0154320347217,1502.4004946188645,1544.9350600806195,1515.4808665729668,0.6540185977051136
2016,REG,6,SEA,ATL,26.0,24.0,1,1576.5929843545387,1516.642957887803,1583.4001161345664,1509.8358261077753,0.6596434109986147
2016,REG,6,HOU,IND,26.0,23.0,1,1507.815321495784,1503.8641029323142,1516.1346666713173,1495.5447577567809,0.5840327412233312
2016,REG,6,ARI,NYJ,28.0,3.0,1,1548.352967025622,1479.509362461212,1554.9321294572746,1472.9302000295595,0.6710418784173767
2016,REG,7,GB,CHI,26.0,10.0,1,1544.9350600806195,1430.6007712764997,1550.413689145923,1425.1221422111962,0.7260685467348283
2016,REG,7,LA,NYG,10.0,17.0,0,1503.342653574003,1472.2728114102422,1490.9148272893412,1484.700637694904,0.6213913142330852
2016,REG,7,CIN,CLE,31.0,17.0,1,1527.5107096252857,1387.6335686606035,1532.4242496023548,1382.7200286835343,0.754323001146537
2016,REG,7,DET,WAS,20.0,17.0,1,1501.1903592533386,1499.7529968962651,1509.5800996726384,1491.3632564769653,0.5805129790350014
2016,REG,7,JAX,OAK,16.0,33.0,0,1425.4207709308782,1482.3467106192609,1415.4762033633062,1492.2912781868329,0.4972283783786029
2016,REG,7,KC,NO,27.0,21.0,1,1548.49995973181,1480.426201809794,1555.0987019861311,1473.8274595554728,0.6700628872839419
2016,REG,7,MIA,BUF,28.0,25.0,1,1460.8081343787446,1523.4908840144542,1471.0292256538455,1513.2697927393533,0.48894543624495074
2016,REG,7,NYJ,BAL,24.0,16.0,1,1472.9302000295595,1478.4858932922677,1481.5166086613892,1469.899484660438,0.570679568408511
2016,REG,7,PHI,MIN,21.0,10.0,1,1505.3136367913992,1564.5313423289585,1515.4350261521965,1554.4099529681612,0.49393053196013526
2016,REG,7,TEN,IND,26.0,34.0,0,1419.2891030880091,1495.5447577567809,1409.9001278768183,1504.9337329679718,0.4694487605595406
2016,REG,7,ATL,SD,30.0,33.0,0,1509.8358261077753,1451.837018560213,1496.6934833105224,1464.979361357466,0.6571171398626472
2016,REG,7,SF,TB,17.0,34.0,0,1453.1701353109997,1442.7077645690395,1441.3079609068502,1454.569938973189,0.5931087202074735
2016,REG,7,PIT,NE,16.0,27.0,0,1554.0258332880394,1595.6872714264275,1543.642107123483,1606.070997590984,0.519186308227826
2016,REG,7,ARI,SEA,6.0,6.0,0,1554.9321294572746,1583.4001161345664,1554.1699577262161,1584.1622878656249,0.5381085865529313
2016,REG,7,DEN,HOU,27.0,9.0,1,1588.8914709447959,1516.1346666713173,1595.3715685318866,1509.6545690842265,0.6759951206454635
2016,REG,8,TEN,JAX,36.0,22.0,1,1409.9001278768183,1415.4762033633062,1418.4871114383436,1406.8892198017809,0.5706508219237281
2016,REG,8,CIN,WAS,27.0,27.0,0,1532.4242496023548,1491.3632564769653,1529.7277549465568,1494.0597511327633,0.6348247327898993
2016,REG,8,BUF,NE,25.0,41.0,0,1513.2697927393533,1606.070997590984,1504.3535259877854,1614.987264342552,0.44581333757839425
2016,REG,8,CAR,ARI,30.0,20.0,1,1527.2149640359135,1554.1699577262161,1536.4095124741386,1544.975409287991,0.5402725780887364
2016,REG,8,CLE,NYJ,28.0,31.0,0,1382.7200286835343,1481.5166086613892,1373.9739608296966,1490.262676515227,0.4373033926918897
2016,REG,8,HOU,DET,20.0,13.0,1,1509.6545690842265,1509.5800996726384,1518.08254353409,1501.1521252227749,0.5786012775068208
2016,REG,8,IND,KC,14.0,30.0,0,1504.9337329679718,1555.0987019861311,1494.7945785726558,1565.237856381447,0.5069577197657993
2016,REG,8,NO,SEA,25.0,20.0,1,1473.8274595554728,1584.1622878656249,1485.4067927849421,1572.5829546361556,0.42103333852653235
2016,REG,8,TB,OAK,24.0,30.0,0,1454.569938973189,1492.2912781868329,1444.0730287356616,1502.7881884243602,0.5248455118763659
2016,REG,8,DEN,SD,27.0,19.0,1,1595.3715685318866,1464.979361357466,1600.490274470046,1459.8606554193066,0.7440647030920292
2016,REG,8,ATL,GB,33.0,32.0,1,1496.6934833105224,1550.413689145923,1506.6566480400531,1540.4505244163922,0.5018417635234638
2016,REG,8,DAL,PHI,29.0,23.0,1,1515.4808665729668,1515.4350261521965,1523.909644678402,1507.0062480467614,0.5785610947282436
2016,REG,8,CHI,MIN,20.0,10.0,1,1425.1221422111962,1554.4099529681612,1437.2283180203976,1542.3037771589597,0.39469120953993386
2016,REG,9,TB,ATL,28.0,43.0,0,1444.0730287356616,1506.6566480400531,1434.2912681872435,1516.4384085884712,0.48908802742090096
2016,REG,9,BAL,PIT,21.0,14.0,1,1469.899484660438,1543.642107123483,1480.438418012046,1533.103173771875,0.473053332419601
2016,REG,9,CLE,DAL,10.0,35.0,0,1373.9739608296966,1523.909644678402,1366.6403953640431,1531.2432101440554,0.3666782732826688
2016,REG,9,KC,JAX,19.0,14.0,1,1565.237856381447,1406.8892198017809,1569.768021944033,1402.3590542391948,0.7734917218707005
2016,REG,9,MIA,NYJ,27.0,23.0,1,1471.0292256538455,1490.262676515227,1480.0034027967333,1481.2884993723392,0.5512911428556065
2016,REG,9,MIN,DET,16.0,22.0,0,1542.3037771589597,1501.1521252227749,1529.6048630326193,1513.8510393491154,0.634945706317022
2016,REG,9,NYG,PHI,28.0,23.0,1,1484.700637694904,1507.0062480467614,1493.7623853509963,1497.944500390669,0.5469126171953755
2016,REG,9,LA,CAR,10.0,13.0,0,1490.9148272893412,1536.4095124741386,1480.641310574724,1546.6830291887559,0.513675835730862
2016,REG,9,SF,NO,23.0,41.0,0,1441.3079609068502,1485.4067927849421,1430.9943029876745,1495.7204507041179,0.5156828959587896
2016,REG,9,GB,IND,26.0,31.0,0,1540.4505244163922,1494.7945785726558,1527.631835536978,1507.61326745207,0.6409344439707089
2016,REG,9,SD,TEN,43.0,35.0,1,1459.8606554193066,1418.4871114383436,1467.1558209540938,1411.1919459035564,0.635241723260645
2016,REG,9,OAK,DEN,30.0,20.0,1,1502.7881884243602,1600.490274470046,1514.0111016740043,1589.2673612204019,0.43885433751779834
2016,REG,9,SEA,BUF,31.0,25.0,1,1572.5829546361556,1504.3535259877854,1579.177735267241,1497.7587453567,0.6702609684457325
2016,REG,10,BAL,CLE,28.0,7.0,1,1480.438418012046,1366.6403953640431,1485.9293352824209,1361.1494780936682,0.7254541364812498
2016,REG,10,CAR,KC,17.0,20.0,0,1546.6830291887559,1569.768021944033,1535.7670164405845,1580.6840346922045,0.5458006374085701
2016,REG,10,JAX,HOU,21.0,24.0,0,1402.3590542391948,1518.08254353409,1394.08923539686,1526.352362376425,0.4134909421167471
2016,REG,10,NO,DEN,23.0,25.0,0,1495.7204507041179,1589.2673612204019,1486.825390041986,1598.1624218825336,0.4447530331065889
2016,REG,10,NYJ,LA,6.0,9.0,0,1481.2884993723392,1480.641310574724,1469.7004011806293,1492.2294087664338,0.5794049095854934
2016,REG,10,PHI,ATL,24.0,15.0,1,1497.944500390669,1516.4384085884712,1506.8976204069622,1507.485288572178,0.552343999185335
2016,REG,10,TB,CHI,36.0,10.0,1,1434.2912681872435,1437.2283180203976,1442.803892298331,1428.7156939093102,0.5743687944456219
2016,REG,10,TEN,GB,47.0,25.0,1,1411.1919459035564,1527.631835536978,1422.9421223036493,1515.8816591368852,0.41249117999535456
2016,REG,10,WAS,MIN,26.0,20.0,1,1494.0597511327633,1529.6048630326193,1503.5003789589648,1520.1642352064177,0.5279686086899276
2016,REG,10,SD,MIA,24.0,31.0,0,1467.1558209540938,1480.0034027967333,1455.9484948192805,1491.2107289315466,0.5603663067406661
2016,REG,10,ARI,SF,23.0,20.0,1,1544.975409287991,1430.9943029876745,1550.4621293850191,1425.5075828906463,0.7256639951485928
2016,REG,10,PIT,DAL,30.0,35.0,0,1533.103173771875,1531.2432101440554,1521.4810684650924,1542.865315450838,0.5811052653391292
2016,REG,10,NE,SEA,24.0,31.0,0,1614.987264342552,1579.177735267241,1602.4314916101544,1591.7335079996385,0.6277886366198787
2016,REG,10,NYG,CIN,21.0,20.0,1,1493.7623853509963,1529.7277549465568,1503.2150721280473,1520.2750681695059,0.5273656611474478
2016,REG,11,CAR,NO,23.0,20.0,1,1535.7670164405845,1486.825390041986,1542.8615056477686,1479.730900834802,0.6452755396407949
2016,REG,11,CIN,BUF,12.0,16.0,0,1520.2750681695059,1497.7587453567,1508.080266407193,1509.953547119013,0.6097400881156443
2016,REG,11,CLE,PIT,9.0,24.0,0,1361.1494780936682,1521.4810684650924,1354.0915752070741,1528.5389713516865,0.3528951443297024
2016,REG,11,DAL,BAL,27.0,17.0,1,1542.865315450838,1485.9293352824209,1549.7505691096765,1479.0440816235823,0.6557373170580699
2016,REG,11,DET,JAX,26.0,19.0,1,1513.8510393491154,1394.08923539686,1519.2062686045915,1388.7340061413838,0.7322385372261949
2016,REG,11,IND,TEN,24.0,17.0,1,1507.61326745207,1422.9421223036493,1513.7966279133252,1416.758761842394,0.6908319769372395
2016,REG,11,KC,TB,17.0,19.0,0,1580.6840346922045,1442.803892298331,1565.6403065557174,1457.847620434818,0.7521864068243507
2016,REG,11,MIN,ARI,30.0,24.0,1,1520.1642352064177,1550.4621293850191,1529.454447033803,1541.1719175576338,0.5354894086307299
2016,REG,11,NYG,CHI,22.0,16.0,1,1503.2150721280473,1428.7156939093102,1509.651306309258,1422.2794597280995,0.6781882909394646
2016,REG,11,LA,MIA,10.0,14.0,0,1492.2294087664338,1491.2107289315466,1480.6308896442517,1502.8092480537287,0.5799259561091065
2016,REG,11,SEA,PHI,26.0,15.0,1,1591.7335079996385,1506.8976204069622,1597.9128182318998,1500.718310174701,0.6910344883869317
2016,REG,11,SF,NE,17.0,30.0,0,1425.5075828906463,1602.4314916101544,1418.8795410917417,1609.059533409059,0.3314020899452331
2016,REG,11,WAS,GB,42.0,24.0,1,1503.5003789589648,1515.8816591368852,1512.279829366911,1507.102208728939,0.5610274796026984
2016,REG,11,OAK,HOU,27.0,20.0,1,1514.0111016740043,1526.352362376425,1522.7894174044427,1517.5740466459865,0.5610842134780829
2016,REG,12,DET,MIN,16.0,13.0,1,1519.2062686045915,1529.454447033803,1527.925284091688,1520.7354315467066,0.5640492256451856
2016,REG,12,DAL,WAS,31.0,26.0,1,1549.7505691096765,1512.279829366911,1557.1501609402446,1504.8802375363427,0.6300204084715912
2016,REG,12,IND,PIT,7.0,28.0,0,1513.7966279133252,1528.5389713516865,1502.6430773439338,1539.692521921078,0.5576775284695674
2016,REG,12,ATL,ARI,38.0,19.0,1,1507.485288572178,1541.1719175576338,1516.8726087923642,1531.7845973374476,0.530633988990686
2016,REG,12,BAL,CIN,19.0,14.0,1,1479.0440816235823,1508.080266407193,1488.29817095937,1498.8261770714053,0.537295533210616
2016,REG,12,BUF,JAX,28.0,21.0,1,1509.953547119013,1388.7340061413838,1515.2759352926737,1383.411617967723,0.7338805913169651
2016,REG,12,CHI,TEN,21.0,27.0,0,1422.2794597280995,1416.758761842394,1410.5549412212422,1428.4832803492513,0.5862259253428697
2016,REG,12,CLE,NYG,13.0,27.0,0,1354.0915752070741,1509.651306309258,1346.9077146243965,1516.8351668919356,0.35919302913388274
2016,REG,12,HOU,SD,13.0,21.0,0,1517.5740466459865,1455.9484948192805,1504.3379361518355,1469.1846053134316,0.6618055247075568
2016,REG,12,MIA,SF,31.0,24.0,1,1502.8092480537287,1418.8795410917417,1509.010855068835,1412.6779340766352,0.6899196492446735
2016,REG,12,NO,LA,49.0,21.0,1,1479.730900834802,1480.6308896442517,1488.1862413214822,1472.1755491575716,0.5772329756659905
2016,REG,12,TB,SEA,14.0,5.0,1,1457.847620434818,1597.9128182318998,1470.2482160962377,1585.5122225704802,0.37997021692902366
2016,REG,12,NYJ,NE,17.0,22.0,0,1469.7004011806293,1609.059533409059,1462.0818364601737,1616.6780981295146,0.3809282360227788
2016,REG,12,OAK,CAR,35.0,32.0,1,1522.7894174044427,1542.8615056477686,1531.7874843341142,1533.863438718097,0.5500966535164281
2016,REG,12,DEN,KC,27.0,30.0,0,1598.1624218825336,1565.6403065557174,1585.6952997449364,1578.1074286933147,0.6233561068798673
2016,REG,12,PHI,GB,13.0,27.0,0,1500.718310174701,1507.102208728939,1489.3280879675053,1518.4924309361347,0.5695111103597812
2016,REG,13,MIN,DAL,15.0,17.0,0,1520.7354315467066,1557.1501609402446,1510.2010141012072,1567.684578385744,0.5267208722749701
2016,REG,13,ATL,KC,28.0,29.0,0,1516.8726087923642,1578.1074286933147,1507.0520420737005,1587.9279954119784,0.4910283359331818
2016,REG,13,BAL,MIA,38.0,6.0,1,1488.29817095937,1509.010855068835,1497.3144939802053,1499.9945320479999,0.5491838489582417
2016,REG,13,CHI,SF,26.0,6.0,1,1410.5549412212422,1412.6779340766352,1419.0446612616693,1404.1882140362081,0.5755139979786519
2016,REG,13,CIN,PHI,32.0,14.0,1,1498.8261770714053,1489.3280879675053,1506.990808276454,1481.1634567624567,0.5917684397475674
2016,REG,13,GB,HOU,21.0,13.0,1,1518.4924309361347,1504.3379361518355,1526.5278801494599,1496.3024869385104,0.5982275393337395
2016,REG,13,JAX,DEN,10.0,20.0,0,1383.411617967723,1585.6952997449364,1377.4138654195574,1591.693052293102,0.29988762740828495
2016,REG,13,NE,LA,26.0,10.0,1,1616.6780981295146,1472.1755491575716,1621.4936211645309,1467.3600261225554,0.759223848249185
2016,REG,13,NO,DET,13.0,28.0,0,1488.1862413214822,1527.925284091688,1477.747277934628,1538.364247478542,0.521948169342705
2016,REG,13,OAK,BUF,38.0,24.0,1,1531.7874843341142,1515.2759352926737,1539.757798197321,1507.3056214294668,0.6014843068396533
2016,REG,13,ARI,WAS,31.0,23.0,1,1531.7845973374476,1504.8802375363427,1539.4699203478235,1497.1949145259669,0.6157338494812076
2016,REG,13,PIT,NYG,24.0,14.0,1,1539.692521921078,1516.8351668919356,1547.48837931517,1509.0393094978435,0.610207130295401
2016,REG,13,SD,TB,21.0,28.0,0,1469.1846053134316,1470.2482160962377,1457.6445431877003,1481.788278221969,0.5770031062865634
2016,REG,13,SEA,CAR,40.0,7.0,1,1585.5122225704802,1533.863438718097,1592.535533957882,1526.8401273306952,0.6488344306299089
2016,REG,13,NYJ,IND,10.0,41.0,0,1462.0818364601737,1502.6430773439338,1451.6664946476594,1513.058419156448,0.5207670906257145
2016,REG,14,KC,OAK,21.0,13.0,1,1587.9279954119784,1539.757798197321,1595.042826806418,1532.6429668028816,0.6442584302780262
2016,REG,14,BUF,PIT,20.0,27.0,0,1507.3056214294668,1547.48837931517,1496.8794052893543,1557.9145954552826,0.5213108070056243
2016,REG,14,CAR,SD,28.0,16.0,1,1526.8401273306952,1457.6445431877003,1533.410347595539,1451.0743229228565,0.6714889867578161
2016,REG,14,CLE,CIN,10.0,23.0,0,1346.9077146243965,1506.990808276454,1339.8432771527166,1514.0552457481338,0.3532218735839886
2016,REG,14,DET,CHI,20.0,17.0,1,1538.364247478542,1419.0446612616693,1543.7294647469084,1413.6794439933028,0.7317391365816723
2016,REG,14,IND,HOU,17.0,22.0,0,1513.058419156448,1496.3024869385104,1501.021989841132,1508.3389162538265,0.6018214657658063
2016,REG,14,JAX,MIN,16.0,25.0,0,1377.4138654195574,1510.2010141012072,1369.6160854093487,1517.998794111416,0.389889000510438
2016,REG,14,MIA,ARI,26.0,23.0,1,1499.9945320479999,1539.4699203478235,1509.547994951582,1529.9164574442414,0.5223268548208901
2016,REG,14,PHI,WAS,22.0,27.0,0,1481.1634567624567,1497.1949145259669,1470.0465316628906,1508.311839625533,0.5558462549783028
2016,REG,14,TEN,DEN,13.0,10.0,1,1428.4832803492513,1591.693052293102,1441.50086184643,1578.6754707959233,0.3491209251410573
2016,REG,14,SF,NYJ,17.0,23.0,0,1404.1882140362081,1451.6664946476594,1393.9717553657654,1461.8829533181022,0.5108229335221394
2016,REG,14,GB,SEA,38.0,10.0,1,1526.5278801494599,1592.535533957882,1536.8445999282424,1582.2188141790996,0.4841640110608709
2016,REG,14,LA,ATL,14.0,42.0,0,1467.3600261225554,1507.0520420737005,1456.9197118112013,1517.4923563850546,0.5220157155677012
2016,REG,14,TB,NO,16.0,11.0,1,1481.788278221969,1477.747277934628,1490.1051123721072,1469.4304437844899,0.5841582924930911
2016,REG,14,NYG,DAL,10.0,7.0,1,1509.0393094978435,1567.684578385744,1519.1442249206718,1557.5796629629158,0.4947542288585846
2016,REG,14,NE,BAL,30.0,23.0,1,1621.4936211645309,1497.3144939802053,1626.7497295455566,1492.0583855991795,0.737194580948714
2016,REG,15,SEA,LA,24.0,3.0,1,1582.2188141790996,1456.9197118112013,1587.4499797478506,1451.6885462424502,0.7384417215624468
2016,REG,15,NYJ,MIA,13.0,34.0,0,1461.8829533181022,1509.547994951582,1451.6718676053595,1519.7590806643248,0.5105542856371396
2016,REG,15,BAL,PHI,27.0,26.0,1,1492.0583855991795,1470.0465316628906,1499.8774085739162,1462.2275086881539,0.6090488512631632
2016,REG,15,BUF,CLE,33.0,13.0,1,1496.8794052893543,1339.8432771527166,1501.4361000307126,1335.2865824113583,0.772165262932083
2016,REG,15,CHI,GB,27.0,30.0,0,1413.6794439933028,1536.8445999282424,1405.6166030685724,1544.9074408529727,0.40314204623652455
2016,REG,15,CIN,PIT,20.0,24.0,0,1514.0552457481338,1557.9145954552826,1503.734701909237,1568.2351392941794,0.5160271919448398
2016,REG,15,HOU,JAX,21.0,20.0,1,1508.3389162538265,1369.6160854093487,1513.277125880689,1364.6778757824861,0.7530895186568713
2016,REG,15,KC,TEN,17.0,19.0,0,1595.042826806418,1441.50086184643,1579.6706803058235,1456.8730083470246,0.768607325029724
2016,REG,15,MIN,IND,6.0,34.0,0,1517.998794111416,1501.021989841132,1505.956272013267,1513.064511939281,0.6021261049074504
2016,REG,15,NYG,DET,17.0,6.0,1,1519.1442249206718,1543.7294647469084,1528.2710471116093,1534.602642555971,0.5436588904531223
2016,REG,15,ARI,NO,41.0,48.0,0,1529.9164574442414,1469.4304437844899,1516.7097417907655,1482.6371594379657,0.6603357826737888
2016,REG,15,ATL,SF,41.0,13.0,1,1517.4923563850546,1393.9717553657654,1522.7631663907416,1388.7009453600783,0.7364594997156432
2016,REG,15,DEN,NE,3.0,16.0,0,1578.6754707959233,1626.7497295455566,1568.4761583377972,1636.9490420036827,0.5099656229063029
2016,REG,15,SD,OAK,16.0,19.0,0,1451.0743229228565,1532.6429668028816,1441.8375428331185,1541.8797468926196,0.4618390044868935
2016,REG,15,DAL,TB,26.0,20.0,1,1557.5796629629158,1490.1051123721072,1564.1936655479833,1483.4911097870397,0.6692998707466289
2016,REG,15,WAS,CAR,15.0,26.0,0,1508.311839625533,1533.410347595539,1497.4533241063461,1544.2688631147257,0.5429257759593424
2016,REG,16,PHI,NYG,24.0,19.0,1,1462.2275086881539,1528.2710471116093,1472.5452602697444,1517.9532955300187,0.4841124209204751
2016,REG,16,BUF,MIA,31.0,34.0,0,1501.4361000307126,1519.7590806643248,1490.3843545249524,1530.810826170085,0.552587275288011
2016,REG,16,CAR,ATL,16.0,33.0,0,1544.2688631147257,1522.7631663907416,1532.1017658971507,1534.9302636083166,0.6083548608787533
2016,REG,16,CHI,WAS,21.0,41.0,0,1405.6166030685724,1497.4533241063461,1396.6728940918958,1506.3970330830227,0.44718544883383315
2016,REG,16,CLE,SD,20.0,17.0,1,1335.2865824113583,1441.8375428331185,1346.7595449102284,1430.3645803342483,0.4263518750564893
2016,REG,16,GB,MIN,38.0,25.0,1,1544.9074408529727,1505.956272013267,1552.267348073435,1498.5963647928047,0.6320046389768834
2016,REG,16,JAX,TEN,38.0,17.0,1,1364.6778757824861,1456.8730083470246,1375.74436650388,1445.8065176256307,0.4466754639303071
2016,REG,16,NE,NYJ,41.0,3.0,1,1636.9490420036827,1451.6718676053595,1640.9591243523387,1447.6617852567035,0.7994958825671982
2016,REG,16,OAK,IND,33.0,25.0,1,1541.8797468926196,1513.064511939281,1549.5130839199226,1505.431174911978,0.6183331486348532
2016,REG,16,LA,SF,21.0,22.0,0,1451.6885462424502,1388.7009453600783,1438.4173829657232,1401.9721086368054,0.6635581638363557
2016,REG,16,NO,TB,31.0,24.0,1,1482.6371594379657,1483.4911097870397,1491.0912064740921,1475.0370627509133,0.5772976481936826
2016,REG,16,SEA,ARI,31.0,34.0,0,1587.4499797478506,1516.7097417907655,1573.9810311373735,1530.1786904012426,0.6734474305238619
2016,REG,16,HOU,CIN,12.0,10.0,1,1513.277125880689,1503.734701909237,1521.4405240396452,1495.5713037502808,0.5918300920521935
2016,REG,16,PIT,BAL,31.0,27.0,1,1568.2351392941794,1499.8774085739162,1574.8266557082661,1493.2858921598295,0.6704241792956668
2016,REG,16,KC,DEN,33.0,10.0,1,1579.6706803058235,1568.4761583377972,1587.7881716522938,1560.3586669913268,0.5941254326764767
2016,REG,16,DAL,DET,42.0,21.0,1,1564.1936655479833,1534.602642555971,1571.805935435374,1526.9903726685802,0.6193865056304645
2016,REG,17,CIN,BAL,27.0,10.0,1,1495.5713037502808,1493.2858921598295,1503.937277644102,1484.9199182660082,0.5817013053089364
2016,REG,17,IND,JAX,24.0,20.0,1,1505.431174911978,1375.74436650388,1510.5653615752944,1370.6101798405634,0.7432906668341711
2016,REG,17,MIA,NE,14.0,35.0,0,1530.810826170085,1640.9591243523387,1522.3849241003484,1649.3850264220753,0.4212951034868253
2016,REG,17,MIN,CHI,38.0,10.0,1,1498.5963647928047,1396.6728940918958,1504.3637222098928,1390.9055366748078,0.7116321291455947
2016,REG,17,NYJ,BUF,30.0,10.0,1,1447.6617852567035,1490.3843545249524,1457.308559409349,1480.7375803723069,0.5176612923677186
2016,REG,17,PHI,DAL,27.0,13.0,1,1472.5452602697444,1571.805935435374,1483.8123379097608,1560.5388577953577,0.43664611799918474
2016,REG,17,PIT,CLE,27.0,24.0,1,1574.8266557082661,1346.7595449102284,1578.1047282378388,1343.4814723806558,0.8360963735213629
2016,REG,17,TB,CAR,17.0,16.0,1,1475.0370627509133,1532.1017658971507,1485.096488984932,1522.042339663132,0.497028688299067
2016,REG,17,TEN,HOU,24.0,17.0,1,1445.8065176256307,1521.4405240396452,1456.3997148111487,1510.8473268541272,0.4703401407241064
2016,REG,17,ATL,NO,38.0,32.0,1,1534.9302636083166,1491.0912064740921,1542.1597848297818,1483.861685252627,0.6385239389267474
2016,REG,17,DEN,OAK,24.0,6.0,1,1560.3586669913268,1549.5130839199226,1568.4858475179412,1541.3859033933081,0.5936409736692755
2016,REG,17,LA,ARI,6.0,44.0,0,1438.4173829657232,1530.1786904012426,1429.471527580153,1539.1245457868129,0.4472927692785106
2016,REG,17,SD,KC,27.0,37.0,0,1430.3645803342483,1587.7881716522938,1423.2300364940686,1594.9227154924736,0.3567271920089837
2016,REG,17,SF,SEA,23.0,25.0,0,1401.9721086368054,1573.9810311373735,1395.2180943389378,1580.735045435241,0.33770071489337644
2016,REG,17,WAS,NYG,10.0,19.0,0,1506.3970330830227,1517.9532955300187,1495.1530981463713,1529.1972304666701,0.562196746832573
2016,REG,17,DET,GB,24.0,31.0,0,1526.9903726685802,1552.267348073435,1516.1369562194666,1563.1207645225486,0.5426708224556788
2016,WC,18,HOU,OAK,27.0,14.0,1,1510.8473268541272,1541.3859033933081,1520.1444315143597,1532.0887987330757,0.5351447669883793
2016,WC,18,SEA,DET,26.0,6.0,1,1580.735045435241,1516.1369562194666,1587.422551612852,1509.4494500418557,0.6656246911194522
2016,WC,18,PIT,MIA,30.0,12.0,1,1578.1047282378388,1522.3849241003484,1585.0216246287446,1515.4680277094426,0.6541551804547081
2016,WC,18,GB,NYG,38.0,13.0,1,1563.1207645225486,1529.1972304666701,1570.6157993083311,1521.7021956808876,0.6252482607108698
2016,DIV,19,ATL,SEA,36.0,20.0,1,1542.1597848297818,1587.422551612852,1551.879598083523,1577.7027383591108,0.5140093373129371
2016,DIV,19,NE,HOU,34.0,16.0,1,1649.3850264220753,1520.1444315143597,1654.529021526345,1515.0004364100898,0.7428002447865049
2016,DIV,19,DAL,GB,31.0,34.0,0,1560.5388577953577,1570.6157993083311,1549.2530258686122,1581.9016312350766,0.5642915963372759
2016,DIV,19,KC,PIT,16.0,18.0,0,1594.9227154924736,1585.0216246287446,1583.0761404974978,1596.8681996237203,0.5923287497487872
2016,CON,20,ATL,GB,44.0,21.0,1,1551.879598083523,1581.9016312350766,1561.1619104403983,1572.6193188782013,0.5358843821562301
2016,CON,20,NE,PIT,36.0,17.0,1,1654.529021526345,1596.8681996237203,1661.395448841531,1590.0017723085343,0.6566786342407046
2016,SB,21,ATL,NE,28.0,34.0,0,1561.1619104403983,1661.395448841531,1552.4565299352876,1670.1008293466418,0.43526902525553574
2017,REG,1,NE,KC,27.0,42.0,0,1610.5655390753172,1553.9994913233736,1597.460410447334,1567.1046199513569,0.6552564313991628
2017,REG,1,BUF,NYJ,21.0,12.0,1,1487.4794272419995,1472.250563616077,1495.485165232286,1464.2448256257906,0.5997131004856814
2017,REG,1,CHI,ATL,17.0,23.0,0,1429.088598838625,1534.096744457937,1420.5180908464747,1542.6672524500873,0.42852539960752234
2017,REG,1,CIN,BAL,0.0,20.0,0,1502.5592304686663,1490.1979468729053,1490.644350397912,1502.1128269436597,0.5957440035377176
2017,REG,1,CLE,PIT,18.0,21.0,0,1398.2629570474262,1558.5011520005473,1391.2025985137916,1565.561510534182,0.3530179266817306
2017,REG,1,DET,ARI,35.0,23.0,1,1506.1421425272063,1525.4309547614284,1515.1178963564041,1516.4552009322306,0.551212308540111
2017,REG,1,HOU,JAX,7.0,29.0,0,1509.7502836665583,1415.8966168963661,1495.710155355581,1429.9367452073434,0.7020064155488678
2017,REG,1,TEN,OAK,16.0,26.0,0,1471.6598146272465,1520.8577191764991,1461.4928324185962,1531.0247013851495,0.5083491104325202
2017,REG,1,WAS,PHI,17.0,30.0,0,1496.8495137951413,1489.4780196413444,1485.0733572521024,1501.2541761843834,0.5888078271519422
2017,REG,1,LA,IND,46.0,9.0,1,1454.1564929270994,1506.8674850239413,1464.0906109368684,1496.9333670141723,0.5032940995115481
2017,REG,1,GB,SEA,17.0,9.0,1,1547.2025572708308,1550.506779933422,1555.7255172899452,1541.9838199143076,0.5738519990442775
2017,REG,1,SF,CAR,3.0,23.0,0,1431.8917613203096,1514.327520781036,1422.6797886672039,1523.5394934341416,0.46059863265528067
2017,REG,1,DAL,NYG,19.0,3.0,1,1532.0144668145979,1514.106427192577,1539.946273921583,1506.1746200855919,0.6034096446507453
2017,REG,1,MIN,NO,29.0,19.0,1,1502.8364194364303,1489.5100954142076,1510.8947960467744,1481.4517188038635,0.5970811694827918
2017,REG,1,DEN,LAC,24.0,21.0,1,1544.5158008866617,1500.0,1551.7273486425306,1492.7884522441311,0.6394226122065548
2017,REG,2,CIN,HOU,9.0,13.0,0,1490.644350397912,1495.710155355581,1479.2169434280347,1507.1375623254582,0.5713703484938627
2017,REG,2,BAL,CLE,24.0,10.0,1,1502.1128269436597,1391.2025985137916,1507.6702098988462,1385.645215558605,0.722130852240677
2017,REG,2,CAR,BUF,9.0,3.0,1,1523.5394934341416,1495.485165232286,1531.19351513004,1487.8311435363876,0.6172989152050796
2017,REG,2,IND,ARI,13.0,16.0,0,1496.9333670141723,1516.4552009322306,1485.9157578407044,1527.4728101056985,0.5508804586733946
2017,REG,2,JAX,TEN,16.0,37.0,0,1429.9367452073434,1461.4928324185962,1419.2629974031506,1472.166580222789,0.5336873902096431
2017,REG,2,KC,PHI,27.0,20.0,1,1567.1046199513569,1501.2541761843834,1573.7600740285916,1494.5987221071487,0.667227296138265
2017,REG,2,NO,NE,20.0,36.0,0,1481.4517188038635,1597.460410447334,1473.1898618802522,1605.7222673709452,0.4130928461805588
2017,REG,2,PIT,MIN,26.0,9.0,1,1565.561510534182,1510.8947960467744,1572.5058616947133,1503.950444886243,0.6527824419734364
2017,REG,2,TB,CHI,29.0,7.0,1,1490.3127178402058,1420.5180908464747,1496.8677334968668,1413.9630751898137,0.6722492171669509
2017,REG,2,LAC,MIA,17.0,19.0,0,1492.7884522441311,1510.0542180111377,1481.7066239659482,1521.1360462893206,0.5540914139091437
2017,REG,2,OAK,NYJ,45.0,20.0,1,1531.0247013851495,1464.2448256257906,1537.656417940205,1457.613109070735,0.6684141722472174
2017,REG,2,DEN,DAL,42.0,17.0,1,1551.7273486425306,1539.946273921583,1559.8285611158763,1531.8450614482374,0.5949393763327174
2017,REG,2,LA,WAS,20.0,27.0,0,1464.0906109368684,1485.0733572521024,1453.1146323466173,1496.0493358423535,0.5487989295125542
2017,REG,2,SEA,SF,12.0,9.0,1,1541.9838199143076,1422.6797886672039,1547.3493887248833,1417.3142198566281,0.7317215594712121
2017,REG,2,ATL,GB,34.0,23.0,1,1542.6672524500873,1555.7255172899452,1551.4659023059062,1546.9268674341263,0.560067507209058
2017,REG,2,NYG,DET,10.0,24.0,0,1506.1746200855919,1515.1178963564041,1494.8567117065775,1526.4358047354185,0.5658954189507184
2017,REG,3,SF,LA,39.0,41.0,0,1417.3142198566281,1453.1146323466173,1406.7621731321442,1463.6666790711013,0.5276023362241962
2017,REG,3,BUF,DEN,26.0,16.0,1,1487.8311435363876,1559.8285611158763,1498.3199786084047,1549.3397260438592,0.47555824639914585
2017,REG,3,CAR,NO,13.0,34.0,0,1531.19351513004,1473.1898618802522,1518.0510466345797,1486.3323303757124,0.6571234247730128
2017,REG,3,CHI,PIT,23.0,17.0,1,1413.9630751898137,1572.5058616947133,1426.8580720470484,1559.6108648374786,0.35525015713826824
2017,REG,3,DET,ATL,26.0,30.0,0,1526.4358047354185,1551.4659023059062,1515.5753347522823,1562.3263722890424,0.5430234991568095
2017,REG,3,IND,CLE,31.0,28.0,1,1485.9157578407044,1385.645215558605,1491.7222456578916,1379.8387277414179,0.7096756091406375
2017,REG,3,MIN,TB,34.0,17.0,1,1503.950444886243,1496.8677334968668,1512.1823391498476,1488.6358392332622,0.5884052868197719
2017,REG,3,NE,HOU,36.0,33.0,1,1605.7222673709452,1507.1375623254582,1611.5688257950485,1501.291003901355,0.707672078794842
2017,REG,3,NYJ,MIA,20.0,6.0,1,1457.613109070735,1521.1360462893206,1467.858369728286,1510.8907856317694,0.4877369671224418
2017,REG,3,PHI,NYG,27.0,24.0,1,1494.5987221071487,1494.8567117065775,1503.0360304239668,1486.4194033897593,0.578134584159094
2017,REG,3,TEN,SEA,33.0,27.0,1,1472.166580222789,1547.3493887248833,1482.7468355961191,1536.7691333515531,0.4709872313334946
2017,REG,3,GB,CIN,27.0,24.0,1,1546.9268674341263,1479.2169434280347,1553.5348735096236,1472.6089373525374,0.6695996962251354
2017,REG,3,LAC,KC,10.0,24.0,0,1481.7066239659482,1573.7600740285916,1472.7690829447172,1582.6976150498226,0.4468770510615538
2017,REG,3,WAS,OAK,27.0,10.0,1,1496.0493358423535,1537.656417940205,1505.6640474982291,1528.0417062843294,0.5192644172062214
2017,REG,3,JAX,BAL,44.0,7.0,1,1419.2629974031506,1507.6702098988462,1430.2215818834002,1496.7116254185967,0.45207077598752465
2017,REG,3,ARI,DAL,17.0,28.0,0,1527.4728101056985,1531.8450614482374,1516.0258533800736,1543.2920181738623,0.5723478362812439
2017,REG,4,GB,CHI,35.0,14.0,1,1553.5348735096236,1426.8580720470484,1558.7354615756483,1421.6574839810237,0.7399705966987633
2017,REG,4,ATL,BUF,17.0,23.0,0,1562.3263722890424,1498.3199786084047,1549.0290486998508,1511.6173021975962,0.6648661794595845
2017,REG,4,BAL,PIT,9.0,26.0,0,1496.7116254185967,1559.6108648374786,1486.9389446381026,1569.3835456179727,0.48863403902470565
2017,REG,4,CLE,CIN,7.0,31.0,0,1379.8387277414179,1472.6089373525374,1370.9215793442831,1481.5260857496721,0.44585741985673816
2017,REG,4,DAL,LA,30.0,35.0,0,1543.2920181738623,1463.6666790711013,1529.6001360863522,1477.3585611586113,0.684594104375505
2017,REG,4,HOU,TEN,57.0,14.0,1,1501.291003901355,1482.7468355961191,1509.2052915708098,1474.8325479266643,0.604285616527258
2017,REG,4,MIN,DET,7.0,14.0,0,1512.1823391498476,1515.5753347522823,1500.7077986107752,1527.0498752913547,0.5737270269536259
2017,REG,4,NE,CAR,30.0,33.0,0,1611.5688257950485,1518.0510466345797,1597.5367902540866,1532.0830821755417,0.7016017770481008
2017,REG,4,NYJ,JAX,23.0,20.0,1,1467.858369728286,1430.2215818834002,1475.2535060430157,1422.8264455686706,0.6302431842635176
2017,REG,4,ARI,SF,18.0,15.0,1,1516.0258533800736,1406.7621731321442,1521.6213541894626,1401.1666723227552,0.7202249595305479
2017,REG,4,LAC,PHI,24.0,26.0,0,1472.7690829447172,1503.0360304239668,1462.0584085475289,1513.7467048211552,0.5355337198594144
2017,REG,4,TB,NYG,25.0,23.0,1,1488.6358392332622,1486.4194033897593,1497.0037454634885,1478.051497159533,0.5816046884886917
2017,REG,4,DEN,OAK,16.0,10.0,1,1549.3397260438592,1528.0417062843294,1557.178326268804,1520.2031060593845,0.608069988752751
2017,REG,4,SEA,IND,46.0,18.0,1,1536.7691333515531,1491.7222456578916,1543.9665897681255,1484.5247892413192,0.6401271791713811
2017,REG,4,MIA,NO,0.0,20.0,0,1510.8907856317694,1486.3323303757124,1498.640110688635,1498.5830053188467,0.6125337471567137
2017,REG,4,KC,WAS,29.0,20.0,1,1582.6976150498226,1505.6640474982291,1589.0703392831367,1499.291323264915,0.6813637883342927
2017,REG,5,TB,NE,14.0,19.0,0,1497.0037454634885,1597.5367902540866,1488.30684001451,1606.233695703065,0.43484527244892246
2017,REG,5,CIN,BUF,20.0,16.0,1,1481.5260857496721,1511.6173021975962,1490.8103791336991,1502.3330088135692,0.535785330798652
2017,REG,5,CLE,NYJ,14.0,17.0,0,1370.9215793442831,1475.2535060430157,1362.3320006443385,1483.8430847429604,0.4294789349972323
2017,REG,5,DET,CAR,24.0,27.0,0,1527.0498752913547,1532.0830821755417,1515.6215492025287,1543.5114082643677,0.5714163044413026
2017,REG,5,IND,SF,26.0,23.0,1,1484.5247892413192,1401.1666723227552,1490.7404831162196,1394.9509784478548,0.6892153062549831
2017,REG,5,MIA,TEN,16.0,10.0,1,1498.640110688635,1474.8325479266643,1506.409963336523,1467.0626952787763,0.6115073676056008
2017,REG,5,NYG,LAC,22.0,27.0,0,1478.051497159533,1462.0584085475289,1466.0361230868732,1474.0737826201887,0.6007687036329922
2017,REG,5,PHI,ARI,34.0,7.0,1,1513.7467048211552,1521.6213541894626,1522.3985854515145,1512.9694735591033,0.5674059684820351
2017,REG,5,PIT,JAX,9.0,30.0,0,1569.3835456179727,1422.8264455686706,1554.1559612892122,1438.054029897431,0.7613792164380254
2017,REG,5,LA,SEA,10.0,16.0,0,1477.3585611586113,1543.9665897681255,1467.692542817325,1553.6326081094119,0.4833009170643264
2017,REG,5,OAK,BAL,17.0,30.0,0,1520.2031060593845,1486.9389446381026,1507.71593669581,1499.4261140016772,0.624358468178731
2017,REG,5,DAL,GB,31.0,35.0,0,1529.6001360863522,1558.7354615756483,1518.8570631049747,1569.4785345570258,0.5371536490688738
2017,REG,5,HOU,KC,34.0,42.0,0,1509.2052915708098,1589.0703392831367,1499.91974580497,1598.3558850489765,0.4642772882919859
2017,REG,5,CHI,MIN,17.0,20.0,0,1421.6574839810237,1500.7077986107752,1412.348604144282,1510.0166784475168,0.46544399183708557
2017,REG,6,CAR,PHI,23.0,28.0,0,1543.5114082643677,1522.3985854515145,1531.3550904535198,1534.5549032623624,0.6078158905423935
2017,REG,6,ATL,MIA,17.0,20.0,0,1549.0290486998508,1506.409963336523,1536.2910198022146,1519.1479922341593,0.6369014448818168
2017,REG,6,BAL,CHI,24.0,27.0,0,1499.4261140016772,1412.348604144282,1485.5504596949816,1426.2242584509777,0.6937827153347812
2017,REG,6,HOU,CLE,33.0,17.0,1,1499.91974580497,1362.3320006443385,1504.8822952713879,1357.3694511779206,0.7518725266791081
2017,REG,6,MIN,GB,23.0,10.0,1,1510.0166784475168,1569.4785345570258,1520.1450939300782,1559.3501190744644,0.49357922587192676
2017,REG,6,NO,DET,52.0,38.0,1,1498.5830053188467,1515.6215492025287,1507.4947140680472,1506.7098404533283,0.5544145625399824
2017,REG,6,NYJ,NE,17.0,24.0,0,1483.8430847429604,1606.233695703065,1475.758777958455,1614.3180024875703,0.4042153392252685
2017,REG,6,WAS,SF,26.0,24.0,1,1499.291323264915,1394.9509784478548,1505.001748436192,1389.2405532765779,0.71447874143615
2017,REG,6,ARI,TB,38.0,33.0,1,1512.9694735591033,1488.30684001451,1520.7159522057223,1480.5603613678911,0.6126760676690517
2017,REG,6,JAX,LA,17.0,27.0,0,1438.054029897431,1467.692542817325,1427.3253613862246,1478.4212113285314,0.5364334255603218
2017,REG,6,KC,PIT,13.0,19.0,0,1598.3558850489765,1554.1559612892122,1585.5758196832403,1566.9360266549484,0.6390032682868056
2017,REG,6,OAK,LAC,16.0,17.0,0,1507.71593669581,1474.0737826201887,1495.2185636014756,1486.571155714523,0.6248686547167195
2017,REG,6,DEN,NYG,10.0,23.0,0,1557.178326268804,1466.0361230868732,1543.2037068290485,1480.0107425266287,0.6987309719877769
2017,REG,6,TEN,IND,36.0,22.0,1,1467.0626952787763,1490.7404831162196,1476.163604009002,1481.639574385994,0.5449545634887205
2017,REG,7,OAK,KC,31.0,30.0,1,1495.2185636014756,1585.5758196832403,1506.2327286206726,1574.5616546640433,0.4492917490401548
2017,REG,7,BUF,TB,30.0,27.0,1,1502.3330088135692,1480.5603613678911,1510.1585901962019,1472.7347799852585,0.6087209308683684
2017,REG,7,CHI,CAR,17.0,3.0,1,1426.2242584509777,1531.3550904535198,1437.6572093238774,1519.92213958062,0.4283524563550116
2017,REG,7,CLE,TEN,9.0,12.0,0,1357.3694511779206,1476.163604009002,1349.1852343067308,1484.3478208801919,0.4092108435594956
2017,REG,7,GB,NO,17.0,26.0,0,1559.3501190744644,1507.4947140680472,1546.3680113343971,1520.4768218081144,0.649105387003366
2017,REG,7,IND,JAX,0.0,27.0,0,1481.639574385994,1427.3253613862246,1468.5931268912582,1440.3718088809603,0.65232237473679
2017,REG,7,LA,ARI,33.0,0.0,1,1478.4212113285314,1520.7159522057223,1488.055687495216,1511.0814760390376,0.5182761916657689
2017,REG,7,MIA,NYJ,31.0,28.0,1,1519.1479922341593,1475.758777958455,1526.389471463049,1468.5172987295655,0.6379260385555183
2017,REG,7,MIN,BAL,24.0,16.0,1,1520.1450939300782,1485.5504596949816,1527.6220337164655,1478.0735199085943,0.6261530106806414
2017,REG,7,SF,DAL,10.0,40.0,0,1389.2405532765779,1518.8570631049747,1381.3557683263937,1526.741848055159,0.39423924750921324
2017,REG,7,LAC,DEN,21.0,0.0,1,1486.571155714523,1543.2037068290485,1496.6181439669494,1533.156718576622,0.4976505873786797
2017,REG,7,NYG,SEA,7.0,24.0,0,1480.0107425266287,1553.6326081094119,1470.5462102460874,1563.0971403899532,0.47322661402706945
2017,REG,7,PIT,CIN,29.0,14.0,1,1566.9360266549484,1490.8103791336991,1573.3314661808256,1484.414939607822,0.6802280237061357
2017,REG,7,NE,ATL,23.0,7.0,1,1614.3180024875703,1536.2910198022146,1620.6659217186202,1529.9431005711647,0.6826040384475032
2017,REG,7,PHI,WAS,34.0,24.0,1,1534.5549032623624,1505.001748436192,1542.1682009700398,1497.3884507285145,0.6193351146161296
2017,REG,8,BAL,MIA,40.0,0.0,1,1478.0735199085943,1526.389471463049,1487.8811612603877,1516.5818301112556,0.509617932410332
2017,REG,8,BUF,OAK,34.0,14.0,1,1510.1585901962019,1506.2327286206726,1518.4786445983525,1497.912674218522,0.5839972798924735
2017,REG,8,CIN,IND,24.0,23.0,1,1484.414939607822,1468.5931268912582,1492.4042954893491,1460.603771009731,0.6005322059236372
2017,REG,8,NE,LAC,21.0,13.0,1,1620.6659217186202,1496.6181439669494,1625.9249603735623,1491.3591053120074,0.7370480672529002
2017,REG,8,NO,CHI,20.0,12.0,1,1520.4768218081144,1437.6572093238774,1526.705803204267,1431.4282279277247,0.6885509301923632
2017,REG,8,NYJ,ATL,20.0,25.0,0,1468.5172987295655,1529.9431005711647,1458.7022270884693,1539.758172212261,0.4907535820548082
2017,REG,8,PHI,SF,33.0,10.0,1,1542.1682009700398,1381.3557683263937,1546.6488623793884,1376.875106917045,0.7759669295325639
2017,REG,8,TB,CAR,3.0,17.0,0,1472.7347799852585,1519.92213958062,1462.5099520118217,1530.1469675540568,0.5112413986718393
2017,REG,8,SEA,HOU,41.0,38.0,1,1563.0971403899532,1504.8822952713879,1569.9491946182172,1498.0302410431239,0.6573972885868006
2017,REG,8,WAS,DAL,19.0,33.0,0,1497.3884507285145,1526.741848055159,1486.6516199926966,1537.4786787909768,0.5368415367908909
2017,REG,8,DET,PIT,15.0,20.0,0,1506.7098404533283,1573.3314661808256,1497.0442130315116,1582.9970936026423,0.4832813710908355
2017,REG,8,CLE,MIN,16.0,33.0,0,1349.1852343067308,1527.6220337164655,1342.5957291217746,1534.2115389014216,0.3294752592478095
2017,REG,8,KC,DEN,29.0,19.0,1,1574.5616546640433,1533.156718576622,1581.855982785814,1525.8623904548515,0.6352835939114705
2017,REG,9,NYJ,BUF,34.0,21.0,1,1458.7022270884693,1518.4786445983525,1468.8396947751826,1508.3411769116392,0.49312661566432914
2017,REG,9,CAR,ATL,20.0,17.0,1,1530.1469675540568,1539.758172212261,1538.8479545560804,1531.0571852102373,0.5649506498988192
2017,REG,9,HOU,IND,14.0,20.0,0,1498.0302410431239,1460.603771009731,1485.4310209357823,1473.2029911170725,0.6299610053670811
2017,REG,9,JAX,CIN,23.0,7.0,1,1440.3718088809603,1492.4042954893491,1450.2863990566525,1482.489705313657,0.5042704912153883
2017,REG,9,NO,TB,30.0,10.0,1,1526.705803204267,1462.5099520118217,1533.4036203353755,1455.8121348807133,0.6651091434445845
2017,REG,9,NYG,LA,17.0,51.0,0,1470.5462102460874,1488.055687495216,1459.4713149778945,1499.130582763409,0.5537447634096397
2017,REG,9,PHI,DEN,51.0,23.0,1,1546.6488623793884,1525.8623904548515,1554.5015027608367,1518.0097500734032,0.6073679809275888
2017,REG,9,TEN,BAL,23.0,20.0,1,1484.3478208801919,1487.8811612603877,1492.877232195219,1479.3517499453606,0.573529434248645
2017,REG,9,SEA,WAS,14.0,17.0,0,1569.9491946182172,1486.6516199926966,1556.1663815891093,1500.4344330218046,0.6891406514553998
2017,REG,9,SF,ARI,10.0,20.0,0,1376.875106917045,1511.0814760390376,1369.1161591493494,1518.8404238067333,0.3879473883847788
2017,REG,9,DAL,KC,28.0,17.0,1,1537.4786787909768,1581.855982785814,1547.1730282578706,1572.1616333189202,0.5152825266553097
2017,REG,9,MIA,OAK,24.0,27.0,0,1516.5818301112556,1497.912674218522,1504.4926771024109,1510.0018272273667,0.6044576504422373
2017,REG,9,GB,DET,17.0,30.0,0,1546.3680113343971,1497.0442130315116,1533.4524325733787,1509.95979179253,0.6457789380509172
2017,REG,10,ARI,SEA,16.0,22.0,0,1518.8404238067333,1556.1663815891093,1508.3321623230818,1566.6746430727608,0.5254130741825723
2017,REG,10,BUF,NO,10.0,47.0,0,1508.3411769116392,1533.4036203353755,1497.4816310312783,1544.2631662157364,0.5429772940180451
2017,REG,10,CHI,GB,16.0,23.0,0,1431.4282279277247,1533.4524325733787,1422.7734888789494,1542.107171622154,0.43273695243876265
2017,REG,10,DET,CLE,38.0,24.0,1,1509.95979179253,1342.5957291217746,1514.3106926343828,1338.2448282799219,0.7824549579073609
2017,REG,10,IND,PIT,17.0,20.0,0,1473.2029911170725,1582.9970936026423,1464.767145482967,1591.4329392367479,0.4217922817052846
2017,REG,10,JAX,LAC,20.0,17.0,1,1450.2863990566525,1491.3591053120074,1459.8857538935795,1481.7597504750804,0.5200322581536532
2017,REG,10,TB,NYJ,15.0,10.0,1,1455.8121348807133,1468.8396947751826,1464.6099137412004,1460.0419159146954,0.5601110569756387
2017,REG,10,TEN,CIN,24.0,20.0,1,1492.877232195219,1482.489705313657,1501.0171373535823,1474.3498001552937,0.5930047420818366
2017,REG,10,WAS,MIN,30.0,38.0,0,1500.4344330218046,1534.2115389014216,1489.824347642364,1544.8216242808621,0.5305042689720223
2017,REG,10,LA,HOU,33.0,7.0,1,1499.130582763409,1485.4310209357823,1507.1786238731604,1477.3829798260308,0.597597944512426
2017,REG,10,ATL,DAL,27.0,7.0,1,1531.0571852102373,1547.1730282578706,1539.9426586795555,1538.2875547885524,0.5557263265340896
2017,REG,10,SF,NYG,31.0,21.0,1,1369.1161591493494,1459.4713149778945,1380.130264340111,1448.4572097871328,0.4492947404619201
2017,REG,10,DEN,NE,16.0,41.0,0,1518.0097500734032,1625.9249603735623,1509.5211045096225,1634.413605937343,0.4244322781890284
2017,REG,10,CAR,MIA,45.0,21.0,1,1538.8479545560804,1504.4926771024109,1546.3313461472308,1497.0092855112605,0.6258304204424798
2017,REG,11,PIT,TEN,40.0,17.0,1,1591.4329392367479,1501.0171373535823,1597.4759390380893,1494.9741375522408,0.6978500099329319
2017,REG,11,CHI,DET,24.0,27.0,0,1422.7734888789494,1514.3106926343828,1413.8212545143315,1523.2629269990007,0.447611718230889
2017,REG,11,CLE,JAX,7.0,19.0,0,1338.2448282799219,1459.8857538935795,1330.139727128321,1467.9908550451803,0.4052550575800414
2017,REG,11,GB,BAL,0.0,23.0,0,1542.107171622154,1479.3517499453606,1528.8419772259776,1492.616944341537,0.6632597198088155
2017,REG,11,HOU,ARI,31.0,21.0,1,1477.3829798260308,1508.3321623230818,1486.6918452580537,1499.0232968910589,0.5345567283988505
2017,REG,11,MIA,TB,20.0,30.0,0,1497.0092855112605,1464.6099137412004,1484.5454814729867,1477.0737177794742,0.6231902019136905
2017,REG,11,MIN,LA,24.0,7.0,1,1544.8216242808621,1507.1786238731604,1552.216593917389,1499.7836542366335,0.6302515181736549
2017,REG,11,NO,WAS,34.0,31.0,1,1544.2631662157364,1489.824347642364,1551.2134654914169,1482.8740483666836,0.6524850362159755
2017,REG,11,NYG,KC,12.0,9.0,1,1448.4572097871328,1572.1616333189202,1460.4093032765322,1560.2095398295207,0.4023953255300272
2017,REG,11,LAC,BUF,54.0,24.0,1,1481.7597504750804,1497.4816310312783,1490.6340270637104,1488.6073544426483,0.556286170568496
2017,REG,11,DEN,CIN,17.0,20.0,0,1509.5211045096225,1474.3498001552937,1496.9825095101892,1486.888395154727,0.6269297499716647
2017,REG,11,OAK,NE,8.0,33.0,0,1510.0018272273667,1634.413605937343,1501.9734964020652,1642.4419367626444,0.40141654126507403
2017,REG,11,DAL,PHI,9.0,37.0,0,1538.2875547885524,1554.5015027608367,1527.1758169573002,1565.613240592089,0.5555868915626148
2017,REG,11,SEA,ATL,31.0,34.0,0,1566.6746430727608,1539.9426586795555,1554.36466216869,1552.2526395836262,0.6154990452035399
2017,REG,12,DET,MIN,23.0,30.0,0,1523.2629269990007,1552.216593917389,1512.5146545359903,1562.9648663803994,0.5374136231505168
2017,REG,12,DAL,LAC,6.0,28.0,0,1527.1758169573002,1490.6340270637104,1514.6003553884477,1503.2094886325629,0.6287730784426212
2017,REG,12,WAS,NYG,20.0,10.0,1,1482.8740483666836,1460.4093032765322,1490.6806596646684,1452.6026919785475,0.6096694351007628
2017,REG,12,ATL,TB,34.0,20.0,1,1552.2526395836262,1477.0737177794742,1558.6718108990513,1470.6545464640492,0.6790414342287517
2017,REG,12,CIN,CLE,30.0,16.0,1,1486.888395154727,1330.139727128321,1491.4509148033778,1325.5772074796703,0.7718740175674627
2017,REG,12,IND,TEN,16.0,20.0,0,1464.767145482967,1494.9741375522408,1454.0547541669985,1505.6865288682093,0.5356195657984281
2017,REG,12,KC,BUF,10.0,16.0,0,1560.2095398295207,1488.6073544426483,1546.7187865855224,1502.0981076866467,0.674537662199917
2017,REG,12,NE,MIA,35.0,17.0,1,1642.4419367626444,1484.5454814729867,1646.9812297248336,1480.0061885107975,0.7730353518905396
2017,REG,12,NYJ,CAR,27.0,35.0,0,1460.0419159146954,1546.3313461472308,1450.9400712639872,1555.433190797939,0.45509223253541675
2017,REG,12,PHI,CHI,31.0,3.0,1,1565.613240592089,1413.8212545143315,1570.277023136991,1409.1574719694295,0.7668108727549017
2017,REG,12,SF,SEA,13.0,24.0,0,1380.130264340111,1554.36466216869,1373.4334356539216,1561.0614908548794,0.33484143430946356
2017,REG,12,ARI,JAX,27.0,24.0,1,1499.0232968910589,1467.9908550451803,1506.5964836498792,1460.41766828636,0.6213406620589859
2017,REG,12,LA,NO,26.0,20.0,1,1499.7836542366335,1551.2134654914169,1509.6808995610227,1541.3162201670277,0.5051377337805477
2017,REG,12,OAK,DEN,21.0,14.0,1,1501.9734964020652,1496.9825095101892,1510.2637746624407,1488.6922312498136,0.5854860869812185
2017,REG,12,PIT,GB,31.0,28.0,1,1597.4759390380893,1528.8419772259776,1604.060430465617,1522.25748579845,0.6707754286236252
2017,REG,12,BAL,HOU,23.0,16.0,1,1492.616944341537,1486.6918452580537,1500.8811346616892,1478.4276549379015,0.5867904839923851
2017,REG,13,DAL,WAS,38.0,14.0,1,1514.6003553884477,1490.6806596646684,1522.3671413299724,1482.9138737231438,0.6116607029237636
2017,REG,13,ATL,MIN,9.0,14.0,0,1558.6718108990513,1562.9648663803994,1547.2226225312204,1574.4140547482302,0.5724594183915462
2017,REG,13,BAL,DET,44.0,20.0,1,1500.8811346616892,1512.5146545359903,1509.6393890249185,1503.756400172761,0.5620872818385317
2017,REG,13,BUF,NE,3.0,23.0,0,1502.0981076866467,1646.9812297248336,1494.6289410392947,1654.4503963721857,0.37345833236760356
2017,REG,13,CHI,SF,14.0,15.0,0,1409.1574719694295,1373.4334356539216,1396.6039993301185,1385.9869082932325,0.6276736319655473
2017,REG,13,GB,TB,26.0,20.0,1,1522.25748579845,1470.6545464640492,1529.2819998267694,1463.6300324357298,0.6487742985840346
2017,REG,13,JAX,IND,30.0,10.0,1,1460.41766828636,1454.0547541669985,1468.669639638513,1445.8027828148454,0.5874014323923411
2017,REG,13,MIA,DEN,35.0,9.0,1,1480.0061885107975,1488.6922312498136,1488.6810056616148,1480.0174140989964,0.5662591424591367
2017,REG,13,NYJ,KC,38.0,31.0,1,1450.9400712639872,1546.7187865855224,1462.1084169737749,1535.5504408757347,0.4415827145106122
2017,REG,13,TEN,HOU,24.0,13.0,1,1505.6865288682093,1478.4276549379015,1513.3621971139949,1470.751986692116,0.616216587710724
2017,REG,13,LAC,CLE,19.0,10.0,1,1503.2094886325629,1325.5772074796703,1507.3625221526029,1321.4241739596303,0.7923483239980043
2017,REG,13,ARI,LA,16.0,32.0,0,1506.5964836498792,1509.6808995610227,1495.113255724117,1521.164127486785,0.5741613962881167
2017,REG,13,NO,CAR,31.0,21.0,1,1541.3162201670277,1555.433190797939,1550.1449131452778,1546.604497819689,0.5585653510875014
2017,REG,13,OAK,NYG,24.0,17.0,1,1510.2637746624407,1452.6026919785475,1517.130195208764,1445.7362714322242,0.6566789726838373
2017,REG,13,SEA,PHI,24.0,10.0,1,1561.0614908548794,1570.277023136991,1569.75128332264,1561.5872306692304,0.5655103766119773
2017,REG,13,CIN,PIT,20.0,23.0,0,1491.4509148033778,1604.060430465617,1483.0940189143496,1612.4173263546452,0.41784479445141565
2017,REG,14,ATL,NO,20.0,17.0,1,1547.2226225312204,1550.1449131452778,1555.7348312383538,1541.6327044381444,0.5743895646433325
2017,REG,14,BUF,IND,13.0,7.0,1,1494.6289410392947,1445.8027828148454,1501.7264734167577,1438.7052504373823,0.6451233811268493
2017,REG,14,CAR,MIN,31.0,24.0,1,1546.604497819689,1574.4140547482302,1555.823487788849,1565.1950647790702,0.5390505015419967
2017,REG,14,CIN,CHI,7.0,33.0,0,1483.0940189143496,1396.6039993301185,1469.2327434473934,1410.4652747970747,0.6930637733478071
2017,REG,14,CLE,GB,21.0,27.0,0,1321.4241739596303,1529.2819998267694,1315.5602883832628,1535.1458854031368,0.29319427881837845
2017,REG,14,HOU,SF,16.0,26.0,0,1470.751986692116,1385.9869082932325,1456.933037604148,1399.8058573812004,0.6909474543983924
2017,REG,14,KC,OAK,26.0,15.0,1,1535.5504408757347,1517.130195208764,1543.468140417179,1509.2124956673197,0.6041150229277835
2017,REG,14,NYG,DAL,10.0,30.0,0,1445.7362714322242,1522.3671413299724,1436.3580547490224,1531.7453580131742,0.4689108341600851
2017,REG,14,TB,DET,21.0,24.0,0,1463.6300324357298,1503.756400172761,1453.202196216308,1514.1842363921828,0.5213918109710949
2017,REG,14,ARI,TEN,12.0,7.0,1,1495.113255724117,1513.3621971139949,1504.0594028175676,1504.4160500205442,0.5526926453274688
2017,REG,14,DEN,NYJ,23.0,0.0,1,1480.0174140989964,1462.1084169737749,1487.9491948256605,1454.1766362471108,0.6034109636667953
2017,REG,14,LAC,WAS,30.0,13.0,1,1507.3625221526029,1482.9138737231438,1515.1148478212933,1475.1615480544533,0.6123837165654776
2017,REG,14,JAX,SEA,30.0,24.0,1,1468.669639638513,1569.75128332264,1479.988252806965,1558.432670154188,0.4340693415773999
2017,REG,14,LA,PHI,35.0,43.0,0,1521.164127486785,1561.5872306692304,1510.744816676192,1572.0065414798235,0.5209655405296492
2017,REG,14,PIT,BAL,39.0,38.0,1,1612.4173263546452,1509.6393890249185,1618.1645172733217,1503.892198106242,0.7126404540661757
2017,REG,14,MIA,NE,27.0,20.0,1,1488.6810056616148,1654.4503963721857,1501.765400765728,1641.3660012680725,0.3457802447943457
2017,REG,15,IND,DEN,13.0,25.0,0,1438.7052504373823,1487.9491948256605,1428.5395929952558,1498.114852267787,0.5082828721063314
2017,REG,15,DET,CHI,20.0,10.0,1,1514.1842363921828,1410.4652747970747,1519.9092667068287,1404.7402444824288,0.7137484842677096
2017,REG,15,KC,LAC,30.0,13.0,1,1543.468140417179,1515.1148478212933,1551.1140324490275,1507.4689557894449,0.6177053984075754
2017,REG,15,BUF,MIA,24.0,16.0,1,1501.7264734167577,1501.765400765728,1510.157631193322,1493.3342429891636,0.5784421111717857
2017,REG,15,CAR,GB,31.0,24.0,1,1555.823487788849,1535.1458854031368,1563.6791173972695,1527.2902557947164,0.6072185195789777
2017,REG,15,CLE,BAL,10.0,27.0,0,1315.5602883832628,1503.892198106242,1309.2199726353333,1510.2325138541714,0.3170157873964715
2017,REG,15,JAX,HOU,45.0,7.0,1,1479.988252806965,1456.933037604148,1487.7786926789768,1449.1425977321362,0.6104780063994141
2017,REG,15,MIN,CIN,34.0,7.0,1,1565.1950647790702,1469.2327434473934,1571.1042758822402,1463.3235323442234,0.7045394448414986
2017,REG,15,NO,NYJ,31.0,19.0,1,1541.6327044381444,1454.1766362471108,1547.747794881477,1448.0615458037782,0.6942454778333773
2017,REG,15,NYG,PHI,29.0,34.0,0,1436.3580547490224,1572.0065414798235,1428.638492962974,1579.7261032658719,0.3859780893024166
2017,REG,15,WAS,ARI,20.0,15.0,1,1475.1615480544533,1504.0594028175676,1484.4116782021363,1494.8092726698846,0.5374934926158518
2017,REG,15,SEA,LA,7.0,42.0,0,1558.432670154188,1510.744816676192,1545.560233963312,1523.617252867068,0.6436218095438001
2017,REG,15,PIT,NE,24.0,27.0,0,1618.1645172733217,1641.3660012680725,1607.2518293811493,1652.278689160245,0.5456343946086278
2017,REG,15,SF,TEN,25.0,23.0,1,1399.8058573812004,1504.4160500205442,1411.2241276056945,1492.99777979605,0.42908648877529115
2017,REG,15,OAK,DAL,17.0,20.0,0,1509.2124956673197,1531.7453580131742,1498.2807269784178,1542.677126702076,0.5465884344450954
2017,REG,15,TB,ATL,21.0,24.0,0,1453.202196216308,1555.7348312383538,1444.561823299809,1564.3752041548528,0.43201864582495014
2017,REG,16,BAL,IND,23.0,16.0,1,1510.2325138541714,1428.5395929952558,1516.4893464408576,1422.2827604085696,0.6871583706656909
2017,REG,16,GB,MIN,0.0,16.0,0,1527.2902557947164,1571.1042758822402,1516.9684086104962,1581.4261230664604,0.5160923592110032
2017,REG,16,CAR,TB,22.0,19.0,1,1563.6791173972695,1444.561823299809,1569.0489076047966,1439.192033092282,0.73151048962365
2017,REG,16,CHI,CLE,20.0,3.0,1,1404.7402444824288,1309.2199726353333,1410.6600551317388,1303.3001619860233,0.7040094675344966
2017,REG,16,CIN,DET,26.0,17.0,1,1463.3235323442234,1519.9092667068287,1473.3691731311176,1509.8636259199345,0.4977179606552877
2017,REG,16,KC,MIA,29.0,13.0,1,1551.1140324490275,1493.3342429891636,1557.9773721620152,1486.470903276176,0.6568330143506212
2017,REG,16,NE,BUF,37.0,16.0,1,1652.278689160245,1510.157631193322,1657.1445109484785,1505.2918094050885,0.7567089105883293
2017,REG,16,NO,ATL,23.0,13.0,1,1547.747794881477,1564.3752041548528,1556.6478118887392,1555.4751871475905,0.5549991496368876
2017,REG,16,NYJ,LAC,7.0,14.0,0,1448.0615458037782,1507.4689557894449,1438.1883944562062,1517.342107137017,0.49365756737860567
2017,REG,16,TEN,LA,23.0,27.0,0,1492.99777979605,1523.617252867068,1482.2972013798294,1534.3178312832886,0.5350289208110273
2017,REG,16,WAS,DEN,27.0,11.0,1,1484.4116782021363,1498.114852267787,1493.2286262026264,1489.2979042672969,0.5591525999754942
2017,REG,16,SF,JAX,44.0,33.0,1,1411.2241276056945,1487.7786926789768,1421.8437231542018,1477.1590971304695,0.46902022257464165
2017,REG,16,ARI,NYG,23.0,0.0,1,1494.8092726698846,1428.638492962974,1501.4565406133793,1421.9912250194793,0.6676366028252673
2017,REG,16,DAL,SEA,12.0,21.0,0,1542.677126702076,1545.560233963312,1531.188232604003,1557.049128061385,0.5744447049036531
2017,REG,16,HOU,PIT,6.0,34.0,0,1449.1425977321362,1607.2518293811493,1442.0261575934348,1614.3682695198506,0.35582200693507315
2017,REG,16,PHI,OAK,19.0,10.0,1,1579.7261032658719,1498.2807269784178,1585.989064099361,1492.0177661449286,0.6868519583255451
2017,REG,17,DET,GB,35.0,11.0,1,1509.8636259199345,1516.9684086104962,1518.4937572538286,1508.3382772766022,0.5684934333052925
2017,REG,17,IND,HOU,22.0,13.0,1,1422.2827604085696,1442.0261575934348,1431.2714627105452,1433.0374552914593,0.5505648849012237
2017,REG,17,MIN,CHI,23.0,10.0,1,1581.4261230664604,1410.6600551317388,1585.7107229593557,1406.3754552388434,0.7857700053552286
2017,REG,17,NE,NYJ,26.0,6.0,1,1657.1445109484785,1438.1883944562062,1660.5688748645061,1434.7640305401785,0.8287818041986103
2017,REG,17,NYG,WAS,18.0,10.0,1,1421.9912250194793,1493.2286262026264,1432.4582350346984,1482.7616161874073,0.47664949923904254
2017,REG,17,PHI,DAL,0.0,6.0,0,1585.989064099361,1531.188232604003,1572.9299159013146,1544.2473808020493,0.652957409902323
2017,REG,17,PIT,CLE,28.0,24.0,1,1614.3682695198506,1303.3001619860233,1616.5361382616807,1301.1322932441933,0.891606562908502
2017,REG,17,ATL,CAR,22.0,10.0,1,1555.4751871475905,1569.0489076047966,1564.288461485009,1560.235633267378,0.559336283129073
2017,REG,17,BAL,CIN,27.0,31.0,0,1516.4893464408576,1473.3691731311176,1503.7379815723702,1486.120537999605,0.6375682434243711
2017,REG,17,DEN,KC,24.0,27.0,0,1489.2979042672969,1557.9773721620152,1479.6914276763532,1567.5838487529588,0.4803238295471786
2017,REG,17,LA,SF,13.0,34.0,0,1534.3178312832886,1421.8437231542018,1519.8391584713977,1436.3223959660927,0.7239336405945382
2017,REG,17,LAC,OAK,30.0,10.0,1,1517.342107137017,1492.0177661449286,1525.0705152872317,1484.2893579947138,0.6135795924892568
2017,REG,17,MIA,BUF,16.0,22.0,0,1486.470903276176,1505.2918094050885,1475.4333328151301,1516.3293798661343,0.5518785230522867
2017,REG,17,SEA,ARI,24.0,26.0,0,1557.049128061385,1501.4565406133793,1543.9693383633917,1514.5363303113727,0.6539894848996675
2017,REG,17,TB,NO,31.0,24.0,1,1439.192033092282,1556.6478118887392,1450.9705389102046,1544.8693060708165,0.41107470910386495
2017,REG,17,TEN,JAX,15.0,10.0,1,1482.2972013798294,1477.1590971304695,1490.583369337244,1468.872929173055,0.585691602129269
2017,WC,18,KC,TEN,21.0,22.0,0,1567.5838487529588,1490.583369337244,1553.9574000656155,1504.2098180245873,0.681322434367161
2017,WC,18,LA,ATL,13.0,26.0,0,1519.8391584713977,1564.288461485009,1509.5355783137297,1574.592041642677,0.5151790078834024
2017,WC,18,JAX,BUF,10.0,3.0,1,1468.872929173055,1516.3293798661343,1478.6558424823024,1506.5464665568868,0.5108543345376211
2017,WC,18,NO,CAR,31.0,26.0,1,1544.8693060708165,1560.235633267378,1553.7334798647562,1551.3714594734383,0.5567913103030114
2017,DIV,19,PHI,ATL,15.0,10.0,1,1572.9299159013146,1574.592041642677,1581.4066762871587,1566.115281256833,0.5761619807077946
2017,DIV,19,NE,TEN,35.0,14.0,1,1660.5688748645061,1504.2098180245873,1665.1392977135977,1499.6393951754958,0.7714788575454239
2017,DIV,19,PIT,JAX,42.0,45.0,0,1616.5361382616807,1478.6558424823024,1601.4924068334915,1493.6995739104916,0.7521865714094546
2017,DIV,19,MIN,NO,29.0,24.0,1,1585.7107229593557,1553.7334798647562,1593.2583346372621,1546.1858681868498,0.6226194161046807
2017,CON,20,NE,JAX,24.0,20.0,1,1665.1392977135977,1493.6995739104916,1669.4108563943298,1489.4280152297595,0.7864220659633921
2017,CON,20,PHI,MIN,38.0,7.0,1,1581.4066762871587,1593.2583346372621,1590.1711128509153,1584.4938980735055,0.561778171812165
2017,SB,21,NE,PHI,33.0,41.0,0,1669.4108563943298,1590.1711128509153,1655.7285638624583,1603.8534053827868,0.6841146265935742
2018,REG,1,PHI,ATL,18.0,12.0,1,1567.5047134988115,1542.9749328169414,1575.2548220838926,1535.2248242318603,0.6124945707459479
2018,REG,1,BAL,BUF,47.0,3.0,1,1502.4296880220406,1504.2552032619765,1510.9110423489633,1495.7738489350538,0.5759322836538622
2018,REG,1,CLE,PIT,21.0,21.0,0,1370.7359906087256,1565.9700644417694,1374.5664638111857,1562.1395912393093,0.3084763398769925
2018,REG,1,IND,CIN,23.0,34.0,0,1455.3264507618544,1490.9783496997431,1444.7701426015215,1501.534657860076,0.5278154080166486
2018,REG,1,MIA,TEN,27.0,20.0,1,1484.0316663298345,1499.7656068640722,1492.9062856350602,1490.8909875588465,0.5562690347387171
2018,REG,1,MIN,SF,24.0,16.0,1,1554.9210337477787,1458.6095573779603,1560.8218805398178,1452.7087105859212,0.7049576603980392
2018,REG,1,NE,HOU,27.0,20.0,1,1601.223566510598,1456.4743459394485,1606.0339000129313,1451.6640124371152,0.7594833248833258
2018,REG,1,NO,TB,40.0,48.0,0,1530.0208143214525,1468.130850291633,1516.7778921030965,1481.3737725099888,0.6621461109177964
2018,REG,1,NYG,JAX,15.0,20.0,0,1456.097852772554,1493.1282098993436,1445.5811055659892,1503.6449571059084,0.5258373603282415
2018,REG,1,LAC,KC,28.0,38.0,0,1516.2958349367007,1535.07231004265,1505.2569994320586,1546.1111455472922,0.5519417752321072
2018,REG,1,ARI,WAS,6.0,24.0,0,1509.4486147023922,1488.7950505218148,1497.3049043811006,1500.9387608431064,0.6071855160645816
2018,REG,1,CAR,DAL,16.0,8.0,1,1533.3914486577348,1528.760797521332,1541.69179682844,1520.460449350627,0.5849825914647427
2018,REG,1,DEN,SEA,27.0,24.0,1,1486.7994279896295,1528.5800699362046,1496.4191277794944,1518.9603701463398,0.5190150105067535
2018,REG,1,GB,CHI,24.0,23.0,1,1505.4198802297915,1439.1440459052483,1512.0644646205833,1432.4994615144565,0.6677707804604129
2018,REG,1,DET,NYJ,17.0,48.0,0,1512.0209422149885,1457.596619851116,1498.9716199243148,1470.6459421417896,0.6524661145336831
2018,REG,1,OAK,LA,13.0,33.0,0,1489.788082696564,1506.1981259039244,1478.681919530518,1517.3042890699705,0.5553081583023023
2018,REG,2,CIN,BAL,34.0,23.0,1,1501.534657860076,1510.9110423489633,1510.2290008267732,1502.2166993822661,0.565282851665145
2018,REG,2,ATL,CAR,31.0,24.0,1,1535.2248242318603,1541.69179682844,1543.8369469532092,1533.079674107091,0.5693938639325548
2018,REG,2,BUF,LAC,20.0,31.0,0,1495.7738489350538,1505.2569994320586,1484.471212609384,1516.5596357577283,0.565131816283491
2018,REG,2,GB,MIN,29.0,29.0,0,1512.0644646205833,1560.8218805398178,1511.8848079402271,1561.001537220174,0.5089828340178049
2018,REG,2,NO,CLE,21.0,18.0,1,1516.7778921030965,1374.5664638111857,1521.6417987157956,1369.7025571984866,0.7568046693650435
2018,REG,2,NYJ,MIA,12.0,20.0,0,1470.6459421417896,1492.9062856350602,1459.706398398277,1503.8458293785727,0.546977187175629
2018,REG,2,PIT,KC,37.0,42.0,0,1562.1395912393093,1546.1111455472922,1550.1232408626797,1558.1274959239217,0.6008175188314825
2018,REG,2,TB,PHI,27.0,21.0,1,1481.3737725099888,1575.2548220838926,1492.4882107140068,1564.1403838798747,0.44427808979910394
2018,REG,2,TEN,HOU,20.0,17.0,1,1490.8909875588465,1451.6640124371152,1498.2435112950052,1444.3114887009565,0.6323738131920696
2018,REG,2,WAS,IND,9.0,21.0,0,1500.9387608431064,1444.7701426015215,1487.8439719015134,1457.8649315431144,0.6547394470796517
2018,REG,2,LA,ARI,34.0,0.0,1,1517.3042890699705,1497.3049043811006,1525.178549504056,1489.4306439470151,0.6062869782957221
2018,REG,2,SF,DET,30.0,27.0,1,1452.7087105859212,1498.9716199243148,1462.4572898984218,1489.2230406118142,0.5125710343749658
2018,REG,2,DEN,OAK,20.0,19.0,1,1496.4191277794944,1478.681919530518,1504.35564196943,1470.7454053405822,0.6031742905032217
2018,REG,2,JAX,NE,31.0,20.0,1,1503.6449571059084,1606.0339000129313,1515.0005246234957,1594.678332495344,0.43222162412063364
2018,REG,2,DAL,NYG,20.0,13.0,1,1520.460449350627,1445.5811055659892,1526.8871399223713,1439.154414994245,0.6786654714127852
2018,REG,2,CHI,SEA,24.0,17.0,1,1432.4994615144565,1518.9603701463398,1443.4025123772099,1508.0573192835864,0.4548474568623332
2018,REG,3,CLE,NYJ,21.0,17.0,1,1369.7025571984866,1459.706398398277,1380.7066537076332,1448.7023018891305,0.4497951745426686
2018,REG,3,ATL,NO,37.0,43.0,0,1543.8369469532092,1521.6417987157956,1531.6509458164376,1533.8277998525673,0.6093000568385857
2018,REG,3,BAL,DEN,27.0,14.0,1,1502.2166993822661,1504.35564196943,1510.7068680248449,1495.8654733268513,0.5754915678710678
2018,REG,3,CAR,CIN,31.0,21.0,1,1533.079674107091,1510.2290008267732,1540.8757144749582,1502.432960458906,0.610197981606647
2018,REG,3,HOU,NYG,22.0,27.0,0,1444.3114887009565,1439.154414994245,1432.5971267152372,1450.8687769799642,0.585718099285961
2018,REG,3,JAX,TEN,6.0,9.0,0,1515.0005246234957,1498.2435112950052,1502.9640654817656,1510.2799704367353,0.6018229570865075
2018,REG,3,KC,SF,38.0,27.0,1,1558.1274959239217,1462.4572898984218,1564.0437101883233,1456.5410756340202,0.7041892867799234
2018,REG,3,MIA,OAK,28.0,20.0,1,1503.8458293785727,1470.7454053405822,1511.363081743002,1463.2281529761528,0.6241373817785282
2018,REG,3,MIN,BUF,6.0,27.0,0,1561.001537220174,1484.471212609384,1547.3868468091935,1498.0859030203646,0.6807345205490208
2018,REG,3,PHI,IND,20.0,16.0,1,1564.1403838798747,1457.8649315431144,1569.8054694481434,1452.1998459748456,0.7167457215865681
2018,REG,3,WAS,GB,31.0,17.0,1,1487.8439719015134,1511.8848079402271,1496.9552464999974,1502.7735333417431,0.5444362700757968
2018,REG,3,LA,LAC,35.0,23.0,1,1525.178549504056,1516.5596357577283,1533.3676443107947,1508.3705409509896,0.5905452596630706
2018,REG,3,ARI,CHI,14.0,16.0,0,1489.4306439470151,1443.4025123772099,1476.6020967800093,1456.2310595442157,0.6414273583502852
2018,REG,3,SEA,DAL,24.0,13.0,1,1508.0573192835864,1526.8871399223713,1517.020002641215,1517.9244565647427,0.5518658321185725
2018,REG,3,DET,NE,26.0,10.0,1,1489.2230406118142,1594.678332495344,1500.6651372080953,1583.2362358990629,0.42789517018594814
2018,REG,3,TB,PIT,27.0,30.0,0,1492.4882107140068,1550.1232408626797,1482.5640515241278,1560.0474000525587,0.49620795949394503
2018,REG,4,LA,MIN,38.0,31.0,1,1533.3676443107947,1547.3868468091935,1542.1935619944,1538.5609291255882,0.5587041158197398
2018,REG,4,ATL,CIN,36.0,37.0,0,1531.6509458164376,1502.432960458906,1519.2733430451938,1514.81056323015,0.6188801385621885
2018,REG,4,CHI,TB,48.0,10.0,1,1456.2310595442157,1482.5640515241278,1465.4078240613323,1473.387287007011,0.5411617741441611
2018,REG,4,DAL,DET,26.0,24.0,1,1517.9244565647427,1500.6651372080953,1525.8741435596166,1492.7154502132214,0.6025156502563093
2018,REG,4,GB,BUF,22.0,0.0,1,1502.7735333417431,1498.0859030203646,1511.0722889404592,1489.7871474216486,0.5850622200641955
2018,REG,4,IND,HOU,34.0,37.0,0,1452.1998459748456,1432.5971267152372,1440.085010093754,1444.711962596329,0.6057417940545908
2018,REG,4,JAX,NYJ,31.0,12.0,1,1502.9640654817656,1448.7023018891305,1509.9189875602783,1441.7473798106178,0.6522538960743616
2018,REG,4,NE,MIA,38.0,7.0,1,1583.2362358990629,1511.363081743002,1589.7386357616558,1504.8606818804092,0.6748800068703529
2018,REG,4,TEN,PHI,26.0,23.0,1,1510.2799704367353,1569.8054694481434,1520.410217402861,1559.6752224820177,0.49348765169371805
2018,REG,4,ARI,SEA,17.0,20.0,0,1476.6020967800093,1517.020002641215,1466.182636641593,1527.4394627796312,0.5209730069208168
2018,REG,4,OAK,CLE,45.0,42.0,1,1463.2281529761528,1380.7066537076332,1469.4644969598144,1374.4703097239717,0.6881828008169201
2018,REG,4,LAC,SF,29.0,27.0,1,1508.3705409509896,1456.5410756340202,1515.389113435075,1449.522503149935,0.6490713757957294
2018,REG,4,NYG,NO,18.0,33.0,0,1450.8687769799642,1533.8277998525673,1441.6717697458555,1543.024807086676,0.45985036170543764
2018,REG,4,PIT,BAL,14.0,26.0,0,1560.0474000525587,1510.7068680248449,1547.1313806043017,1523.6228874731019,0.6458009724128518
2018,REG,4,DEN,KC,23.0,27.0,0,1495.8654733268513,1564.0437101883233,1486.2445916803938,1573.6645918347808,0.4810440823228751
2018,REG,5,NE,IND,38.0,24.0,1,1589.7386357616558,1440.085010093754,1594.446584131586,1435.3770617238238,0.7646025815034898
2018,REG,5,BUF,TEN,13.0,12.0,1,1489.7871474216486,1520.410217402861,1499.0866720247773,1511.1106927997323,0.5350237698435667
2018,REG,5,CAR,NYG,33.0,31.0,1,1540.8757144749582,1441.6717697458555,1546.7075353591365,1435.8399488616772,0.7084089557910871
2018,REG,5,CIN,MIA,27.0,17.0,1,1514.81056323015,1504.8606818804092,1522.9626318517608,1496.7086132587983,0.592396568919454
2018,REG,5,CLE,BAL,12.0,9.0,1,1374.4703097239717,1523.6228874731019,1387.115794634949,1510.9774025621246,0.36772575445113664
2018,REG,5,DET,GB,31.0,23.0,1,1492.7154502132214,1511.0722889404592,1501.6646684518357,1502.1230707018449,0.5525390880692833
2018,REG,5,KC,JAX,30.0,14.0,1,1573.6645918347808,1509.9189875602783,1580.373959931648,1503.2096194634112,0.664531595156646
2018,REG,5,NYJ,DEN,34.0,16.0,1,1441.7473798106178,1486.2445916803938,1451.445177315601,1476.5467941754105,0.5151101247508354
2018,REG,5,PIT,ATL,41.0,17.0,1,1547.1313806043017,1519.2733430451938,1554.7907417685492,1511.6139818809463,0.6170319417876242
2018,REG,5,LAC,OAK,26.0,10.0,1,1515.389113435075,1469.4644969598144,1522.5633075303788,1462.2903028645105,0.6412902952348066
2018,REG,5,PHI,MIN,21.0,23.0,0,1559.6752224820177,1538.5609291255882,1547.5188643135787,1550.7172872940273,0.6078179084219584
2018,REG,5,SEA,LA,31.0,33.0,0,1527.4394627796312,1542.1935619944,1516.2862460675221,1553.346778706509,0.5576608356054479
2018,REG,5,SF,ARI,18.0,28.0,0,1449.522503149935,1466.182636641593,1438.4234506491696,1477.2816891423583,0.5549526250382609
2018,REG,5,HOU,DAL,19.0,16.0,1,1444.711962596329,1525.8741435596166,1455.4635506770312,1515.1225554789144,0.46242059596488383
2018,REG,5,NO,WAS,43.0,19.0,1,1543.024807086676,1496.9552464999974,1550.1951629356506,1489.7848906510228,0.6414822075512702
2018,REG,6,NYG,PHI,13.0,34.0,0,1435.8399488616772,1547.5188643135787,1427.4569798673958,1555.90183330786,0.4191484497140678
2018,REG,6,ATL,TB,34.0,29.0,1,1511.6139818809463,1473.387287007011,1518.9932983895521,1466.0079704984053,0.6310341745697051
2018,REG,6,CIN,PIT,21.0,28.0,0,1522.9626318517608,1554.7907417685492,1512.296678359297,1565.456695261013,0.533297674623191
2018,REG,6,CLE,LAC,14.0,38.0,0,1387.115794634949,1522.5633075303788,1379.3907484507185,1530.2883537146092,0.3862523092115194
2018,REG,6,HOU,BUF,20.0,13.0,1,1455.4635506770312,1499.0866720247773,1465.1362147745385,1489.41400792727,0.5163667951246358
2018,REG,6,MIA,CHI,31.0,28.0,1,1496.7086132587983,1465.4078240613323,1504.2745326024467,1457.841904717684,0.6217040328175795
2018,REG,6,MIN,ARI,27.0,17.0,1,1550.7172872940273,1477.2816891423583,1557.1802800176847,1470.818696418701,0.67685036381713
2018,REG,6,NYJ,IND,42.0,34.0,1,1451.445177315601,1435.3770617238238,1459.4277315941572,1427.3945074452677,0.6008722860721994
2018,REG,6,OAK,SEA,3.0,27.0,0,1462.2903028645105,1516.2862460675221,1452.2614038672953,1526.3151450647374,0.5014449498607609
2018,REG,6,WAS,CAR,23.0,17.0,1,1489.7848906510228,1546.7075353591365,1499.8402282492043,1536.652197760955,0.49723312009092696
2018,REG,6,DEN,LA,20.0,23.0,0,1476.5467941754105,1553.346778706509,1467.1734260370042,1562.7201468449152,0.4686684069203178
2018,REG,6,DAL,JAX,40.0,7.0,1,1515.1225554789144,1503.2096194634112,1523.2201097774719,1495.1120651648537,0.5951222850721212
2018,REG,6,TEN,BAL,0.0,21.0,0,1511.1106927997323,1510.9774025621246,1499.5370161325827,1522.5510792292741,0.5786838333574841
2018,REG,6,NE,KC,43.0,40.0,1,1594.446584131586,1580.373959931648,1602.48429892932,1572.336245133914,0.5981142601133032
2018,REG,6,GB,SF,33.0,30.0,1,1502.1230707018449,1438.4234506491696,1508.833619066909,1431.7129022841054,0.6644725817467969
2018,REG,7,ARI,DEN,10.0,45.0,0,1470.818696418701,1467.1734260370042,1459.1466000237642,1478.845522431941,0.5836048197468369
2018,REG,7,CHI,NE,31.0,38.0,0,1457.841904717684,1602.48429892932,1450.366252021822,1609.959951625182,0.37378263479309737
2018,REG,7,IND,BUF,37.0,5.0,1,1427.3945074452677,1489.41400792727,1437.5965174243986,1479.211997948139,0.48989950104344854
2018,REG,7,JAX,HOU,7.0,20.0,0,1495.1120651648537,1465.1362147745385,1482.7138930789436,1477.5343868604486,0.6199086042955023
2018,REG,7,MIA,DET,21.0,32.0,0,1504.2745326024467,1501.6646684518357,1492.6314187319722,1513.3077823223102,0.5821556935237256
2018,REG,7,NYJ,MIN,17.0,37.0,0,1459.4277315941572,1557.1802800176847,1450.6520755211218,1565.9559360907201,0.43878280365176653
2018,REG,7,PHI,CAR,17.0,21.0,0,1555.90183330786,1536.652197760955,1543.796707552607,1548.757323516208,0.6052562877626546
2018,REG,7,TB,CLE,26.0,23.0,1,1466.0079704984053,1379.3907484507185,1472.1435801526475,1373.2551387964763,0.6932195172878866
2018,REG,7,BAL,NO,23.0,24.0,0,1522.5510792292741,1550.1951629356506,1511.765335724053,1560.9809064408716,0.5392871752610554
2018,REG,7,SF,LA,10.0,39.0,0,1431.7129022841054,1562.7201468449152,1423.8663224134502,1570.5667267155704,0.3923289935327556
2018,REG,7,WAS,DAL,20.0,17.0,1,1499.8402282492043,1523.2201097774719,1508.9326325170307,1514.1277055096455,0.5453797866086797
2018,REG,7,KC,CIN,45.0,10.0,1,1572.336245133914,1512.296678359297,1579.1410626551447,1505.4918608380663,0.6597591239384696
2018,REG,7,LAC,TEN,20.0,19.0,1,1530.2883537146092,1499.5370161325827,1537.869156294996,1491.956213552196,0.620959870980665
2018,REG,7,ATL,NYG,23.0,20.0,1,1518.9932983895521,1427.4569798673958,1525.0091317158763,1421.4411465410717,0.6992083336837956
2018,REG,8,HOU,MIA,42.0,23.0,1,1477.5343868604486,1492.6314187319722,1486.3909103819162,1483.7748952105046,0.5571738239266179
2018,REG,8,CAR,BAL,36.0,21.0,1,1548.757323516208,1511.765335724053,1556.169767740096,1504.3528915001652,0.6293777888056047
2018,REG,8,CHI,NYJ,24.0,10.0,1,1450.366252021822,1450.6520755211218,1458.8043419089681,1442.2139856339757,0.5780955056426934
2018,REG,8,CIN,TB,37.0,34.0,1,1505.4918608380663,1472.1435801526475,1513.0024202366933,1464.6330207540204,0.6244720300686468
2018,REG,8,DET,SEA,14.0,28.0,0,1513.3077823223102,1526.3151450647374,1502.1049882680732,1537.5179391189745,0.560139702711848
2018,REG,8,KC,DEN,30.0,23.0,1,1579.1410626551447,1478.845522431941,1584.9469575193846,1473.039627567701,0.7097052567880012
2018,REG,8,NYG,WAS,13.0,20.0,0,1421.4411465410717,1508.9326325170307,1412.373609942167,1518.0001691159355,0.4533768299452382
2018,REG,8,PIT,CLE,33.0,18.0,1,1565.456695261013,1373.2551387964763,1569.3405089508044,1369.371325106685,0.8058093155104332
2018,REG,8,OAK,IND,28.0,42.0,0,1452.2614038672953,1437.5965174243986,1440.2827338771358,1449.575187414558,0.5989334995079725
2018,REG,8,ARI,SF,18.0,15.0,1,1459.1466000237642,1423.8663224134502,1466.6050708864059,1416.4078515508086,0.6270764568679175
2018,REG,8,LA,GB,29.0,27.0,1,1570.5667267155704,1508.833619066909,1577.3278449887248,1502.0725007937547,0.6619440863422879
2018,REG,8,MIN,NO,20.0,30.0,0,1565.9559360907201,1560.9809064408716,1554.2466602153202,1572.6901823162716,0.585463793769994
2018,REG,8,JAX,PHI,18.0,24.0,0,1482.7138930789436,1543.796707552607,1472.8889526669475,1553.621647964603,0.4912470205997992
2018,REG,8,BUF,NE,6.0,25.0,0,1479.211997948139,1609.959951625182,1471.3583000185251,1617.8136495547958,0.39268489648069477
2018,REG,9,SF,OAK,34.0,3.0,1,1416.4078515508086,1440.2827338771358,1425.5143875456213,1431.176197882323,0.5446732002593616
2018,REG,9,BAL,PIT,16.0,23.0,0,1504.3528915001652,1569.3405089508044,1494.6402790797856,1579.053121371184,0.4856306210189775
2018,REG,9,BUF,CHI,9.0,41.0,0,1471.3583000185251,1458.8043419089681,1459.4380782421022,1470.724563685391,0.5960110888211487
2018,REG,9,CAR,TB,42.0,28.0,1,1556.169767740096,1464.6330207540204,1562.1855906918017,1458.6171978023146,0.6992088524147153
2018,REG,9,CLE,KC,21.0,37.0,0,1369.371325106685,1584.9469575193846,1363.6898678915397,1590.6284147345298,0.2840728607572605
2018,REG,9,MIA,NYJ,13.0,6.0,1,1483.7748952105046,1442.2139856339757,1491.0650632047632,1434.923817639717,0.6354916002870735
2018,REG,9,MIN,DET,24.0,9.0,1,1554.2466602153202,1502.1049882680732,1561.2570476253752,1495.094600858018,0.6494806294972475
2018,REG,9,WAS,ATL,14.0,38.0,0,1518.0001691159355,1525.0091317158763,1506.6275943817795,1536.3817064500322,0.568628736707794
2018,REG,9,DEN,HOU,17.0,19.0,0,1473.039627567701,1486.3909103819162,1461.8465902798198,1497.5839476697975,0.559651864394059
2018,REG,9,SEA,LAC,17.0,25.0,0,1537.5179391189745,1537.869156294996,1525.9578653243952,1549.4292300895752,0.5780036897289644
2018,REG,9,NO,LA,45.0,35.0,1,1572.6901823162716,1577.3278449887248,1581.2507056284583,1568.7673216765381,0.571973834390672
2018,REG,9,NE,GB,31.0,17.0,1,1617.8136495547958,1502.0725007937547,1623.2601228194615,1496.626027529089,0.7276763367667126
2018,REG,9,DAL,TEN,14.0,28.0,0,1514.1277055096455,1491.956213552196,1501.9423527283366,1504.141566333505,0.6092676390654416
2018,REG,10,PIT,CAR,52.0,21.0,1,1579.053121371184,1562.1855906918017,1587.0136134010638,1554.225098661922,0.6019753985060062
2018,REG,10,CHI,DET,34.0,22.0,1,1470.724563685391,1495.094600858018,1479.8452394050014,1485.9739251384078,0.5439662140194836
2018,REG,10,CIN,NO,14.0,51.0,0,1513.0024202366933,1581.2507056284583,1503.383551835751,1590.8695740294006,0.4809434200471217
2018,REG,10,CLE,ATL,28.0,16.0,1,1363.6898678915397,1536.3817064500322,1376.9534272335084,1523.1181471080636,0.3368220329015643
2018,REG,10,IND,JAX,29.0,26.0,1,1449.575187414558,1472.8889526669475,1458.6657044110248,1463.7984356704808,0.5454741501766602
2018,REG,10,KC,ARI,26.0,14.0,1,1590.6284147345298,1466.6050708864059,1595.8879986012216,1461.345487019714,0.7370208066654073
2018,REG,10,NYJ,BUF,10.0,41.0,0,1434.923817639717,1459.4380782421022,1424.0486124967922,1470.313283385027,0.5437602571462395
2018,REG,10,TB,WAS,3.0,16.0,0,1458.6171978023146,1506.6275943817795,1448.4160479801217,1516.8287442039725,0.5100574911096504
2018,REG,10,TEN,NE,34.0,10.0,1,1504.141566333505,1623.2601228194615,1515.966377166704,1611.4353119862624,0.40875945834004274
2018,REG,10,OAK,LAC,6.0,20.0,0,1431.176197882323,1549.4292300895752,1422.9769155678641,1557.6285124040342,0.40996411572295316
2018,REG,10,GB,MIA,31.0,12.0,1,1496.626027529089,1491.0650632047632,1504.9003845505363,1482.790706183316,0.5862821489276386
2018,REG,10,LA,SEA,36.0,31.0,1,1568.7673216765381,1525.9578653243952,1576.0242249957905,1518.7009620051429,0.6371548340373787
2018,REG,10,PHI,DAL,20.0,27.0,0,1553.621647964603,1501.9423527283366,1540.6441589981127,1514.9198416948268,0.6488744483245158
2018,REG,10,SF,NYG,23.0,27.0,0,1425.5143875456213,1412.373609942167,1413.5779038137441,1424.310093674044,0.5968241865938564
2018,REG,11,SEA,GB,27.0,24.0,1,1518.7009620051429,1504.9003845505363,1526.7462065887528,1496.8551399669263,0.5977377708195055
2018,REG,11,ATL,DAL,19.0,22.0,0,1523.1181471080636,1514.9198416948268,1511.3189535534814,1526.719035249409,0.5899596777291134
2018,REG,11,BAL,CIN,24.0,21.0,1,1494.6402790797856,1503.383551835751,1503.3167145513596,1494.707116364177,0.566178226421302
2018,REG,11,DET,CAR,20.0,19.0,1,1485.9739251384078,1554.225098661922,1496.3551397438014,1543.8438840565284,0.4809392697303178
2018,REG,11,IND,TEN,38.0,10.0,1,1458.6657044110248,1515.966377166704,1468.7319221280527,1505.900159449676,0.49668911414859906
2018,REG,11,JAX,PIT,16.0,20.0,0,1463.7984356704808,1587.0136134010638,1455.7369804225218,1595.0750686490228,0.4030727623979482
2018,REG,11,NYG,TB,38.0,35.0,1,1424.310093674044,1448.4160479801217,1433.4232277543995,1439.3029138997663,0.544343295982233
2018,REG,11,WAS,HOU,21.0,23.0,0,1516.8287442039725,1497.5839476697975,1504.7237515549123,1509.6889403188577,0.605249632453012
2018,REG,11,ARI,OAK,21.0,23.0,0,1461.345487019714,1422.9769155678641,1448.7210008558407,1435.6014017317375,0.6312243081936674
2018,REG,11,LAC,DEN,22.0,23.0,0,1557.6285124040342,1461.8465902798198,1543.5420478225642,1475.9330548612897,0.7043232290735031
2018,REG,11,NO,PHI,48.0,7.0,1,1590.8695740294006,1540.6441589981127,1597.9302686158935,1533.5834644116198,0.6469652706753514
2018,REG,11,CHI,MIN,25.0,20.0,1,1479.8452394050014,1561.2570476253752,1490.6039713625994,1550.4983156677772,0.4620634021200953
2018,REG,11,LA,KC,54.0,51.0,1,1576.0242249957905,1595.8879986012216,1585.0163566952776,1586.8958669017345,0.5503934150256448
2018,REG,12,DET,CHI,16.0,23.0,0,1496.3551397438014,1490.6039713625994,1484.6241857771208,1502.33492532928,0.5865476983340222
2018,REG,12,DAL,WAS,31.0,23.0,1,1526.719035249409,1504.7237515549123,1534.5385124728298,1496.9042743314915,0.609026138828964
2018,REG,12,NO,ATL,31.0,17.0,1,1597.9302686158935,1511.3189535534814,1604.066022898323,1505.183199271052,0.6932122858785279
2018,REG,12,BAL,OAK,34.0,17.0,1,1503.3167145513596,1435.6014017317375,1509.9245833705688,1428.9935329125283,0.6696065590395428
2018,REG,12,BUF,JAX,24.0,21.0,1,1470.313283385027,1455.7369804225218,1478.3370633341801,1447.7132004733687,0.598811002542344
2018,REG,12,CAR,SEA,27.0,30.0,0,1543.8438840565284,1526.7462065887528,1531.7980283258257,1538.7920623194555,0.6022927865351329
2018,REG,12,CIN,CLE,20.0,35.0,0,1494.707116364177,1376.9534272335084,1480.1077959988784,1391.552747598807,0.7299660182649325
2018,REG,12,NYJ,NE,13.0,27.0,0,1424.0486124967922,1611.4353119862624,1417.6847116770557,1617.7992128059989,0.31819504098682
2018,REG,12,PHI,NYG,25.0,22.0,1,1533.5834644116198,1433.4232277543995,1539.3925691133697,1427.6141230526496,0.7095447649125075
2018,REG,12,TB,SF,27.0,9.0,1,1439.3029138997663,1413.5779038137441,1447.0203878112786,1405.8604299022318,0.6141263044243792
2018,REG,12,LAC,ARI,45.0,10.0,1,1543.5420478225642,1448.7210008558407,1549.4786470944866,1442.7844015839182,0.7031700364038749
2018,REG,12,DEN,PIT,24.0,17.0,1,1475.9330548612897,1595.0750686490228,1487.7585183596307,1583.2496051506819,0.40872682508295843
2018,REG,12,IND,MIA,27.0,24.0,1,1468.7319221280527,1482.790706183316,1477.5589633712718,1473.9636649400968,0.5586479378390453
2018,REG,12,MIN,GB,24.0,17.0,1,1550.4983156677772,1496.8551399669263,1557.4693999703634,1489.8840556643402,0.651445784870686
2018,REG,12,HOU,TEN,34.0,17.0,1,1509.6889403188577,1505.900159449676,1518.0128291242725,1497.5762706442613,0.5838055597292647
2018,REG,13,DAL,NO,13.0,10.0,1,1534.5385124728298,1604.066022898323,1544.9564043195714,1593.6481310515812,0.4791054076629128
2018,REG,13,ATL,BAL,16.0,26.0,0,1505.183199271052,1509.9245833705688,1493.7466461923561,1521.3611364492647,0.5718276539347955
2018,REG,13,CIN,DEN,10.0,24.0,0,1480.1077959988784,1487.7585183596307,1468.7533491781169,1499.1129651803922,0.5677223410380691
2018,REG,13,DET,LA,16.0,30.0,0,1484.6241857771208,1585.0163566952776,1475.923294292415,1593.7172481799835,0.43504457423529147
2018,REG,13,GB,ARI,17.0,20.0,0,1489.8840556643402,1442.7844015839182,1477.027159901289,1455.6412973469694,0.6428447881525557
2018,REG,13,HOU,CLE,29.0,13.0,1,1518.0128291242725,1391.552747598807,1523.2182195143328,1386.3473572087466,0.73973048049698
2018,REG,13,JAX,IND,6.0,0.0,1,1447.7132004733687,1477.5589633712718,1456.990465680904,1468.2816981637366,0.5361367396232422
2018,REG,13,MIA,BUF,21.0,17.0,1,1473.9636649400968,1478.3370633341801,1482.5167405380594,1469.7839877362176,0.5723462201018775
2018,REG,13,NYG,CHI,30.0,27.0,1,1427.6141230526496,1502.33492532928,1438.1811245755825,1491.767923806347,0.4716499238533552
2018,REG,13,TB,CAR,24.0,17.0,1,1447.0203878112786,1531.7980283258257,1457.875364762983,1520.9430513741213,0.45725115241477626
2018,REG,13,OAK,KC,33.0,40.0,0,1428.9935329125283,1586.8958669017345,1421.8716319962118,1594.017767818051,0.3560950458158248
2018,REG,13,TEN,NYJ,26.0,22.0,1,1497.5762706442613,1417.6847116770557,1503.8777723938679,1411.3832099274491,0.6849249125196737
2018,REG,13,NE,MIN,24.0,10.0,1,1617.7992128059989,1557.4693999703634,1624.5965312485318,1550.6720815278304,0.6601340778733489
2018,REG,13,SEA,SF,43.0,16.0,1,1538.7920623194555,1405.8604299022318,1543.8552919427198,1400.7972002789675,0.7468385188367872
2018,REG,13,PIT,LAC,30.0,33.0,0,1583.2496051506819,1549.4786470944866,1570.7487563198445,1561.979495925324,0.6250424415418716
2018,REG,13,PHI,WAS,28.0,13.0,1,1539.3925691133697,1496.9042743314915,1546.658022816279,1489.6388206285822,0.6367273148545324
2018,REG,14,TEN,JAX,30.0,9.0,1,1503.8777723938679,1456.990465680904,1511.0264906187895,1449.8417474559824,0.6425640887539257
2018,REG,14,BUF,NYJ,23.0,27.0,0,1469.7839877362176,1411.3832099274491,1456.6312215214828,1424.535976142184,0.6576383107367394
2018,REG,14,CLE,CAR,26.0,20.0,1,1386.3473572087466,1520.9430513741213,1398.599049655754,1508.691358927114,0.38741537764962786
2018,REG,14,GB,ATL,34.0,20.0,1,1477.027159901289,1493.7466461923561,1485.9297951081164,1484.8440109855287,0.5548682396586292
2018,REG,14,HOU,IND,21.0,24.0,0,1523.2182195143328,1468.2816981637366,1510.1555317602115,1481.3443859178578,0.653134387706061
2018,REG,14,KC,BAL,27.0,24.0,1,1594.017767818051,1521.3611364492647,1600.500391648222,1514.8785126190937,0.6758688084914557
2018,REG,14,MIA,NE,34.0,33.0,1,1482.5167405380594,1624.5965312485318,1494.9719027041067,1612.1413690824845,0.37724189169763894
2018,REG,14,TB,NO,14.0,28.0,0,1457.875364762983,1593.6481310515812,1450.1591937323922,1601.3643020821721,0.3858085515295399
2018,REG,14,WAS,NYG,16.0,40.0,0,1489.6388206285822,1438.1811245755825,1476.6671454526295,1451.1527997515352,0.6485837587976343
2018,REG,14,LAC,CIN,26.0,21.0,1,1561.979495925324,1468.7533491781169,1567.9544920029316,1462.7783531005093,0.701250196119617
2018,REG,14,SF,DEN,20.0,14.0,1,1400.7972002789675,1499.1129651803922,1412.0375086958127,1487.872656763547,0.4379845791577343
2018,REG,14,ARI,DET,3.0,17.0,0,1455.6412973469694,1475.923294292415,1444.6453456457045,1486.9192459936799,0.5497975850632414
2018,REG,14,DAL,PHI,29.0,23.0,1,1544.9564043195714,1546.658022816279,1553.4342750432897,1538.1801520925608,0.5761064638140849
2018,REG,14,OAK,PIT,24.0,21.0,1,1421.8716319962118,1570.7487563198445,1434.509742036372,1558.1106462796843,0.36809449799198496
2018,REG,14,CHI,LA,15.0,6.0,1,1491.767923806347,1593.7172481799835,1503.1110684725038,1582.3741035138266,0.43284276669215305
2018,REG,14,SEA,MIN,21.0,7.0,1,1543.8552919427198,1550.6720815278304,1552.4772906424812,1542.050082828069,0.5689000650119239
2018,REG,15,KC,LAC,28.0,29.0,0,1600.500391648222,1567.9544920029316,1588.0326266212946,1580.4222570298589,0.6233882513463604
2018,REG,15,NYJ,HOU,22.0,29.0,0,1424.535976142184,1510.1555317602115,1415.4150031943313,1519.276504708064,0.456048647392625
2018,REG,15,DEN,CLE,16.0,17.0,0,1487.872656763547,1398.599049655754,1473.943420070032,1412.528286349269,0.6964618346757391
2018,REG,15,ATL,ARI,40.0,14.0,1,1484.8440109855287,1444.6453456457045,1492.1705468171756,1437.3188098140577,0.6336732084176578
2018,REG,15,BAL,TB,20.0,12.0,1,1514.8785126190937,1450.1591937323922,1521.5629127496397,1443.4747936018462,0.6657799934726994
2018,REG,15,BUF,DET,14.0,13.0,1,1456.6312215214828,1486.9192459936799,1465.9211507076102,1477.6293168075524,0.535503540693627
2018,REG,15,CHI,GB,24.0,17.0,1,1503.1110684725038,1485.9297951081164,1511.0629074792398,1477.9779561013804,0.6024080496631953
2018,REG,15,CIN,OAK,30.0,16.0,1,1462.7783531005093,1434.509742036372,1470.426547522256,1426.8615476146254,0.617590278912662
2018,REG,15,IND,DAL,23.0,0.0,1,1481.3443859178578,1553.4342750432897,1491.8358761402867,1542.9427848208609,0.4754254888785607
2018,REG,15,JAX,WAS,13.0,16.0,0,1449.8417474559824,1476.6671454526295,1439.032590140683,1487.476302767929,0.5404578657649751
2018,REG,15,MIN,MIA,41.0,17.0,1,1542.050082828069,1494.9719027041067,1549.193754699211,1487.8282308329647,0.6428164064428981
2018,REG,15,NYG,TEN,0.0,17.0,0,1451.1527997515352,1511.0264906187895,1441.2930666506054,1520.8862237197193,0.492986655046488
2018,REG,15,SF,SEA,26.0,23.0,1,1412.0375086958127,1552.4772906424812,1424.4482618060044,1540.0665375322894,0.3794623444904101
2018,REG,15,PIT,NE,17.0,10.0,1,1558.1106462796843,1612.1413690824845,1568.0827483117453,1602.1692670504235,0.5013948983969494
2018,REG,15,LA,PHI,23.0,30.0,0,1582.3741035138266,1538.1801520925608,1569.5941967610004,1550.960058845387,0.6389953376413154
2018,REG,15,CAR,NO,9.0,12.0,0,1508.691358927114,1601.3643020821721,1499.7714437191871,1610.284217290099,0.44599576039633665
2018,REG,16,TEN,WAS,25.0,16.0,1,1520.8862237197193,1487.476302767929,1528.3951189920044,1479.9674074956438,0.6245552363857391
2018,REG,16,LAC,BAL,10.0,22.0,0,1580.4222570298589,1521.5629127496397,1567.2576090948764,1534.7275606846222,0.6582323967491254
2018,REG,16,CAR,ATL,10.0,24.0,0,1499.7714437191871,1492.1705468171756,1487.9888934838582,1503.9530970525045,0.5891275117664456
2018,REG,16,CLE,CIN,26.0,18.0,1,1412.528286349269,1470.426547522256,1422.6117030765354,1460.3431307949895,0.4958291636366814
2018,REG,16,DAL,TB,27.0,20.0,1,1542.9427848208609,1443.4747936018462,1548.7683282056405,1437.6492502170665,0.7087228307610197
2018,REG,16,DET,MIN,9.0,27.0,0,1477.6293168075524,1549.193754699211,1468.1057187509396,1558.7173527558239,0.47617990283064376
2018,REG,16,IND,NYG,28.0,27.0,1,1491.8358761402867,1441.2930666506054,1498.8882268724828,1434.2407159184093,0.6473824633901948
2018,REG,16,MIA,JAX,7.0,17.0,0,1487.8282308329647,1439.032590140683,1474.9265675998372,1451.9342533738104,0.6450831616563771
2018,REG,16,NE,BUF,24.0,12.0,1,1602.1692670504235,1465.9211507076102,1607.1606456408842,1460.9297721171495,0.7504310704769612
2018,REG,16,NYJ,GB,38.0,44.0,0,1415.4150031943313,1477.9779561013804,1405.6326481017184,1487.7603111939934,0.48911775463064516
2018,REG,16,PHI,HOU,32.0,30.0,1,1550.960058845387,1519.276504708064,1558.5156168324595,1511.7209467209916,0.6222221006463771
2018,REG,16,ARI,LA,9.0,31.0,0,1437.3188098140577,1569.5941967610004,1429.507009935808,1577.4059966392501,0.39058999391248744
2018,REG,16,SF,CHI,9.0,14.0,0,1424.4482618060044,1511.0629074792398,1415.3557013156897,1520.1554679695546,0.45462802451573975
2018,REG,16,NO,PIT,31.0,28.0,1,1610.284217290099,1568.0827483117453,1617.5573109003544,1560.8096547014898,0.6363453194872254
2018,REG,16,SEA,KC,38.0,31.0,1,1540.0665375322894,1588.0326266212946,1549.8641129572763,1578.2350511963077,0.5101212287506529
2018,REG,16,OAK,DEN,27.0,14.0,1,1426.8615476146254,1473.943420070032,1436.6336850327555,1464.171282651902,0.5113931290934924
2018,REG,17,BUF,MIA,42.0,17.0,1,1460.9297721171495,1474.9265675998372,1469.7550537699206,1466.1012859470661,0.5587359173614453
2018,REG,17,GB,DET,0.0,31.0,0,1487.7603111939934,1468.1057187509396,1475.6440491039457,1480.2219808409873,0.6058131045023911
2018,REG,17,HOU,JAX,20.0,3.0,1,1511.7209467209916,1451.9342533738104,1518.5323009897754,1445.1228991050266,0.6594322865608117
2018,REG,17,NE,NYJ,38.0,3.0,1,1607.1606456408842,1405.6326481017184,1610.8791918809027,1401.9141018617,0.8140726879990778
2018,REG,17,NO,CAR,14.0,33.0,0,1617.5573109003544,1487.9888934838582,1602.6940987812902,1502.8521056029224,0.7431606059532153
2018,REG,17,NYG,DAL,35.0,36.0,0,1434.2407159184093,1548.7683282056405,1425.9374875796575,1557.0715565443923,0.4151614169375891
2018,REG,17,TB,ATL,32.0,34.0,0,1437.6492502170665,1503.9530970525045,1427.9744863327774,1513.6278609367937,0.4837381942144602
2018,REG,17,BAL,CLE,26.0,24.0,1,1534.7275606846222,1422.6117030765354,1540.2571346681952,1417.0821290929623,0.7235213008213477
2018,REG,17,DEN,LAC,9.0,23.0,0,1464.171282651902,1567.2576090948764,1455.5465482535526,1575.8823434932258,0.431236719917466
2018,REG,17,KC,OAK,35.0,3.0,1,1578.2350511963077,1436.6336850327555,1583.1118964955224,1431.7568397335408,0.7561577350392708
2018,REG,17,LA,SF,48.0,32.0,1,1577.4059966392501,1415.3557013156897,1581.8619317853759,1410.899766169564,0.7772032426937098
2018,REG,17,MIN,CHI,10.0,24.0,0,1558.7173527558239,1520.1554679695546,1546.087686588516,1532.7851341368626,0.6314833083653985
2018,REG,17,PIT,CIN,16.0,13.0,1,1560.8096547014898,1460.3431307949895,1566.6114947801932,1454.541290716286,0.709907996064824
2018,REG,17,SEA,ARI,27.0,24.0,1,1549.8641129572763,1429.507009935808,1555.2059153164582,1424.165207576626,0.7329098820409019
2018,REG,17,WAS,PHI,0.0,24.0,0,1479.9674074956438,1558.5156168324595,1470.6441435085806,1567.8388808195227,0.46616319935315925
2018,REG,17,TEN,IND,17.0,33.0,0,1528.3951189920044,1498.8882268724828,1516.0096724377252,1511.2736734267621,0.6192723277139689
2018,WC,18,HOU,IND,7.0,21.0,0,1518.5323009897754,1511.2736734267621,1506.7592907063665,1523.046683710171,0.5886505141704436
2018,WC,18,DAL,SEA,24.0,22.0,1,1557.0715565443923,1555.2059153164582,1565.4492921233675,1546.828179737483,0.5811132210512401
2018,WC,18,BAL,LAC,17.0,23.0,0,1540.2571346681952,1575.8823434932258,1529.7000606853624,1586.4394174760587,0.5278536991416414
2018,WC,18,CHI,PHI,15.0,16.0,0,1532.7851341368626,1567.8388808195227,1522.2116647117816,1578.4123502446037,0.5286734712540451
2018,DIV,19,KC,IND,31.0,13.0,1,1583.1118964955224,1523.046683710171,1589.9160512401604,1516.242528965533,0.6597922627680974
2018,DIV,19,LA,DAL,30.0,22.0,1,1581.8619317853759,1565.4492921233675,1589.8349753678326,1557.4762485409108,0.601347820877158
2018,DIV,19,NE,LAC,41.0,28.0,1,1610.8791918809027,1586.4394174760587,1618.6317600622795,1578.686849294682,0.6123715909311565
2018,DIV,19,NO,PHI,20.0,14.0,1,1602.6940987812902,1578.4123502446037,1610.4509860190924,1570.6554630068015,0.6121556381098934
2018,CON,20,NO,LA,23.0,26.0,0,1610.4509860190924,1589.8349753678326,1598.308306927493,1601.977654459432,0.6071339545799692
2018,CON,20,KC,NE,31.0,37.0,0,1589.9160512401604,1618.6317600622795,1579.160968490935,1629.386842811505,0.5377541374612764
2018,SB,21,LA,NE,3.0,13.0,0,1601.977654459432,1629.386842811505,1591.1851922212793,1640.1793050496576,0.5396231119076312
2019,REG,1,CHI,GB,3.0,10.0,0,1514.437582062658,1484.1686319175647,1502.031460676627,1496.5747533035958,0.6203060693015572
2019,REG,1,CAR,LA,27.0,30.0,0,1501.8538686418995,1559.2703749438315,1491.923420162718,1569.200823423013,0.49652242395907314
2019,REG,1,CLE,TEN,13.0,43.0,0,1446.1033839104255,1510.4062870845214,1436.3710790160108,1520.1385919789361,0.48661524472073603
2019,REG,1,JAX,KC,26.0,40.0,0,1464.3298844182673,1551.4546295191076,1455.2518829224316,1560.5326310149433,0.4539000747917862
2019,REG,1,MIA,BAL,10.0,59.0,0,1477.965835865593,1519.3050394454856,1467.5728490336755,1529.698026277403,0.5196493415958702
2019,REG,1,MIN,ATL,28.0,12.0,1,1529.9569962825353,1508.8581096089158,1537.801060938687,1501.0140449527642,0.6077967671924224
2019,REG,1,NYJ,BUF,16.0,17.0,0,1436.244166210105,1480.3407849504483,1425.9304446543852,1490.6545065061682,0.5156860777859908
2019,REG,1,PHI,WAS,32.0,27.0,1,1545.926050954421,1480.9186932805774,1552.603074074668,1474.2416701603304,0.6661488439876507
2019,REG,1,LAC,IND,30.0,24.0,1,1551.1464520415432,1510.5576438275964,1558.4625643902982,1503.2415314788414,0.6341943825622441
2019,REG,1,SEA,CIN,21.0,20.0,1,1530.4383168293639,1470.451838965586,1537.244506440604,1463.6456493543458,0.6596905194379984
2019,REG,1,ARI,DET,27.0,27.0,0,1450.707384924807,1487.1442875466416,1450.173603855586,1487.6780686158627,0.5266890534610487
2019,REG,1,DAL,NYG,35.0,17.0,1,1537.359561551592,1451.8593669267773,1543.52255454794,1445.6963739304292,0.6918503501826014
2019,REG,1,TB,SF,17.0,31.0,0,1453.1834161163054,1442.0848480102165,1441.3035715025399,1453.964692623982,0.5939922306882763
2019,REG,1,NE,PIT,33.0,3.0,1,1591.1165482822776,1543.2974716071255,1598.2406471886984,1536.1733727007047,0.6437950546789585
2019,REG,1,NO,HOU,30.0,28.0,1,1563.9003995028704,1504.3935389591381,1570.7189909529677,1497.5749475090408,0.6590704274951328
2019,REG,1,OAK,DEN,24.0,16.0,1,1455.6419458268015,1471.1052563648093,1464.5088751010392,1462.2383270905716,0.5566535362881165
2019,REG,2,CAR,TB,14.0,20.0,0,1491.923420162718,1441.3035715025399,1478.973746320532,1454.2532453447259,0.6474836921093023
2019,REG,2,BAL,ARI,23.0,17.0,1,1529.698026277403,1450.173603855586,1536.0086531755298,1443.862976957459,0.6844686550936593
2019,REG,2,CIN,SF,17.0,41.0,0,1463.6456493543458,1453.964692623982,1451.805194997952,1465.8051469803759,0.5920227178196878
2019,REG,2,DET,LAC,13.0,10.0,1,1487.6780686158627,1558.4625643902982,1498.1320706115885,1548.0085623945724,0.4772999002137058
2019,REG,2,GB,MIN,21.0,16.0,1,1496.5747533035958,1537.801060938687,1506.178522125067,1528.1972921172157,0.519811558926436
2019,REG,2,HOU,JAX,13.0,12.0,1,1497.5749475090408,1455.2518829224316,1504.8448018716263,1447.9820285598462,0.636507281870734
2019,REG,2,MIA,NE,0.0,43.0,0,1467.5728490336755,1598.2406471886984,1459.716950211123,1606.096546011251,0.39279494112761965
2019,REG,2,NYG,BUF,14.0,28.0,0,1445.6963739304292,1490.6545065061682,1435.4074262076838,1500.9434542289137,0.5144473861372683
2019,REG,2,PIT,SEA,26.0,28.0,0,1536.1733727007047,1537.244506440604,1524.6335219681941,1548.7843571731146,0.5769925366255326
2019,REG,2,TEN,IND,17.0,19.0,0,1520.1385919789361,1503.2415314788414,1508.0982694402758,1515.2818540175017,0.602016126933022
2019,REG,2,WAS,DAL,21.0,31.0,0,1474.2416701603304,1543.52255454794,1464.6524757263858,1553.1117489818846,0.4794597216972357
2019,REG,2,OAK,KC,10.0,28.0,0,1464.5088751010392,1560.5326310149433,1455.6841767982435,1569.357329317739,0.4412349151397856
2019,REG,2,DEN,CHI,14.0,16.0,0,1462.2383270905716,1502.031460676627,1451.8009175732586,1512.46887019394,0.521870475865643
2019,REG,2,LA,NO,27.0,9.0,1,1569.200823423013,1570.7189909529677,1577.6735367528997,1562.246277623081,0.5763643335056599
2019,REG,2,ATL,PHI,24.0,20.0,1,1501.0140449527642,1552.603074074668,1510.9158724731406,1542.7012465542916,0.5049086239811794
2019,REG,2,NYJ,CLE,3.0,23.0,0,1425.9304446543852,1436.3710790160108,1414.6549089585758,1447.6466147118201,0.5637767847904708
2019,REG,3,JAX,TEN,20.0,7.0,1,1447.9820285598462,1508.0982694402758,1458.129275166466,1497.951022833656,0.49263766966901107
2019,REG,3,BUF,CIN,21.0,17.0,1,1500.9434542289137,1451.805194997952,1508.0327625193693,1444.7158867074963,0.6455345854772231
2019,REG,3,DAL,MIA,31.0,6.0,1,1553.1117489818846,1459.716950211123,1559.0826780705177,1453.74602112249,0.70145354556835
2019,REG,3,GB,DEN,27.0,16.0,1,1506.178522125067,1451.8009175732586,1513.1304195009368,1444.8490201973889,0.6524051312065168
2019,REG,3,IND,ATL,27.0,24.0,1,1515.2818540175017,1510.9158724731406,1523.5896008836012,1502.608125607041,0.5846126566950306
2019,REG,3,KC,BAL,33.0,28.0,1,1569.357329317739,1536.0086531755298,1576.867878039596,1528.4981044536728,0.6244725639071476
2019,REG,3,MIN,OAK,34.0,14.0,1,1528.1972921172157,1455.6841767982435,1534.6835361466435,1449.1979327688157,0.6756877985286095
2019,REG,3,NE,NYJ,30.0,14.0,1,1606.096546011251,1414.6549089585758,1609.9940683476002,1410.7573866222265,0.805123883182535
2019,REG,3,PHI,DET,24.0,27.0,0,1542.7012465542916,1498.1320706115885,1529.9113775644437,1510.9219396014364,0.6394934494923968
2019,REG,3,ARI,CAR,20.0,38.0,0,1443.862976957459,1478.973746320532,1433.2911433949187,1489.5455798830724,0.528591678127019
2019,REG,3,TB,NYG,31.0,32.0,0,1454.2532453447259,1435.4074262076838,1442.1592300040636,1447.501441548346,0.6047007670331195
2019,REG,3,LAC,HOU,20.0,27.0,0,1548.0085623945724,1504.8448018716263,1535.2560379941226,1517.597326272076,0.6376262200224906
2019,REG,3,SEA,NO,27.0,33.0,0,1548.7843571731146,1562.246277623081,1537.5944590866484,1573.4361757095471,0.5594949043233097
2019,REG,3,SF,PIT,24.0,20.0,1,1465.8051469803759,1524.6335219681941,1475.9153320106748,1514.5233369378952,0.4944907484850546
2019,REG,3,CLE,LA,13.0,20.0,0,1447.6466147118201,1577.6735367528997,1439.7731110384411,1585.5470404262787,0.39367518366895515
2019,REG,3,WAS,CHI,15.0,31.0,0,1464.6524757263858,1512.46887019394,1454.4457443971148,1522.6756015232108,0.510336566463553
2019,REG,4,GB,PHI,27.0,34.0,0,1513.1304195009368,1529.9113775644437,1502.0348027354444,1541.006994329936,0.554780838274623
2019,REG,4,ATL,TEN,10.0,24.0,0,1502.608125607041,1497.951022833656,1490.9077344416967,1509.6514139990004,0.5850195582672185
2019,REG,4,BAL,CLE,25.0,40.0,0,1528.4981044536728,1439.7731110384411,1514.5822285502115,1453.6889869419024,0.6957937951730635
2019,REG,4,BUF,NE,10.0,16.0,0,1508.0327625193693,1609.9940683476002,1499.3762458166464,1618.6505850503231,0.43282583513614736
2019,REG,4,DET,KC,30.0,34.0,0,1510.9219396014364,1576.867878039596,1501.2368848409524,1586.55293280008,0.4842527380241987
2019,REG,4,HOU,CAR,10.0,16.0,0,1517.597326272076,1489.5455798830724,1505.2514181888785,1501.89148796627,0.6172954041598845
2019,REG,4,IND,OAK,24.0,31.0,0,1523.5896008836012,1449.1979327688157,1510.0285417779912,1462.7589918744256,0.6780529552804928
2019,REG,4,MIA,LAC,10.0,30.0,0,1453.74602112249,1535.2560379941226,1444.507563419523,1544.4944956970896,0.46192288514834834
2019,REG,4,NYG,WAS,24.0,3.0,1,1447.501441548346,1454.4457443971148,1456.1270408652144,1445.8201450802464,0.5687200341565777
2019,REG,4,ARI,SEA,10.0,27.0,0,1433.2911433949187,1537.5944590866484,1424.700757576233,1546.184844905334,0.4295192909342901
2019,REG,4,LA,TB,40.0,55.0,0,1585.5470404262787,1442.1592300040636,1570.3860632279204,1457.320207202422,0.7580488599179149
2019,REG,4,CHI,MIN,16.0,6.0,1,1522.6756015232108,1534.6835361466435,1531.4444676584399,1525.9146700114145,0.5615566932385444
2019,REG,4,DEN,JAX,24.0,26.0,0,1444.8490201973889,1458.129275166466,1433.6539677109174,1469.3243276529374,0.5597526243235745
2019,REG,4,NO,DAL,12.0,10.0,1,1573.4361757095471,1559.0826780705177,1581.4661188411546,1551.0527349389101,0.5985028434196218
2019,REG,4,PIT,CIN,27.0,3.0,1,1514.5233369378952,1444.7158867074963,1521.078027318668,1438.1611963267235,0.6722654809613628
2019,REG,5,SEA,LA,30.0,29.0,1,1546.184844905334,1570.3860632279204,1555.3006994045322,1561.2702087287223,0.544207275040094
2019,REG,5,CAR,JAX,34.0,27.0,1,1501.89148796627,1469.3243276529374,1509.4231482825853,1461.7926673366221,0.6234169841842305
2019,REG,5,CIN,ARI,23.0,26.0,0,1438.1611963267235,1424.700757576233,1426.2158586066391,1436.6460952963173,0.597266886004223
2019,REG,5,HOU,ATL,53.0,32.0,1,1505.2514181888785,1490.9077344416967,1513.2816328256345,1482.8775198049407,0.5984892681622034
2019,REG,5,NO,TB,31.0,24.0,1,1581.4661188411546,1457.320207202422,1586.7229681283807,1452.0633579151959,0.7371575356386956
2019,REG,5,NYG,MIN,10.0,28.0,0,1456.1270408652144,1525.9146700114145,1446.552406220846,1535.489304655783,0.47873173221842513
2019,REG,5,OAK,CHI,24.0,21.0,1,1462.7589918744256,1531.4444676584399,1473.1526879365322,1521.0507715963333,0.4803151968946733
2019,REG,5,PHI,NYJ,31.0,6.0,1,1541.006994329936,1410.7573866222265,1546.1288272939748,1405.6355536581877,0.743908351798061
2019,REG,5,PIT,BAL,23.0,26.0,0,1521.078027318668,1514.5822285502115,1509.326291059769,1526.3339648091107,0.5875868129449618
2019,REG,5,TEN,BUF,7.0,14.0,0,1509.6514139990004,1499.3762458166464,1497.7944413954813,1511.2332184201655,0.5928486301759539
2019,REG,5,WAS,NE,7.0,33.0,0,1445.8201450802464,1618.6505850503231,1439.0872683374587,1625.3834617931109,0.3366438371393911
2019,REG,5,LAC,DEN,13.0,20.0,0,1544.4944956970896,1433.6539677109174,1530.0534889870357,1448.0949744209713,0.722050335502699
2019,REG,5,DAL,GB,24.0,34.0,0,1551.0527349389101,1502.0348027354444,1538.1452134247388,1514.9423242496157,0.6453760757085696
2019,REG,5,KC,IND,13.0,19.0,0,1586.55293280008,1510.0285417779912,1572.93839085802,1523.6430837200512,0.6807270971029998
2019,REG,5,SF,CLE,31.0,3.0,1,1475.9153320106748,1453.6889869419024,1483.728475881572,1445.8758430710052,0.6093428064551443
2019,REG,6,NE,NYG,35.0,14.0,1,1625.3834617931109,1446.552406220846,1629.5138333380628,1442.422034675894,0.7934814227524046
2019,REG,6,TB,CAR,26.0,37.0,0,1452.0633579151959,1509.4231482825853,1442.1312770973248,1519.3552291004564,0.496604040893561
2019,REG,6,BAL,CIN,23.0,17.0,1,1526.3339648091107,1426.2158586066391,1532.1440691952662,1420.4057542204837,0.7094947806922249
2019,REG,6,CLE,SEA,28.0,32.0,0,1445.8758430710052,1555.3006994045322,1437.4296279749706,1563.7469145005668,0.4223107548017318
2019,REG,6,JAX,NO,6.0,13.0,0,1461.7926673366221,1586.7229681283807,1453.7786763685422,1594.7369590964606,0.4006995484040018
2019,REG,6,KC,HOU,24.0,31.0,0,1572.93839085802,1513.2816328256345,1559.7531051196206,1526.466918564034,0.659264286919977
2019,REG,6,MIA,WAS,16.0,17.0,0,1444.507563419523,1439.0872683374587,1432.7858489349574,1450.8089828220243,0.5860857242282762
2019,REG,6,MIN,PHI,38.0,20.0,1,1535.489304655783,1546.1288272939748,1544.21940069879,1537.3987312509678,0.5634951978496463
2019,REG,6,ARI,ATL,34.0,33.0,1,1436.6460952963173,1482.8775198049407,1446.393768977472,1473.129846123786,0.512616315942257
2019,REG,6,LA,SF,7.0,20.0,0,1561.2702087287223,1483.728475881572,1547.630237917794,1497.3684466925004,0.6819985405464243
2019,REG,6,DEN,TEN,16.0,0.0,1,1448.0949744209713,1497.7944413954813,1457.9424246520114,1487.9469911644412,0.5076274884479937
2019,REG,6,NYJ,DAL,24.0,22.0,1,1405.6355536581877,1538.1452134247388,1417.8301728800827,1525.9505942028438,0.39026903890525144
2019,REG,6,LAC,PIT,17.0,24.0,0,1530.0534889870357,1509.326291059769,1517.9077568026219,1521.4720232441828,0.607286609220691
2019,REG,6,GB,DET,23.0,22.0,1,1514.9423242496157,1501.2368848409524,1522.9902026351579,1493.1890064554102,0.5976060807228925
2019,REG,7,DEN,KC,6.0,30.0,0,1457.9424246520114,1559.7531051196206,1449.281650605933,1568.413879165699,0.43303870230391334
2019,REG,7,ATL,LA,10.0,37.0,0,1473.129846123786,1547.630237917794,1463.6905238915817,1557.069560149998,0.47196611161021096
2019,REG,7,BUF,MIA,31.0,21.0,1,1511.2332184201655,1432.7858489349574,1517.5706564047512,1426.4484109503717,0.6831281007707184
2019,REG,7,CIN,JAX,17.0,27.0,0,1420.4057542204837,1453.7786763685422,1409.784079625645,1464.4003509633808,0.531083729741932
2019,REG,7,DET,MIN,30.0,42.0,0,1493.1890064554102,1544.21940069879,1483.074756988768,1554.3336501654321,0.505712473332109
2019,REG,7,GB,OAK,42.0,24.0,1,1522.9902026351579,1473.1526879365322,1530.061100661451,1466.081789910239,0.6464550986853407
2019,REG,7,IND,HOU,30.0,23.0,1,1523.6430837200512,1526.466918564034,1532.1525214857054,1517.9574807983797,0.5745281117172956
2019,REG,7,NYG,ARI,21.0,27.0,0,1442.422034675894,1446.393768977472,1430.9637933862857,1457.8520102670805,0.5729120644804161
2019,REG,7,WAS,SF,0.0,9.0,0,1450.8089828220243,1497.3684466925004,1440.5660924455676,1507.611337068957,0.5121445188228345
2019,REG,7,TEN,LAC,23.0,20.0,1,1487.9469911644412,1517.9077568026219,1497.2275492056992,1508.6271987613638,0.5359720979370951
2019,REG,7,CHI,NO,25.0,36.0,0,1521.0507715963333,1594.7369590964606,1511.5880853228223,1604.1996453699717,0.4731343136755475
2019,REG,7,SEA,BAL,16.0,30.0,0,1563.7469145005668,1532.1440691952662,1551.3046567931904,1544.5863269026427,0.6221128853688218
2019,REG,7,DAL,PHI,37.0,10.0,1,1525.9505942028438,1537.3987312509678,1534.7035954415712,1528.6457300122404,0.5623499380636258
2019,REG,7,NYJ,NE,0.0,33.0,0,1417.8301728800827,1629.5138333380628,1412.0571480786134,1635.2868581395321,0.2886512400734643
2019,REG,8,MIN,WAS,19.0,9.0,1,1554.3336501654321,1440.5660924455676,1559.8252660346911,1435.0744765763086,0.7254192065370512
2019,REG,8,ATL,SEA,20.0,27.0,0,1463.6905238915817,1551.3046567931904,1454.6264865461644,1560.3686941386077,0.45320186727087
2019,REG,8,BUF,PHI,13.0,31.0,0,1517.5706564047512,1528.6457300122404,1506.3130884045424,1539.903298012449,0.5628784000104393
2019,REG,8,CHI,LAC,16.0,17.0,0,1511.5880853228223,1508.6271987613638,1499.9351426197613,1520.2801414644248,0.5826471351530419
2019,REG,8,DET,NYG,31.0,26.0,1,1483.074756988768,1430.9637933862857,1490.0859492800569,1423.952601094997,0.6494403854355647
2019,REG,8,IND,DEN,15.0,13.0,1,1532.1525214857054,1449.281650605933,1538.3802374182978,1443.0539346733406,0.6886142033703821
2019,REG,8,JAX,NYJ,29.0,15.0,1,1464.4003509633808,1412.0571480786134,1471.4054572017078,1405.0520418402864,0.6497446880836472
2019,REG,8,LA,CIN,24.0,10.0,1,1557.069560149998,1409.784079625645,1561.8267571428269,1405.0268826328163,0.7621401503585569
2019,REG,8,NO,ARI,31.0,9.0,1,1604.1996453699717,1457.8520102670805,1608.976443755669,1453.0752118813832,0.7611600807151345
2019,REG,8,TEN,TB,27.0,23.0,1,1497.2275492056992,1442.1312770973248,1504.1606953367868,1435.1981309662372,0.6533426934456157
2019,REG,8,SF,CAR,51.0,13.0,1,1507.611337068957,1519.3552291004564,1516.3727193379375,1510.593846831476,0.5619308865509813
2019,REG,8,HOU,OAK,27.0,24.0,1,1517.9574807983797,1466.081789910239,1524.9748411167384,1459.0644295918803,0.64913198408207
2019,REG,8,NE,CLE,27.0,13.0,1,1635.2868581395321,1437.4296279749706,1639.069795278785,1433.6466908357177,0.8108531430373498
2019,REG,8,KC,GB,24.0,31.0,0,1568.413879165699,1530.061100661451,1555.7898162548497,1542.6851635723003,0.6312031455424659
2019,REG,8,PIT,MIA,27.0,14.0,1,1521.4720232441828,1426.4484109503717,1527.4037560245658,1420.5166781699886,0.7034133609808472
2019,REG,9,ARI,SF,25.0,28.0,0,1453.0752118813832,1516.3727193379375,1443.3139879494802,1526.1339432698405,0.4880611965951549
2019,REG,9,JAX,HOU,3.0,26.0,0,1471.4054572017078,1524.9748411167384,1461.3642809935336,1535.0160173249126,0.502058810408713
2019,REG,9,BUF,WAS,24.0,9.0,1,1506.3130884045424,1435.0744765763086,1512.8315278680193,1428.5560371128317,0.6740780268261575
2019,REG,9,CAR,TEN,30.0,20.0,1,1510.593846831476,1504.1606953367868,1518.8438584306575,1495.9106837376053,0.587499420040922
2019,REG,9,KC,MIN,26.0,23.0,1,1555.7898162548497,1559.8252660346911,1564.3333698952613,1551.2817123942796,0.5728223179794254
2019,REG,9,MIA,NYJ,26.0,18.0,1,1420.5166781699886,1405.0520418402864,1428.5159008471455,1397.0528191631295,0.6000388661421496
2019,REG,9,PHI,CHI,22.0,14.0,1,1539.903298012449,1499.9351426197613,1547.235995342888,1492.6024452893225,0.6333651334780555
2019,REG,9,PIT,IND,26.0,24.0,1,1527.4037560245658,1538.3802374182978,1536.1433952898437,1529.64059815302,0.5630180367361072
2019,REG,9,OAK,DET,31.0,24.0,1,1459.0644295918803,1490.0859492800569,1468.3753671402364,1480.7750117317007,0.5344531225821898
2019,REG,9,SEA,TB,40.0,34.0,1,1560.3686941386077,1435.1981309662372,1565.6027184994803,1429.9641066053646,0.7382987819563678
2019,REG,9,DEN,CLE,24.0,19.0,1,1443.0539346733406,1433.6466908357177,1451.221092657071,1425.4795328519872,0.5916421008134789
2019,REG,9,LAC,GB,26.0,11.0,1,1520.2801414644248,1542.6851635723003,1529.3447253083978,1533.6205797283274,0.546770807801354
2019,REG,9,BAL,NE,37.0,20.0,1,1544.5863269026427,1639.069795278785,1555.7178854425206,1627.938236738907,0.4434220730061001
2019,REG,9,NYG,DAL,18.0,37.0,0,1423.952601094997,1534.7035954415712,1415.5436115592329,1543.1125849773352,0.4204494767882016
2019,REG,10,OAK,LAC,26.0,24.0,1,1468.3753671402364,1529.3447253083978,1478.5471621754737,1519.1729302731605,0.4914102482381437
2019,REG,10,CHI,DET,20.0,13.0,1,1492.6024452893225,1480.7750117317007,1500.7023715879825,1472.6750854330407,0.5950036850669971
2019,REG,10,CIN,BAL,13.0,49.0,0,1405.0268826328163,1555.7178854425206,1397.7134995891715,1563.0312684861653,0.36566915218223683
2019,REG,10,CLE,BUF,19.0,16.0,1,1425.4795328519872,1512.8315278680193,1436.4080161405652,1501.9030445794413,0.4535758355711011
2019,REG,10,NO,ATL,9.0,26.0,0,1608.976443755669,1454.6264865461644,1593.5877736811094,1470.015156620724,0.769433503727976
2019,REG,10,NYJ,NYG,34.0,27.0,1,1397.0528191631295,1415.5436115592329,1406.005850482379,1406.5905802399834,0.5523484340375284
2019,REG,10,TB,ARI,30.0,27.0,1,1429.9641066053646,1443.3139879494802,1438.7710295540903,1434.5070650007544,0.5596538525637174
2019,REG,10,TEN,KC,35.0,32.0,1,1495.9106837376053,1564.3333698952613,1506.2968276062768,1553.9472260265898,0.4806928065664205
2019,REG,10,IND,MIA,12.0,16.0,0,1529.64059815302,1428.5159008471455,1515.4268456484,1442.7296533517654,0.7106876252309973
2019,REG,10,GB,CAR,24.0,16.0,1,1533.6205797283274,1518.8438584306575,1541.638817092321,1510.8256210666639,0.5990881318003134
2019,REG,10,PIT,LA,17.0,12.0,1,1536.1433952898437,1561.8267571428269,1545.301591547185,1552.6685608854857,0.5420901871329468
2019,REG,10,DAL,MIN,24.0,28.0,0,1543.1125849773352,1551.2817123942796,1531.7727882755962,1562.6215090960186,0.5669898350869557
2019,REG,10,SF,SEA,24.0,27.0,0,1526.1339432698405,1565.6027184994803,1515.687216213652,1576.0494455556689,0.5223363528094273
2019,REG,11,CLE,PIT,21.0,7.0,1,1436.4080161405652,1545.301591547185,1447.9468751900686,1533.7627324976816,0.42305704752483003
2019,REG,11,BAL,HOU,41.0,7.0,1,1563.0312684861653,1535.0160173249126,1570.686353037073,1527.3609327740048,0.6172457724546108
2019,REG,11,CAR,ATL,3.0,29.0,0,1510.8256210666639,1470.015156620724,1498.135814202183,1482.7049634852049,0.6344903432240517
2019,REG,11,DET,DAL,27.0,35.0,0,1472.6750854330407,1531.7727882755962,1462.7930213332413,1541.6548523753956,0.4941032049899718
2019,REG,11,IND,JAX,33.0,13.0,1,1515.4268456484,1461.3642809935336,1522.3869704108963,1454.4041562310374,0.6519937618751926
2019,REG,11,MIA,BUF,20.0,37.0,0,1442.7296533517654,1501.9030445794413,1432.8497674301734,1511.7829305010332,0.49399429607960077
2019,REG,11,MIN,DEN,27.0,23.0,1,1562.6215090960186,1451.221092657071,1568.1675750284735,1445.6750267246161,0.7226967033772588
2019,REG,11,TB,NO,17.0,34.0,0,1438.7710295540903,1593.5877736811094,1431.5674682113636,1600.7913350238362,0.3601780671363405
2019,REG,11,WAS,NYJ,17.0,34.0,0,1428.5560371128317,1406.005850482379,1416.3603076431432,1418.2015799520675,0.6097864734844237
2019,REG,11,SF,ARI,36.0,26.0,1,1515.687216213652,1434.5070650007544,1521.9567466171034,1428.237534597303,0.6865234798274316
2019,REG,11,OAK,CIN,17.0,10.0,1,1478.5471621754737,1397.7134995891715,1484.8252806681053,1391.43538109654,0.686094075368418
2019,REG,11,PHI,NE,10.0,17.0,0,1547.235995342888,1627.938236738907,1537.9744187766921,1637.199813305103,0.4630788283097847
2019,REG,11,LA,CHI,17.0,7.0,1,1552.6685608854857,1500.7023715879825,1559.6835483571547,1493.6873841163135,0.6492506264165508
2019,REG,11,LAC,KC,17.0,24.0,0,1519.1729302731605,1553.9472260265898,1508.5914444268626,1564.5287118728877,0.5290742923148968
2019,REG,12,HOU,IND,20.0,17.0,1,1527.3609327740048,1522.3869704108963,1535.6516867201092,1514.096216464792,0.5854623026947826
2019,REG,12,ATL,TB,22.0,35.0,0,1482.7049634852049,1431.5674682113636,1469.741692865939,1444.5307388306294,0.6481635309632944
2019,REG,12,BUF,DEN,20.0,3.0,1,1511.7829305010332,1445.6750267246161,1518.4318048300934,1439.026152395556,0.667556283546994
2019,REG,12,CHI,NYG,19.0,14.0,1,1493.6873841163135,1406.5905802399834,1499.8112579071778,1400.466706449119,0.6938063104567804
2019,REG,12,CIN,PIT,10.0,16.0,0,1391.43538109654,1533.7627324976816,1383.8972379552035,1541.300875639018,0.37690715706682065
2019,REG,12,CLE,MIA,41.0,24.0,1,1447.9468751900686,1432.8497674301734,1455.9562548738522,1424.8403877463898,0.5995310158108146
2019,REG,12,NO,CAR,34.0,31.0,1,1600.7913350238362,1498.135814202183,1606.54141254409,1492.385736681929,0.7124961239873051
2019,REG,12,NYJ,OAK,34.0,3.0,1,1418.2015799520675,1484.8252806681053,1428.5360121864367,1474.4908484337361,0.48327838828154435
2019,REG,12,PHI,SEA,9.0,17.0,0,1537.9744187766921,1576.0494455556689,1527.4876638595078,1586.5362004728531,0.5243377458592177
2019,REG,12,WAS,DET,19.0,16.0,1,1416.3603076431432,1462.7930213332413,1426.113771287968,1453.0395576884166,0.5123268177587676
2019,REG,12,TEN,JAX,42.0,20.0,1,1506.2968276062768,1454.4041562310374,1513.3137426722085,1447.3872411651057,0.6491542467034166
2019,REG,12,NE,DAL,13.0,9.0,1,1637.199813305103,1541.6548523753956,1643.1190316644502,1535.7356340160484,0.7040390820326315
2019,REG,12,SF,GB,37.0,8.0,1,1521.9567466171034,1541.638817092321,1530.9437018780256,1532.6518618313987,0.5506522369538829
2019,REG,12,LA,BAL,6.0,45.0,0,1559.6835483571547,1570.686353037073,1548.423933239369,1581.9459681548587,0.562980755889282
2019,REG,13,DET,CHI,20.0,24.0,0,1453.0395576884166,1499.8112579071778,1442.8027724510866,1510.0480431445078,0.5118392618665012
2019,REG,13,DAL,BUF,15.0,26.0,0,1535.7356340160484,1518.4318048300934,1523.6840938017908,1530.483345044351,0.6025770107128758
2019,REG,13,ATL,NO,18.0,26.0,0,1469.741692865939,1606.54141254409,1462.0535192353702,1614.2295861746588,0.38440868152844315
2019,REG,13,BAL,SF,20.0,17.0,1,1581.9459681548587,1530.9437018780256,1588.9862483750421,1523.9034216578423,0.6479859889908368
2019,REG,13,CAR,WAS,21.0,29.0,0,1492.385736681929,1426.113771287968,1479.0304198924116,1439.4690880774854,0.6677658394758692
2019,REG,13,CIN,NYJ,22.0,6.0,1,1383.8972379552035,1428.5360121864367,1393.5991062812916,1418.8341438603486,0.5149065836955915
2019,REG,13,IND,TEN,17.0,31.0,0,1514.096216464792,1513.3137426722085,1502.5043228970055,1524.905636239995,0.5795946783893211
2019,REG,13,JAX,TB,11.0,28.0,0,1447.3872411651057,1444.5307388306294,1435.7372209393138,1456.1807590564213,0.582501011289589
2019,REG,13,MIA,PHI,37.0,31.0,1,1424.8403877463898,1527.4876638595078,1436.2032533237275,1516.12479828217,0.4318567211331116
2019,REG,13,NYG,GB,13.0,31.0,0,1400.466706449119,1532.6518618313987,1392.6524337107703,1540.4661345697475,0.39071363691743966
2019,REG,13,PIT,CLE,20.0,13.0,1,1541.300875639018,1455.9562548738522,1547.467687820908,1449.7894426919622,0.6916593909054988
2019,REG,13,ARI,LA,7.0,34.0,0,1428.237534597303,1548.423933239369,1420.0920401960975,1556.5694276405745,0.40727472006027376
2019,REG,13,DEN,LAC,23.0,20.0,1,1439.026152395556,1508.5914444268626,1449.4451297803505,1498.172467042068,0.479051130760275
2019,REG,13,KC,OAK,40.0,9.0,1,1564.5287118728877,1474.4908484337361,1570.580890312269,1468.4386699943548,0.6973910780309319
2019,REG,13,HOU,NE,28.0,22.0,1,1535.6516867201092,1643.1190316644502,1547.150442553774,1631.6202758307854,0.4250622083167654
2019,REG,13,SEA,MIN,37.0,30.0,1,1586.5362004728531,1568.1675750284735,1594.455321385972,1560.2484541153547,0.604043954344064
2019,REG,14,CHI,DAL,31.0,24.0,1,1510.0480431445078,1523.6840938017908,1518.8630862616087,1514.86905068469,0.5592478441449519
2019,REG,14,ATL,CAR,40.0,20.0,1,1462.0535192353702,1479.0304198924116,1470.9634747973992,1470.1204643303827,0.5545022218985515
2019,REG,14,BUF,BAL,17.0,24.0,0,1530.483345044351,1588.9862483750421,1520.5841632907063,1598.8854301286867,0.4949590876822273
2019,REG,14,CLE,CIN,27.0,19.0,1,1449.7894426919622,1393.5991062812916,1456.6940885323875,1386.6944604408664,0.654767707978735
2019,REG,14,GB,WAS,20.0,15.0,1,1540.4661345697475,1439.4690880774854,1546.2554042586164,1433.6798183886165,0.7105365155565534
2019,REG,14,HOU,DEN,24.0,38.0,0,1547.150442553774,1449.4451297803505,1533.0179675084503,1463.5776048256741,0.7066237522661843
2019,REG,14,MIN,DET,20.0,7.0,1,1560.2484541153547,1442.8027724510866,1565.65612645174,1437.3951001147013,0.72961638318073
2019,REG,14,NO,SF,46.0,48.0,0,1614.2295861746588,1523.9034216578423,1600.274762200944,1537.858245631557,0.6977411986857468
2019,REG,14,NYJ,MIA,22.0,21.0,1,1418.8341438603486,1436.2032533237275,1427.7552553355706,1427.2821418485055,0.5539444262388973
2019,REG,14,TB,IND,38.0,35.0,1,1456.1807590564213,1502.5043228970055,1465.9310830499223,1492.7539989035045,0.5124838003249471
2019,REG,14,JAX,LAC,10.0,45.0,0,1435.7372209393138,1498.172467042068,1425.9511918613289,1507.958496120053,0.48930145389924784
2019,REG,14,ARI,PIT,17.0,23.0,0,1420.0920401960975,1547.467687820908,1412.1455604266969,1555.4141675903086,0.39732398847003214
2019,REG,14,NE,KC,16.0,23.0,0,1631.6202758307854,1570.580890312269,1618.399277972116,1583.8018881709386,0.6610498929334814
2019,REG,14,OAK,TEN,21.0,42.0,0,1468.4386699943548,1524.905636239995,1458.4808924260617,1534.863413808288,0.4978888784146495
2019,REG,14,LA,SEA,28.0,12.0,1,1556.5694276405745,1594.455321385972,1566.0772420792732,1584.9475069472733,0.5246092780650676
2019,REG,14,PHI,NYG,23.0,17.0,1,1516.12479828217,1392.6524337107703,1521.3966862059456,1387.3805457869948,0.7364056038112303
2019,REG,15,BAL,NYJ,42.0,21.0,1,1598.8854301286867,1427.7552553355706,1603.1629777331189,1423.4777077311385,0.7861226197783907
2019,REG,15,CAR,SEA,24.0,30.0,0,1470.1204643303827,1584.9475069472733,1461.825604939686,1593.24236633797,0.41474296953483186
2019,REG,15,CIN,NE,13.0,34.0,0,1386.6944604408664,1618.399277972116,1381.3829764474622,1623.71076196552,0.2655741996702067
2019,REG,15,DET,TB,17.0,38.0,0,1437.3951001147013,1465.9310830499223,1426.6348741334189,1476.6913090312048,0.5380112990641217
2019,REG,15,GB,CHI,21.0,13.0,1,1546.2554042586164,1518.8630862616087,1553.927439501409,1511.1910510188163,0.6163982378603748
2019,REG,15,KC,DEN,23.0,3.0,1,1583.8018881709386,1463.5776048256741,1589.146684406272,1458.2328085903407,0.7327601882333238
2019,REG,15,NYG,MIA,36.0,20.0,1,1387.3805457869948,1427.2821418485055,1396.9462521402666,1417.7164354952338,0.5217146823364198
2019,REG,15,TEN,HOU,21.0,24.0,0,1534.863413808288,1533.0179675084503,1523.241715352177,1544.6396659645613,0.5810849228055542
2019,REG,15,WAS,PHI,27.0,37.0,0,1433.6798183886165,1521.3966862059456,1424.618712006924,1530.457792587638,0.4530553190846292
2019,REG,15,ARI,CLE,38.0,24.0,1,1412.1455604266969,1456.6940885323875,1421.844833589364,1446.9948153697203,0.5150363418666443
2019,REG,15,LAC,MIN,10.0,39.0,0,1507.958496120053,1565.65612645174,1498.0361386021602,1575.5784839696328,0.49611787589463524
2019,REG,15,OAK,JAX,16.0,20.0,0,1458.4808924260617,1425.9511918613289,1446.0135652573795,1438.418519030011,0.6233663584341137
2019,REG,15,DAL,LA,44.0,21.0,1,1514.86905068469,1566.0772420792732,1524.7599179929182,1556.186374771045,0.5054566345885858
2019,REG,15,SF,ATL,22.0,29.0,0,1537.858245631557,1470.9634747973992,1524.4870307512203,1484.334689677736,0.668560744016839
2019,REG,15,PIT,BUF,10.0,17.0,0,1555.4141675903086,1520.5841632907063,1542.8847652197023,1533.1135656613126,0.6264701185303169
2019,REG,15,NO,IND,34.0,7.0,1,1600.274762200944,1492.7539989035045,1605.9107855370073,1487.1179755674411,0.7181988331968395
2019,REG,16,TB,HOU,20.0,23.0,0,1476.6913090312048,1544.6396659645613,1467.06382025369,1554.2671547420762,0.48137443887574455
2019,REG,16,NE,BUF,24.0,17.0,1,1623.71076196552,1533.1135656613126,1629.7493592144003,1527.0749684124323,0.6980701375559822
2019,REG,16,SF,LA,34.0,31.0,1,1524.4870307512203,1556.186374771045,1533.8173876062458,1546.8560179160195,0.5334821572487263
2019,REG,16,ATL,JAX,24.0,12.0,1,1484.334689677736,1438.418519030011,1491.5091074538254,1431.2441012539216,0.6412791111955277
2019,REG,16,CLE,BAL,15.0,31.0,0,1446.9948153697203,1603.1629777331189,1439.8270700638957,1610.3307230389435,0.35838726529122983
2019,REG,16,IND,CAR,38.0,6.0,1,1487.1179755674411,1461.825604939686,1494.8472564344156,1454.0963240727115,0.6135359566512799
2019,REG,16,MIA,CIN,38.0,35.0,1,1417.7164354952338,1381.3829764474622,1425.1465733031919,1373.952838639504,0.6284931096020958
2019,REG,16,NYJ,PIT,16.0,10.0,1,1423.4777077311385,1542.8847652197023,1435.310544564029,1531.0519283868118,0.4083581583554748
2019,REG,16,TEN,NO,28.0,38.0,0,1523.241715352177,1605.9107855370073,1514.036415866716,1615.1160850224683,0.46026497427305285
2019,REG,16,WAS,NYG,35.0,41.0,0,1424.618712006924,1396.9462521402666,1412.283122526355,1409.2818416208354,0.6167794740284447
2019,REG,16,DEN,DET,27.0,17.0,1,1458.2328085903407,1426.6348741334189,1465.790683798271,1419.0769989254886,0.6221062396034849
2019,REG,16,LAC,OAK,17.0,24.0,0,1498.0361386021602,1446.0135652573795,1485.0496478841037,1459.000055975436,0.6493245359028269
2019,REG,16,PHI,DAL,17.0,9.0,1,1530.457792587638,1524.7599179929182,1538.7283266196428,1516.4893839609135,0.5864732983997691
2019,REG,16,SEA,ARI,13.0,27.0,0,1593.24236633797,1421.844833589364,1577.5147409401607,1437.5724589871734,0.7863812698904719
2019,REG,16,CHI,KC,3.0,26.0,0,1511.1910510188163,1589.146684406272,1501.8508074918586,1598.4869279332297,0.46701217634788167
2019,REG,16,MIN,GB,10.0,23.0,0,1575.5784839696328,1553.927439501409,1563.40740013688,1566.0985233341619,0.6085541916376426
2019,REG,17,BUF,NYJ,6.0,13.0,0,1527.0749684124323,1435.310544564029,1513.08527994901,1449.3002330274512,0.6994844231711104
2019,REG,17,CAR,NO,10.0,42.0,0,1454.0963240727115,1615.1160850224683,1447.0565032732852,1622.1559058218945,0.35199103997131687
2019,REG,17,CIN,CLE,33.0,23.0,1,1373.952838639504,1439.8270700638957,1384.2657220190715,1429.5141866843283,0.4843558310216255
2019,REG,17,DET,GB,20.0,23.0,0,1419.0769989254886,1566.0985233341619,1411.6653478961812,1573.5101743634693,0.37058255146537267
2019,REG,17,KC,LAC,31.0,21.0,1,1598.4869279332297,1485.0496478841037,1603.986121026872,1479.5504547904613,0.7250403453178853
2019,REG,17,MIN,CHI,19.0,21.0,0,1563.40740013688,1501.8508074918586,1550.1730667047257,1515.0851409240129,0.6617166716077136
2019,REG,17,NE,MIA,24.0,27.0,0,1629.7493592144003,1425.1465733031919,1613.4146224823937,1441.4813100351985,0.8167368366003275
2019,REG,17,TB,ATL,22.0,28.0,0,1467.06382025369,1491.5091074538254,1456.186645137344,1502.3862825701715,0.5438587558172971
2019,REG,17,BAL,PIT,28.0,10.0,1,1610.3307230389435,1531.0519283868118,1616.6474589697734,1524.7351924559819,0.6841632034585065
2019,REG,17,DAL,WAS,47.0,16.0,1,1516.4893839609135,1412.283122526355,1522.2029587676445,1406.569547719624,0.7143212596634504
2019,REG,17,DEN,OAK,16.0,15.0,1,1465.790683798271,1459.000055975436,1474.0307232970263,1450.760016476681,0.5879980250622395
2019,REG,17,HOU,TEN,14.0,35.0,0,1554.2671547420762,1514.036415866716,1541.5928334256814,1526.7107371831107,0.6337160658197375
2019,REG,17,JAX,IND,38.0,20.0,1,1431.2441012539216,1494.8472564344156,1441.4916693680634,1484.5996883202738,0.4876215942929073
2019,REG,17,LA,ARI,31.0,24.0,1,1546.8560179160195,1437.5724589871734,1552.4510575783465,1431.9774193248463,0.7202480168836449
2019,REG,17,NYG,PHI,17.0,34.0,0,1409.2818416208354,1538.7283266196428,1401.3923814301902,1546.617786810288,0.3944730095322641
2019,REG,17,SEA,SF,21.0,26.0,0,1577.5147409401607,1533.8173876062458,1564.748028097911,1546.5841004484955,0.6383356421124893
2019,WC,18,HOU,BUF,22.0,19.0,1,1541.5928334256814,1513.08527994901,1549.234531967233,1505.4435814074586,0.6179150729224233
2019,WC,18,NE,TEN,13.0,20.0,0,1613.4146224823937,1526.7107371831107,1599.5481104691978,1540.5772491963066,0.6933256006597972
2019,WC,18,NO,MIN,20.0,26.0,0,1622.1559058218945,1550.1730667047257,1608.6555352042783,1563.673437322342,0.6750185308808155
2019,WC,18,PHI,SEA,9.0,17.0,0,1546.617786810288,1564.748028097911,1535.5605555053803,1575.8052594028186,0.5528615652453777
2019,DIV,19,SF,MIN,27.0,10.0,1,1546.5841004484955,1563.673437322342,1555.497253845554,1554.7602839252834,0.554342330147071
2019,DIV,19,BAL,TEN,12.0,28.0,0,1616.6474589697734,1540.5772491963066,1603.0442868846624,1554.1804212814177,0.6801586042555575
2019,DIV,19,KC,HOU,51.0,31.0,1,1603.986121026872,1549.234531967233,1610.9282575582704,1542.2923954358346,0.6528931734300832
2019,DIV,19,GB,SEA,28.0,23.0,1,1573.5101743634693,1575.8052594028186,1582.0047349967788,1567.3106987695091,0.5752719683345315
2019,CON,20,KC,TEN,35.0,24.0,1,1610.9282575582704,1554.1804212814177,1617.8184018929749,1547.2902769467132,0.6554927832647817
2019,CON,20,SF,GB,37.0,20.0,1,1555.497253845554,1582.0047349967788,1564.6790067342527,1572.8229821080802,0.5409123555650649
2019,SB,21,KC,SF,31.0,20.0,1,1617.8184018929749,1564.6790067342527,1624.8026616673649,1557.6947469598626,0.6507870112805019
2020,REG,1,KC,HOU,34.0,20.0,1,1581.1217300837873,1527.4900570332925,1588.0931150885588,1520.518672028521,0.6514307497614216
2020,REG,1,ATL,SEA,25.0,38.0,0,1501.5510836706114,1543.751954200181,1491.182861668039,1554.1201762027533,0.5184111001286148
2020,REG,1,BAL,CLE,38.0,6.0,1,1566.9787864750306,1454.1842213448133,1572.4927433113926,1448.6702645084513,0.7243021581819036
2020,REG,1,BUF,NYJ,27.0,17.0,1,1503.5383279148482,1467.0451514678432,1510.9641727910707,1459.6193065916207,0.6287077561888716
2020,REG,1,CAR,LV,30.0,34.0,0,1465.5867271276354,1500.0,1454.9948859718577,1510.5918411557777,0.5295920577888866
2020,REG,1,DET,CHI,23.0,27.0,0,1442.5824761325177,1509.8053416006085,1432.9341334161572,1519.453684316969,0.4824171358180306
2020,REG,1,JAX,IND,27.0,20.0,1,1461.9695850892413,1489.989797408178,1471.1946015087617,1480.7647809886575,0.5387491790239725
2020,REG,1,MIN,GB,34.0,43.0,0,1535.5941845514342,1547.334938370252,1524.3554778812352,1558.573645040451,0.5619353335099482
2020,REG,1,NE,MIA,21.0,11.0,1,1564.7062718049785,1461.962851522879,1570.4542765538215,1456.214846774036,0.712599762557855
2020,REG,1,WAS,PHI,27.0,17.0,1,1439.2702060177558,1523.1143610784973,1450.0985054345826,1512.2860616616704,0.4585850291586563
2020,REG,1,CIN,LAC,13.0,16.0,0,1424.7727193123965,1486.7077956137998,1414.9723003480096,1496.5082145781867,0.49002094821934666
2020,REG,1,NO,TB,34.0,23.0,1,1570.6260978827809,1471.5213193392735,1576.4602773935192,1465.6871398285352,0.7082910244630892
2020,REG,1,SF,ARI,20.0,24.0,0,1537.5015855239108,1455.7853225611502,1523.75784041887,1469.529067666191,0.6871872552520328
2020,REG,1,LA,DAL,20.0,17.0,1,1534.0931874259252,1514.431923198969,1541.9767419074067,1506.5483687174874,0.6058222759259214
2020,REG,1,NYG,PIT,16.0,26.0,0,1435.9050479296236,1516.0778750963882,1426.628314990213,1525.3546080357987,0.46383664697052424
2020,REG,1,DEN,TEN,14.0,16.0,0,1483.1199701430671,1530.7386800153636,1472.907551492987,1540.9510986654436,0.5106209325040012
2020,REG,2,CLE,CIN,35.0,30.0,1,1448.6702645084513,1414.9723003480096,1456.1713853167678,1407.4711795396931,0.6249439595841715
2020,REG,2,CHI,NYG,17.0,13.0,1,1519.453684316969,1426.628314990213,1525.4383513873493,1420.6436479198328,0.7007666464809886
2020,REG,2,DAL,ATL,40.0,39.0,1,1506.5483687174874,1491.182861668039,1514.550330505439,1483.1808998800875,0.599901910602415
2020,REG,2,GB,DET,42.0,21.0,1,1558.573645040451,1432.9341334161572,1563.79724456735,1427.7105338892584,0.7388200236550626
2020,REG,2,IND,MIN,28.0,11.0,1,1480.7647809886575,1524.3554778812352,1490.4365128381435,1514.6837460317493,0.5164134075257049
2020,REG,2,MIA,BUF,28.0,31.0,0,1456.214846774036,1510.9641727910707,1446.2076317980832,1520.9713877670235,0.5003607487976388
2020,REG,2,NYJ,SF,13.0,31.0,0,1459.6193065916207,1523.75784041887,1449.8822740978048,1533.4948729126859,0.4868516246907894
2020,REG,2,PHI,LA,19.0,37.0,0,1512.2860616616704,1541.9767419074067,1501.558886690817,1552.70391687826,0.5363587485426753
2020,REG,2,PIT,DEN,26.0,21.0,1,1525.3546080357987,1472.907551492987,1532.3569934775683,1465.9051660512175,0.6498807279115251
2020,REG,2,TB,CAR,31.0,17.0,1,1465.6871398285352,1454.9948859718577,1473.8185790865741,1446.8634467138188,0.5934280370980556
2020,REG,2,TEN,JAX,33.0,30.0,1,1540.9510986654436,1471.1946015087617,1547.5070815773718,1464.6386185968336,0.6722008544035958
2020,REG,2,ARI,WAS,30.0,15.0,1,1469.529067666191,1450.0985054345826,1477.4189657409993,1442.2086073597743,0.6055050962595843
2020,REG,2,HOU,BAL,16.0,33.0,0,1520.518672028521,1572.4927433113926,1510.4315810010717,1582.579834338842,0.504354551372462
2020,REG,2,LAC,KC,20.0,23.0,0,1496.5082145781867,1588.0931150885588,1487.5573379459656,1597.0439917207798,0.44754383161105604
2020,REG,2,SEA,NE,35.0,30.0,1,1554.1201762027533,1570.4542765538215,1563.0118540233516,1561.5625987332232,0.5554161089700903
2020,REG,2,LV,NO,34.0,24.0,1,1510.5918411557777,1576.4602773935192,1520.904557899668,1566.147560649629,0.48436416280549555
2020,REG,3,JAX,MIA,13.0,31.0,0,1464.6386185968336,1446.2076317980832,1452.5560223904258,1458.290228004491,0.6041298103203919
2020,REG,3,ATL,CHI,26.0,30.0,0,1483.1808998800875,1525.4383513873493,1472.8143042106165,1535.8049470568203,0.5183297834735537
2020,REG,3,BUF,LA,35.0,32.0,1,1520.9713877670235,1552.70391687826,1530.302695488764,1543.3726091565197,0.5334346139129829
2020,REG,3,CLE,WAS,34.0,20.0,1,1456.1713853167678,1442.2086073597743,1464.2121401915024,1434.1678524850397,0.5979622562632686
2020,REG,3,MIN,TEN,30.0,31.0,0,1514.6837460317493,1547.5070815773718,1504.0463157602119,1558.1445118489091,0.5318715135768721
2020,REG,3,NE,LV,36.0,20.0,1,1561.5625987332232,1520.904557899668,1568.8768620433366,1513.5902945895546,0.634286834494332
2020,REG,3,NYG,SF,9.0,36.0,0,1420.6436479198328,1533.4948729126859,1412.2935203865707,1541.845000445948,0.4175063766631065
2020,REG,3,PHI,CIN,23.0,23.0,0,1501.558886690817,1407.4711795396931,1497.5131232199776,1411.5169430105325,0.7022881735419619
2020,REG,3,PIT,HOU,28.0,21.0,1,1532.3569934775683,1510.4315810010717,1540.1783862210377,1502.6101882576022,0.6089303628265226
2020,REG,3,IND,NYJ,36.0,7.0,1,1490.4365128381435,1449.8822740978048,1497.75354852938,1442.5652384065684,0.6341482154381743
2020,REG,3,LAC,CAR,16.0,21.0,0,1487.5573379459656,1446.8634467138188,1474.8706438549466,1459.5501408048378,0.6343347045509488
2020,REG,3,ARI,DET,23.0,26.0,0,1477.4189657409993,1427.7105338892584,1464.493260680232,1440.6362389500257,0.6462852530383651
2020,REG,3,DEN,TB,10.0,28.0,0,1465.9051660512175,1473.8185790865741,1454.5581421289069,1485.1656030088848,0.5673511961155345
2020,REG,3,SEA,DAL,38.0,31.0,1,1563.0118540233516,1514.550330505439,1570.1190002215187,1507.4431843072718,0.6446426900916469
2020,REG,3,NO,GB,30.0,37.0,0,1566.147560649629,1563.79724456735,1554.51171637661,1575.433088840369,0.581792213650956
2020,REG,3,BAL,KC,20.0,34.0,0,1582.579834338842,1597.0439917207798,1571.4183842077423,1608.2054418518794,0.5580725065549761
2020,REG,4,NYJ,DEN,28.0,37.0,0,1442.5652384065684,1454.5581421289069,1431.3336784772,1465.7897020582752,0.5615779964684154
2020,REG,4,CAR,ARI,31.0,21.0,1,1459.5501408048378,1464.493260680232,1468.119274796,1455.92412668907,0.5715433004419008
2020,REG,4,CIN,JAX,33.0,25.0,1,1411.5169430105325,1452.5560223904258,1421.1153315455067,1442.9576338554516,0.5200805732512884
2020,REG,4,DAL,CLE,38.0,49.0,0,1507.4431843072718,1464.2121401915024,1494.6888701474472,1476.966454351327,0.6377157079912281
2020,REG,4,DET,NO,29.0,35.0,0,1440.6362389500257,1554.51171637661,1432.314775268188,1562.8331800584476,0.4160731840918879
2020,REG,4,HOU,MIN,23.0,31.0,0,1502.6101882576022,1504.0463157602119,1491.080595448734,1515.5759085690802,0.5764796404434129
2020,REG,4,MIA,SEA,23.0,31.0,0,1458.290228004491,1570.1190002215187,1449.9114591596935,1578.497769066316,0.4189384422398657
2020,REG,4,TB,LAC,38.0,31.0,1,1485.1656030088848,1474.8706438549466,1493.3080804240508,1466.7281664397806,0.5928761292416945
2020,REG,4,WAS,BAL,17.0,31.0,0,1434.1678524850397,1571.4183842077423,1426.4919571018308,1579.0942795909511,0.38379476916044647
2020,REG,4,LA,NYG,17.0,9.0,1,1543.3726091565197,1412.2935203865707,1548.4762702056428,1407.1898593374476,0.7448169475438522
2020,REG,4,CHI,IND,11.0,19.0,0,1535.8049470568203,1497.75354852938,1523.1889631013253,1510.369532484875,0.6307991977747575
2020,REG,4,LV,BUF,23.0,30.0,0,1513.5902945895546,1530.302695488764,1502.4927283186541,1541.4002617596643,0.5548783135450156
2020,REG,4,SF,PHI,20.0,25.0,0,1541.845000445948,1497.5131232199776,1529.061431057019,1510.2966926089066,0.6391784694464476
2020,REG,4,KC,NE,26.0,10.0,1,1608.2054418518794,1568.8768620433366,1615.5552463569554,1561.5270575382606,0.6325097747461976
2020,REG,4,GB,ATL,30.0,16.0,1,1575.433088840369,1472.8143042106165,1581.1840327748055,1467.06336027618,0.7124528032781736
2020,REG,5,CHI,TB,20.0,19.0,1,1523.1889631013253,1493.3080804240508,1530.7933673711823,1485.7036761541938,0.6197797865071485
2020,REG,5,ATL,CAR,16.0,23.0,0,1467.06336027618,1468.119274796,1455.5230818888347,1479.6595531833452,0.5770139193672685
2020,REG,5,BAL,CIN,27.0,3.0,1,1579.0942795909511,1421.1153315455067,1583.6319064466193,1416.5777046898386,0.7731186572165922
2020,REG,5,HOU,JAX,30.0,14.0,1,1491.080595448734,1442.9576338554516,1498.1966732708563,1435.8415560333292,0.6441961088938846
2020,REG,5,KC,LV,32.0,40.0,0,1615.5552463569554,1502.4927283186541,1601.0630450896258,1516.9849295859838,0.724610063366486
2020,REG,5,NYJ,ARI,10.0,30.0,0,1431.3336784772,1455.92412668907,1420.460649434753,1466.797155731517,0.5436514521223563
2020,REG,5,PIT,PHI,38.0,29.0,1,1540.1783862210377,1510.2966926089066,1547.7827684898134,1502.692310340131,0.6197808865612185
2020,REG,5,WAS,LA,10.0,30.0,0,1426.4919571018308,1548.4762702056428,1418.3963827687946,1556.571844538679,0.40477871665181475
2020,REG,5,SF,MIA,17.0,43.0,0,1529.061431057019,1449.9114591596935,1515.3813722238276,1463.591517992885,0.6840029416595703
2020,REG,5,CLE,IND,32.0,23.0,1,1476.966454351327,1510.369532484875,1486.3456443657026,1500.9903424704994,0.5310404992812168
2020,REG,5,DAL,NYG,37.0,34.0,1,1494.6888701474472,1407.1898593374476,1500.8029111949986,1401.0758182898962,0.6942979476224312
2020,REG,5,SEA,MIN,27.0,26.0,1,1578.497769066316,1515.5759085690802,1585.2282955837493,1508.845382051647,0.6634736741283437
2020,REG,5,NO,LAC,30.0,27.0,1,1562.8331800584476,1466.7281664397806,1568.7389720125916,1460.8223744856366,0.7047104022927992
2020,REG,5,TEN,BUF,42.0,16.0,1,1558.1445118489091,1541.4002617596643,1566.1084048305243,1533.4363687780492,0.6018053509192413
2020,REG,6,CAR,CHI,16.0,23.0,0,1479.6595531833452,1530.7933673711823,1469.548280003475,1540.9046405510526,0.5055636589935144
2020,REG,6,IND,CIN,31.0,27.0,1,1500.9903424704994,1416.5777046898386,1507.180061346979,1410.387985813359,0.6905140561760174
2020,REG,6,JAX,DET,16.0,34.0,0,1435.8415560333292,1432.314775268188,1424.1727748808871,1443.98355642063,0.5834390576220994
2020,REG,6,MIN,ATL,23.0,40.0,0,1508.845382051647,1455.5230818888347,1495.8248569404054,1468.5436070000762,0.6510262555620795
2020,REG,6,NE,DEN,12.0,18.0,0,1561.5270575382606,1465.7897020582752,1547.4416615381863,1479.8750980583495,0.7042698000037135
2020,REG,6,NYG,WAS,20.0,19.0,1,1401.0758182898962,1418.3963827687946,1409.9955488128192,1409.4766522458717,0.5540134738538532
2020,REG,6,PHI,BAL,28.0,30.0,0,1502.692310340131,1583.6319064466193,1493.437527797166,1592.8866889895842,0.46273912714824383
2020,REG,6,PIT,CLE,38.0,7.0,1,1547.7827684898134,1486.3456443657026,1554.551514273535,1479.576898581981,0.6615627108139188
2020,REG,6,TEN,HOU,42.0,36.0,1,1566.1084048305243,1498.1966732708563,1572.7112717335851,1491.5938063677954,0.6698566548469568
2020,REG,6,MIA,NYJ,24.0,0.0,1,1463.591517992885,1420.460649434753,1470.8398685958734,1413.2122988317644,0.6375824698505731
2020,REG,6,TB,GB,38.0,10.0,1,1485.7036761541938,1581.1840327748055,1496.863550783902,1570.0241581450973,0.44200626851458974
2020,REG,6,SF,LA,24.0,16.0,1,1515.3813722238276,1556.571844538679,1524.9841112454098,1546.9691055170968,0.5198630489208909
2020,REG,6,BUF,KC,17.0,26.0,0,1533.4363687780492,1601.0630450896258,1523.7996338195392,1610.6997800481358,0.4818367479254994
2020,REG,6,DAL,ARI,10.0,38.0,0,1500.8029111949986,1466.797155731517,1488.2957280857017,1479.304338840814,0.625359155464846
2020,REG,7,PHI,NYG,22.0,21.0,1,1493.437527797166,1409.9955488128192,1499.6511537883757,1403.7819228216094,0.6893187004395173
2020,REG,7,ATL,DET,22.0,23.0,0,1468.5436070000762,1443.98355642063,1456.2928884658368,1456.2342749548695,0.6125359267119744
2020,REG,7,CIN,CLE,34.0,37.0,0,1410.387985813359,1479.576898581981,1400.796148662124,1489.1687357332157,0.4795918575617419
2020,REG,7,HOU,GB,20.0,35.0,0,1491.5938063677954,1570.0241581450973,1482.2671656254727,1579.35079888742,0.46633203711613236
2020,REG,7,NO,CAR,27.0,24.0,1,1568.7389720125916,1469.548280003475,1574.5711080747326,1463.716143941334,0.708393196892954
2020,REG,7,NYJ,BUF,10.0,18.0,0,1413.2122988317644,1523.7996338195392,1404.7987176946594,1532.2132149566442,0.42067905685524654
2020,REG,7,TEN,PIT,24.0,27.0,0,1572.7112717335851,1554.551514273535,1560.6361447591685,1566.6266412479517,0.6037563487208372
2020,REG,7,WAS,DAL,25.0,3.0,1,1409.4766522458717,1488.2957280857017,1420.1611483082484,1477.611232023325,0.4657751968811683
2020,REG,7,LV,TB,20.0,45.0,0,1516.9849295859838,1496.863550783902,1504.855837663895,1508.9926427059906,0.606454596104438
2020,REG,7,DEN,KC,16.0,43.0,0,1479.8750980583495,1610.6997800481358,1472.0235067139367,1618.5513713925486,0.39257956722064113
2020,REG,7,LAC,JAX,39.0,29.0,1,1460.8223744856366,1424.1727748808871,1468.244015958389,1416.7511334081348,0.6289179263623832
2020,REG,7,NE,SF,6.0,33.0,0,1547.4416615381863,1524.9841112454098,1535.2484699573174,1537.1773028262787,0.6096595790434458
2020,REG,7,ARI,SEA,37.0,34.0,1,1479.304338840814,1585.2282955837493,1490.759641590727,1573.7729928338363,0.4272348625043443
2020,REG,7,LA,CHI,24.0,10.0,1,1546.9691055170968,1540.9046405510526,1555.2294056968306,1532.6443403713188,0.5869849910133144
2020,REG,8,CAR,ATL,17.0,25.0,0,1463.716143941334,1456.2928884658368,1451.9385446254194,1468.0704877817514,0.5888799657957288
2020,REG,8,BAL,PIT,24.0,28.0,0,1592.8866889895842,1566.6266412479517,1580.5895707289508,1578.9237595085851,0.6148559130316726
2020,REG,8,BUF,NE,24.0,21.0,1,1532.2132149566442,1535.2484699573174,1540.7286032239185,1526.733081690043,0.5742305866362866
2020,REG,8,CIN,TEN,31.0,20.0,1,1400.796148662124,1560.6361447591685,1413.725315928471,1547.7069774928216,0.3535416366826575
2020,REG,8,CLE,LV,6.0,16.0,0,1489.1687357332157,1504.855837663895,1478.042024009,1515.9825493881108,0.5563355862107832
2020,REG,8,DET,IND,21.0,41.0,0,1456.2342749548695,1507.180061346979,1446.1175906032029,1517.2967456986457,0.505834217583338
2020,REG,8,GB,MIN,22.0,28.0,0,1579.35079888742,1495.8248569404054,1565.562354885638,1509.6133009421876,0.689422200089113
2020,REG,8,KC,NYJ,35.0,9.0,1,1618.5513713925486,1404.7987176946594,1622.0615840015603,1401.2885050856478,0.8244893695494223
2020,REG,8,MIA,LA,28.0,17.0,1,1470.8398685958734,1555.2294056968306,1481.6837556337102,1544.3855186589938,0.4578056481081631
2020,REG,8,DEN,LAC,31.0,30.0,1,1472.0235067139367,1468.244015958389,1480.347655399536,1459.9198672727896,0.5837925657200375
2020,REG,8,CHI,NO,23.0,26.0,0,1532.6443403713188,1574.5711080747326,1522.26823998265,1584.9472084634015,0.5188050194334425
2020,REG,8,SEA,SF,37.0,27.0,1,1573.7729928338363,1537.1773028262787,1581.1960828552867,1529.7542128048283,0.6288454989274782
2020,REG,8,PHI,DAL,23.0,9.0,1,1499.6511537883757,1477.611232023325,1507.469407346639,1469.7929784650619,0.6090873220868398
2020,REG,8,NYG,TB,23.0,25.0,0,1403.7819228216094,1508.9926427059906,1395.217125764512,1517.557439763088,0.42823985285487076
2020,REG,9,SF,GB,17.0,34.0,0,1529.7542128048283,1565.562354885638,1519.2023878781176,1576.1141798123485,0.5275912463355308
2020,REG,9,ATL,DEN,34.0,27.0,1,1468.0704877817514,1480.347655399536,1476.846986338981,1471.5711568423064,0.5611750721385164
2020,REG,9,BUF,SEA,44.0,34.0,1,1540.7286032239185,1581.1960828552867,1550.3105674313265,1571.6141186478787,0.520901789629606
2020,REG,9,IND,BAL,10.0,24.0,0,1517.2967456986457,1580.5895707289508,1507.5353870724766,1590.35092935512,0.48806793130845266
2020,REG,9,JAX,HOU,25.0,27.0,0,1416.7511334081348,1482.2671656254727,1407.0537167500502,1491.9645822835573,0.48487083290423116
2020,REG,9,KC,CAR,33.0,31.0,1,1622.0615840015603,1451.9385446254194,1626.3586591893586,1447.641469437621,0.785146240610082
2020,REG,9,MIN,DET,34.0,20.0,1,1509.6133009421876,1446.1175906032029,1516.329084256678,1439.4018072887125,0.6642108342754772
2020,REG,9,TEN,CHI,24.0,17.0,1,1547.7069774928216,1522.26823998265,1555.432263182469,1514.5429542930026,0.6137357155176334
2020,REG,9,WAS,NYG,20.0,23.0,0,1420.1611483082484,1395.217125764512,1407.8999406305663,1407.478333442194,0.6130603838841019
2020,REG,9,LAC,LV,26.0,31.0,0,1459.9198672727896,1515.9825493881108,1449.9504536273746,1525.9519630335258,0.498470682270746
2020,REG,9,ARI,MIA,31.0,34.0,0,1490.759641590727,1481.6837556337102,1478.9360180438694,1493.5073791805678,0.5911811773428836
2020,REG,9,DAL,PIT,19.0,24.0,0,1469.7929784650619,1578.9237595085851,1461.3385024632785,1587.3782355103685,0.4227238000891743
2020,REG,9,TB,NO,3.0,38.0,0,1517.557439763088,1584.9472084634015,1507.9138948858974,1594.590753340592,0.48217724385952476
2020,REG,9,NYJ,NE,27.0,30.0,0,1401.2885050856478,1526.733081690043,1393.2887281493506,1534.7328586263402,0.3999888468148578
2020,REG,10,TEN,IND,17.0,34.0,0,1555.432263182469,1507.5353870724766,1542.5543081773174,1520.4133420776282,0.643897750257574
2020,REG,10,CAR,TB,23.0,46.0,0,1447.641469437621,1507.9138948858974,1437.793210392747,1517.7621539307715,0.49241295224370263
2020,REG,10,CLE,HOU,10.0,7.0,1,1478.042024009,1491.9645822835573,1486.8651984820149,1483.1414078105424,0.5588412763492578
2020,REG,10,DET,WAS,30.0,27.0,1,1439.4018072887125,1407.8999406305663,1446.962282818624,1400.3394651006547,0.6219762235044142
2020,REG,10,GB,JAX,24.0,20.0,1,1576.1141798123485,1407.0537167500502,1580.431927648416,1402.7359689139828,0.7841126081966273
2020,REG,10,NYG,PHI,27.0,17.0,1,1407.478333442194,1507.469407346639,1418.7660905946034,1496.1816501942296,0.43561214237953055
2020,REG,10,ARI,BUF,32.0,30.0,1,1478.9360180438694,1550.3105674313265,1489.4069668196003,1539.8396186555956,0.4764525612134515
2020,REG,10,LV,DEN,37.0,12.0,1,1525.9519630335258,1471.5711568423064,1532.903776820687,1464.6193430551452,0.6524093106419437
2020,REG,10,MIA,LAC,29.0,21.0,1,1493.5073791805678,1449.9504536273746,1500.7443992015262,1442.7134336064162,0.6381489989520795
2020,REG,10,LA,SEA,23.0,16.0,1,1544.3855186589938,1571.6141186478787,1553.587891524825,1562.4117457820475,0.5398813567084417
2020,REG,10,NO,SF,27.0,13.0,1,1594.590753340592,1519.2023878781176,1601.0046704830734,1512.7884707356363,0.6793041428759335
2020,REG,10,PIT,CIN,36.0,10.0,1,1587.3782355103685,1413.725315928471,1591.6071529477522,1409.4963984910873,0.7885541281308228
2020,REG,10,NE,BAL,23.0,17.0,1,1534.7328586263402,1590.35092935512,1544.7506481131556,1580.3331398683044,0.4991105256592309
2020,REG,10,CHI,MIN,13.0,19.0,0,1514.5429542930026,1516.329084256678,1503.0232011836488,1527.8488373660318,0.5759876554676937
2020,REG,11,SEA,ARI,28.0,21.0,1,1562.4117457820475,1489.4069668196003,1568.8855919446003,1482.9331206570475,0.6763076918723592
2020,REG,11,BAL,TEN,24.0,30.0,0,1580.3331398683044,1542.5543081773174,1567.7244656459754,1555.1629823996464,0.6304337111164519
2020,REG,11,CAR,DET,20.0,0.0,1,1437.793210392747,1446.962282818624,1446.4816886167273,1438.2738045946437,0.5655760888009795
2020,REG,11,CLE,PHI,22.0,17.0,1,1486.8651984820149,1496.1816501942296,1495.5578458897783,1487.4890027864662,0.565367629611835
2020,REG,11,HOU,NE,27.0,20.0,1,1483.1414078105424,1544.7506481131556,1493.3316140951392,1534.5604418285589,0.49048968577016117
2020,REG,11,JAX,PIT,3.0,27.0,0,1402.7359689139828,1591.6071529477522,1396.409088238289,1597.9340336234459,0.3163440337846794
2020,REG,11,NO,ATL,24.0,9.0,1,1601.0046704830734,1476.846986338981,1606.261257165022,1471.5903996570323,0.7371706659025731
2020,REG,11,WAS,CIN,20.0,9.0,1,1400.3394651006547,1409.4963984910873,1409.027599946495,1400.808263645247,0.565593257707981
2020,REG,11,DEN,MIA,20.0,13.0,1,1464.6193430551452,1500.7443992015262,1474.0766123276976,1491.2871299289739,0.527136536372383
2020,REG,11,LAC,NYJ,34.0,28.0,1,1442.7134336064162,1393.2887281493506,1449.7951976155477,1386.206964140219,0.6459117995434243
2020,REG,11,IND,GB,34.0,31.0,1,1520.4133420776282,1580.431927648416,1530.5577785363523,1570.2874911896918,0.4927781770637977
2020,REG,11,MIN,DAL,28.0,31.0,0,1527.8488373660318,1461.3385024632785,1514.4874335548782,1474.6999062744321,0.6680701905576877
2020,REG,11,LV,KC,31.0,35.0,0,1532.903776820687,1626.3586591893586,1524.006099637779,1635.2563363722666,0.4448838591454006
2020,REG,11,TB,LA,24.0,27.0,0,1517.7621539307715,1553.587891524825,1507.2108339028898,1564.1392115527067,0.527566001394088
2020,REG,12,DET,HOU,25.0,41.0,0,1438.2738045946437,1493.3316140951392,1428.2754684858044,1503.3299502039786,0.49991680544197126
2020,REG,12,DAL,WAS,16.0,41.0,0,1474.6999062744321,1409.027599946495,1461.3599148111173,1422.3675914098098,0.6669995731657378
2020,REG,12,ATL,LV,43.0,6.0,1,1471.5903996570323,1524.006099637779,1481.5160188950306,1514.0804803997808,0.5037190381000882
2020,REG,12,BUF,LAC,27.0,17.0,1,1539.8396186555956,1449.7951976155477,1545.8916377693802,1443.7431785017632,0.6973990443107694
2020,REG,12,CIN,NYG,17.0,19.0,0,1400.808263645247,1418.7660905946034,1389.7461255821772,1429.8282286576732,0.5531069031534904
2020,REG,12,IND,TEN,26.0,45.0,0,1530.5577785363523,1555.1629823996464,1519.6851709602643,1566.0355899757342,0.5436303788043972
2020,REG,12,JAX,CLE,25.0,27.0,0,1396.409088238289,1495.5578458897783,1387.6729962206762,1504.2939379073912,0.43680460088064177
2020,REG,12,MIN,CAR,28.0,27.0,1,1514.4874335548782,1446.4816886167273,1521.087907032813,1439.8812151387924,0.6699763261032512
2020,REG,12,NE,ARI,20.0,17.0,1,1534.5604418285589,1482.9331206570475,1541.5843162354943,1475.9092462501121,0.6488062796532339
2020,REG,12,NYJ,MIA,3.0,20.0,0,1386.206964140219,1491.2871299289739,1377.6384866362125,1499.8556074329804,0.428423875200325
2020,REG,12,DEN,NO,3.0,31.0,0,1474.0766123276976,1606.261257165022,1466.2623255967028,1614.0755438960168,0.390714336549743
2020,REG,12,LA,SF,20.0,23.0,0,1564.1392115527067,1512.7884707356363,1551.1703432019033,1525.7573390864397,0.6484434175401715
2020,REG,12,TB,KC,24.0,27.0,0,1507.2108339028898,1635.2563363722666,1499.2828137484744,1643.184356526682,0.3964010077207727
2020,REG,12,GB,CHI,41.0,25.0,1,1570.2874911896918,1503.0232011836488,1576.9068528223718,1496.4038395509688,0.6690319183660022
2020,REG,12,PHI,SEA,17.0,23.0,0,1487.4890027864662,1568.8855919446003,1478.2472992244764,1578.1272955065901,0.4620851780994979
2020,REG,12,PIT,BAL,19.0,14.0,1,1597.9340336234459,1567.7244656459754,1605.5295225095635,1560.1289767598578,0.6202255556941216
2020,REG,13,ATL,NO,16.0,21.0,0,1481.5160188950306,1614.0755438960168,1473.712004184627,1621.8795586064205,0.39020073552017875
2020,REG,13,CHI,DET,30.0,34.0,0,1496.4038395509688,1428.2754684858044,1483.0011918322489,1441.6781162045243,0.6701323859359902
2020,REG,13,HOU,IND,20.0,26.0,0,1503.3299502039786,1519.6851709602643,1492.222228455511,1530.7928927087319,0.5553860874233796
2020,REG,13,MIA,CIN,19.0,7.0,1,1499.8556074329804,1389.7461255821772,1505.4315078367981,1384.1702251783595,0.7212049798091184
2020,REG,13,MIN,JAX,27.0,24.0,1,1521.087907032813,1387.6729962206762,1526.1406240835906,1382.6202791698986,0.7473641474611259
2020,REG,13,NYJ,LV,28.0,31.0,0,1377.6384866362125,1514.0804803997808,1369.940564792795,1521.7784022431983,0.3848960921708755
2020,REG,13,TEN,CLE,35.0,41.0,0,1566.0355899757342,1504.2939379073912,1552.796488121212,1517.5330397619134,0.6619550927261129
2020,REG,13,ARI,LA,28.0,38.0,0,1475.9092462501121,1551.1703432019033,1466.4917473299026,1560.5878421221128,0.4708749460104712
2020,REG,13,SEA,NYG,12.0,17.0,0,1578.1272955065901,1429.8282286576732,1562.8633703826185,1445.0921537816448,0.7631962561985828
2020,REG,13,GB,PHI,30.0,16.0,1,1576.9068528223718,1478.2472992244764,1582.7516287339397,1472.4025233129084,0.7077612044216047
2020,REG,13,LAC,NE,0.0,45.0,0,1443.7431785017632,1541.5843162354943,1434.9700339335398,1550.3574608037177,0.4386572284111697
2020,REG,13,KC,DEN,22.0,16.0,1,1643.184356526682,1466.2623255967028,1647.350860042576,1462.0958220808088,0.7916748242053072
2020,REG,13,PIT,WAS,17.0,23.0,0,1605.5295225095635,1422.3675914098098,1589.5787850740328,1438.3183288453406,0.797536871776543
2020,REG,13,SF,BUF,24.0,34.0,0,1525.7573390864397,1545.8916377693802,1514.757178633383,1556.8917982224368,0.5500080226528329
2020,REG,13,BAL,DAL,34.0,17.0,1,1560.1289767598578,1461.3599148111173,1565.9711453134303,1455.5177462575448,0.7078915723213748
2020,REG,14,LA,NE,24.0,3.0,1,1560.5878421221128,1550.3574608037177,1568.7321141663522,1542.2131887594783,0.5927863977880266
2020,REG,14,CAR,DEN,27.0,32.0,0,1439.8812151387924,1462.0958220808088,1428.9403666281157,1473.0366705914855,0.5470424255338341
2020,REG,14,CHI,HOU,36.0,7.0,1,1483.0011918322489,1492.222228455511,1491.6911400083673,1483.5322802793926,0.5655025911940825
2020,REG,14,CIN,DAL,7.0,30.0,0,1384.1702251783595,1455.5177462575448,1374.6403977394102,1465.047573696494,0.4764913719474654
2020,REG,14,JAX,TEN,10.0,31.0,0,1382.6202791698986,1552.796488121212,1375.818992567742,1559.5977747233685,0.34006433010783044
2020,REG,14,MIA,KC,27.0,33.0,0,1505.4315078367981,1647.350860042576,1497.8823300719614,1654.9000378074127,0.37745888824183377
2020,REG,14,NYG,ARI,7.0,26.0,0,1445.0921537816448,1466.4917473299026,1434.1280601217677,1477.4558409897797,0.5482046829938606
2020,REG,14,TB,MIN,26.0,14.0,1,1499.2828137484744,1526.1406240835906,1508.474583234219,1516.948854597846,0.5404115257127746
2020,REG,14,LV,IND,27.0,44.0,0,1521.7784022431983,1530.7928927087319,1510.4625080268127,1542.1087869251176,0.5657947108192795
2020,REG,14,SEA,NYJ,40.0,3.0,1,1562.8633703826185,1369.940564792795,1566.7342069027143,1366.0697282726992,0.8064581739952141
2020,REG,14,DET,GB,24.0,31.0,0,1441.6781162045243,1582.7516287339397,1434.10604190367,1590.3237030347939,0.3786037150427123
2020,REG,14,LAC,ATL,20.0,17.0,1,1434.9700339335398,1473.712004184627,1444.5024314770462,1464.1796066411205,0.5233801228246759
2020,REG,14,PHI,NO,24.0,21.0,1,1472.4025233129084,1621.8795586064205,1485.0566911419587,1609.2253907773702,0.3672916085474894
2020,REG,14,SF,WAS,15.0,23.0,0,1514.757178633383,1438.3183288453406,1501.1447772884874,1451.9307301902363,0.680620067244786
2020,REG,14,BUF,PIT,26.0,15.0,1,1556.8917982224368,1589.5787850740328,1566.2504595636349,1580.2201237328347,0.5320669329400918
2020,REG,14,CLE,BAL,42.0,47.0,0,1517.5330397619134,1565.9711453134303,1507.3441957110515,1576.1599893642922,0.5094422025431006
2020,REG,15,LV,LAC,27.0,30.0,0,1510.4625080268127,1444.5024314770462,1497.1151598869062,1457.8497796169527,0.6673674069953195
2020,REG,15,DEN,BUF,19.0,48.0,0,1473.0366705914855,1566.2504595636349,1464.1321379791414,1575.154992175979,0.4452266306172066
2020,REG,15,GB,CAR,24.0,16.0,1,1590.3237030347939,1428.9403666281157,1594.7929485520751,1424.4711211108345,0.7765377241359374
2020,REG,15,ATL,TB,27.0,31.0,0,1464.1796066411205,1508.474583234219,1453.871588765813,1518.7826011095265,0.5154008937653766
2020,REG,15,BAL,JAX,40.0,14.0,1,1576.1599893642922,1375.818992567742,1579.8992644146645,1372.0797175173698,0.8130362474813865
2020,REG,15,DAL,SF,41.0,33.0,1,1465.047573696494,1501.1447772884874,1474.5040436729146,1491.6883073120669,0.5271765011789705
2020,REG,15,IND,HOU,27.0,20.0,1,1542.1087869251176,1483.5322802793926,1548.95146630475,1476.68960089976,0.6578660310183803
2020,REG,15,MIA,NE,22.0,12.0,1,1497.8823300719614,1542.2131887594783,1507.5753439897885,1532.5201748416512,0.515349304108645
2020,REG,15,MIN,CHI,27.0,33.0,0,1516.948854597846,1491.6911400083673,1504.6790815354416,1503.9609130707718,0.6134886531202212
2020,REG,15,TEN,DET,46.0,25.0,1,1559.5977747233685,1434.10604190367,1564.8246579587267,1428.879158668312,0.73865583823209
2020,REG,15,WAS,SEA,15.0,20.0,0,1451.9307301902363,1566.7342069027143,1443.6352122317294,1575.0297248612212,0.4147758979253506
2020,REG,15,ARI,PHI,33.0,26.0,1,1477.4558409897797,1485.0566911419587,1486.0999850923513,1476.4125470393872,0.5677927948714246
2020,REG,15,LA,NYJ,20.0,23.0,0,1568.7321141663522,1366.0697282726992,1552.4309333403232,1382.3709090987281,0.8150590413014501
2020,REG,15,NO,KC,29.0,32.0,0,1609.2253907773702,1654.9000378074127,1598.957049978877,1665.168378605906,0.5134170399246586
2020,REG,15,NYG,CLE,6.0,20.0,0,1434.1280601217677,1507.3441957110515,1424.6518827537932,1516.820373079026,0.4738088683987225
2020,REG,15,CIN,PIT,27.0,17.0,1,1374.6403977394102,1580.2201237328347,1388.722013334112,1566.138508138133,0.29591922026490414
2020,REG,16,NO,MIN,52.0,33.0,1,1598.957049978877,1504.6790815354416,1604.9067077117118,1498.7294238026068,0.7025171133582649
2020,REG,16,DET,TB,7.0,47.0,0,1428.879158668312,1518.7826011095265,1419.8803945202992,1527.7813652575392,0.44993820740063994
2020,REG,16,ARI,SF,12.0,20.0,0,1486.0999850923513,1491.6883073120669,1474.687314107058,1503.1009782973601,0.5706335492646591
2020,REG,16,LV,MIA,25.0,26.0,0,1497.1151598869062,1507.5753439897885,1485.840177726989,1518.8503261497058,0.5637491079958676
2020,REG,16,BAL,NYG,27.0,13.0,1,1579.8992644146645,1424.6518827537932,1584.4922903467461,1420.0588568217115,0.7703487033959201
2020,REG,16,HOU,CIN,31.0,37.0,0,1476.68960089976,1388.722013334112,1462.7921978153313,1402.6194164185408,0.6948701542214364
2020,REG,16,JAX,CHI,17.0,41.0,0,1372.0797175173698,1503.9609130707718,1364.2571124798365,1511.783518108305,0.39113025187666495
2020,REG,16,KC,ATL,17.0,14.0,1,1665.168378605906,1453.871588765813,1668.7196936960931,1450.3202736756257,0.8224342454906395
2020,REG,16,NYJ,CLE,23.0,16.0,1,1382.3709090987281,1516.820373079026,1394.6186057175785,1504.5726764601757,0.3876151690574858
2020,REG,16,PIT,IND,28.0,24.0,1,1566.138508138133,1548.95146630475,1574.090188080419,1540.999786362464,0.6024160028857003
2020,REG,16,LAC,DEN,19.0,16.0,1,1457.8497796169527,1464.1321379791414,1466.4566914494949,1455.5252261465992,0.5696544083728875
2020,REG,16,WAS,CAR,13.0,20.0,0,1443.6352122317294,1424.4711211108345,1431.5324396526503,1436.5738936899136,0.6051386289539539
2020,REG,16,DAL,PHI,37.0,17.0,1,1474.5040436729146,1476.4125470393872,1482.9877315870383,1467.9288591252634,0.5758156042938108
2020,REG,16,SEA,LA,20.0,9.0,1,1575.0297248612212,1552.4309333403232,1582.8326639183463,1544.6279942831982,0.6098530471437429
2020,REG,16,GB,TEN,40.0,14.0,1,1594.7929485520751,1564.8246579587267,1602.394981541672,1557.2226249691298,0.6198983505201555
2020,REG,16,NE,BUF,9.0,38.0,0,1532.5201748416512,1575.154992175979,1522.164426464451,1585.5107405531792,0.5177874188600078
2020,REG,17,BUF,MIA,56.0,26.0,1,1585.5107405531792,1518.8503261497058,1592.145505740388,1512.215560962497,0.6682617406395556
2020,REG,17,CIN,BAL,3.0,38.0,0,1402.6194164185408,1584.4922903467461,1396.117009477022,1590.994697288265,0.3251203470759357
2020,REG,17,CLE,PIT,24.0,22.0,1,1504.5726764601757,1574.090188080419,1514.990281020399,1563.6725835201958,0.4791197719888394
2020,REG,17,DET,MIN,35.0,37.0,0,1419.8803945202992,1498.7294238026068,1410.56574866761,1508.044069655296,0.46573229263446303
2020,REG,17,NE,NYJ,28.0,14.0,1,1522.164426464451,1394.6186057175785,1527.3457867086188,1389.4372454734107,0.7409319877916151
2020,REG,17,NYG,DAL,23.0,19.0,1,1420.0588568217115,1482.9877315870383,1430.2870285726333,1472.7595598361165,0.48859141245391413
2020,REG,17,TB,ATL,44.0,27.0,1,1527.7813652575392,1450.3202736756257,1534.1434081350178,1443.958230798147,0.6818978561260698
2020,REG,17,CAR,NO,7.0,33.0,0,1436.5738936899136,1604.9067077117118,1429.7248980815148,1611.7557033201106,0.34244978041994145
2020,REG,17,CHI,GB,16.0,35.0,0,1511.783518108305,1602.394981541672,1502.8049240103874,1611.3735756395895,0.44892970489588035
2020,REG,17,DEN,LV,31.0,32.0,0,1455.5252261465992,1485.840177726989,1444.815926453765,1496.549477419823,0.5354649846417077
2020,REG,17,HOU,TEN,38.0,41.0,0,1462.7921978153313,1557.2226249691298,1453.9222492276795,1566.0925735567816,0.4434974293825884
2020,REG,17,IND,JAX,28.0,14.0,1,1540.999786362464,1364.2571124798365,1545.1696964968223,1360.087202345478,0.7915044932820862
2020,REG,17,KC,LAC,21.0,38.0,0,1668.7196936960931,1466.4566914494949,1652.4254489268744,1482.7509362187136,0.8147122384609351
2020,REG,17,LA,ARI,18.0,7.0,1,1544.6279942831982,1474.687314107058,1551.179305625412,1468.136002764844,0.672434432889304
2020,REG,17,SF,SEA,23.0,26.0,0,1503.1009782973601,1582.8326639183463,1493.8116135507023,1592.122028665004,0.46446823733288695
2020,REG,17,PHI,WAS,14.0,20.0,0,1467.9288591252634,1431.5324396526503,1455.3573045429994,1444.1039942349144,0.6285777291131999
2020,WC,18,BUF,IND,27.0,24.0,1,1592.145505740388,1545.1696964968223,1599.2918839189347,1538.0233183182756,0.6426810910726637
2020,WC,18,SEA,LA,20.0,30.0,0,1592.122028665004,1551.179305625412,1579.4286908715776,1563.8726434188386,0.6346668896713207
2020,WC,18,WAS,TB,23.0,31.0,0,1444.1039942349144,1534.1434081350178,1435.1091042755525,1543.1382980943797,0.44974449796809013
2020,WC,18,TEN,BAL,13.0,20.0,0,1566.0925735567816,1590.994697288265,1555.2284475785962,1601.8588232664504,0.5432062989092783
2020,WC,18,NO,CHI,21.0,9.0,1,1611.7557033201106,1502.8049240103874,1617.358465889336,1497.202161441162,0.7198618715387273
2020,WC,18,PIT,CLE,37.0,48.0,0,1563.6725835201958,1514.990281020399,1550.77390804481,1527.8889564957847,0.6449337737692876
2020,DIV,19,GB,LA,32.0,18.0,1,1611.3735756395895,1563.8726434188386,1618.5060763373988,1556.7401427210293,0.6433749651095375
2020,DIV,19,BUF,BAL,17.0,3.0,1,1599.2918839189347,1601.8588232664504,1607.7940927150134,1593.3566144703716,0.5748895601960596
2020,DIV,19,KC,CLE,22.0,17.0,1,1652.4254489268744,1527.8889564957847,1657.6735901679713,1522.6408152546878,0.7375929379451603
2020,DIV,19,NO,TB,20.0,30.0,0,1617.358465889336,1543.1382980943797,1603.801717753672,1556.6950462300438,0.6778374067831997
2020,CON,20,GB,TB,26.0,31.0,0,1618.5060763373988,1556.6950462300438,1605.2651872442443,1569.9359353231982,0.6620444546577242
2020,CON,20,KC,BUF,38.0,24.0,1,1657.6735901679713,1607.7940927150134,1664.7433835455515,1600.7242993374332,0.6465103311209893
2020,SB,21,TB,KC,31.0,9.0,1,1569.9359353231982,1664.7433835455515,1581.0766983805413,1653.6026204882085,0.44296184713284986
2021,REG,1,TB,DAL,31.0,29.0,1,1552.6998539473518,1482.2937138934758,1559.2393671028494,1475.7542007379782,0.6730243422251211
2021,REG,1,ATL,PHI,6.0,32.0,0,1463.5728500187956,1470.9822479529496,1452.2115853890994,1482.3435125826459,0.568063231484817
2021,REG,1,BUF,PIT,16.0,23.0,0,1565.4707945693315,1533.0030402291266,1553.0051418889072,1545.4686929095508,0.6232826340212153
2021,REG,1,CAR,NYJ,19.0,14.0,1,1454.3211837529846,1428.134209557717,1462.0260578322984,1420.4293354784031,0.614756296034305
2021,REG,1,CIN,MIN,27.0,24.0,1,1432.4760561600644,1505.2286452759424,1442.9865725390111,1494.7181288969957,0.4744741810526691
2021,REG,1,DET,SF,33.0,41.0,0,1441.8677366339466,1495.9775488079565,1431.8421150247866,1506.0031704171165,0.5012810804580053
2021,REG,1,HOU,JAX,37.0,21.0,1,1470.0494619979916,1409.0566815245606,1476.8296664242487,1402.2764770983035,0.6609897786871493
2021,REG,1,IND,SEA,16.0,28.0,0,1524.7151569068792,1551.6286490665254,1513.9085185958659,1562.4352873775388,0.5403319155506681
2021,REG,1,TEN,ARI,13.0,38.0,0,1535.8984909260876,1479.2884017971487,1522.792216951451,1492.3946757717852,0.6553136987318194
2021,REG,1,WAS,LAC,16.0,20.0,0,1457.820917779109,1488.7881085421639,1447.1302990566987,1499.4787272645742,0.5345309361205189
2021,REG,1,KC,CLE,33.0,29.0,1,1599.8417033173355,1514.7165299155472,1606.0139049457484,1508.5443282871342,0.6913899185793557
2021,REG,1,NE,MIA,16.0,17.0,0,1517.7747613606023,1507.940114625623,1505.9300336362912,1519.784842349934,0.5922363862155499
2021,REG,1,NO,GB,38.0,3.0,1,1567.4711165398867,1568.4223717087589,1575.9278974172544,1559.9655908313912,0.5771609561316129
2021,REG,1,NYG,DEN,13.0,27.0,0,1454.6865685722116,1464.1303521949474,1443.382818419886,1475.434102347273,0.5651875076162803
2021,REG,1,LA,CHI,34.0,14.0,1,1536.881092768669,1498.1814049367554,1544.2477349708136,1490.814762734611,0.6316678898927786
2021,REG,1,LV,BAL,33.0,27.0,1,1497.757160322885,1560.6817994057415,1507.985210224502,1550.4537495041245,0.4885975049191488
2021,REG,2,WAS,NYG,30.0,29.0,1,1447.1302990566987,1443.382818419886,1455.455343206185,1435.0577742703997,0.5837477925256893
2021,REG,2,CAR,NO,26.0,7.0,1,1462.0260578322984,1575.9278974172544,1473.7053315269259,1564.248623722627,0.4160363152686256
2021,REG,2,CHI,CIN,20.0,17.0,1,1490.814762734611,1442.9865725390111,1497.9386210296484,1435.8627142439736,0.6438070852481268
2021,REG,2,CLE,HOU,31.0,21.0,1,1508.5443282871342,1476.8296664242487,1516.0990444402769,1469.274950271106,0.6222641923428641
2021,REG,2,IND,LA,24.0,27.0,0,1513.9085185958659,1544.2477349708136,1503.1999137897235,1554.956339776956,0.5354302403071157
2021,REG,2,JAX,DEN,13.0,23.0,0,1402.2764770983035,1475.434102347273,1392.798620273465,1484.9119591721114,0.4738928412419215
2021,REG,2,MIA,BUF,0.0,35.0,0,1519.784842349934,1553.0051418889072,1509.1587920204533,1563.631192218388,0.5313025164740345
2021,REG,2,NYJ,NE,6.0,25.0,0,1420.4293354784031,1505.9300336362912,1411.304967869521,1515.0544012451733,0.45621838044410706
2021,REG,2,PHI,SF,11.0,17.0,0,1482.3435125826459,1506.0031704171165,1471.4439037101067,1516.9027792896557,0.5449804436269604
2021,REG,2,PIT,LV,17.0,26.0,0,1545.4686929095508,1507.985210224502,1532.867942773548,1520.5859603605047,0.6300375068001303
2021,REG,2,ARI,MIN,34.0,33.0,1,1492.3946757717852,1494.7181288969957,1500.8900344093374,1486.2227702594435,0.5752320681223821
2021,REG,2,TB,ATL,48.0,25.0,1,1559.2393671028494,1452.2115853890994,1564.886884475694,1446.5640680162549,0.7176241313577739
2021,REG,2,LAC,DAL,17.0,20.0,0,1499.4787272645742,1475.7542007379782,1487.2508511416747,1487.9820768608777,0.6113938061449753
2021,REG,2,SEA,TEN,30.0,33.0,0,1562.4352873775388,1522.792216951451,1549.776677889914,1535.4508264390759,0.6329304743812364
2021,REG,2,BAL,KC,36.0,35.0,1,1550.4537495041245,1606.0139049457484,1560.4698720597755,1595.9977823900974,0.49919387221744865
2021,REG,2,GB,DET,35.0,17.0,1,1559.9655908313912,1431.8421150247866,1565.1341955542443,1426.6735103019334,0.741569763857341
2021,REG,3,HOU,CAR,9.0,24.0,0,1469.274950271106,1473.7053315269259,1457.8296316688172,1485.1506501292147,0.5722659301144412
2021,REG,3,BUF,WAS,43.0,21.0,1,1563.631192218388,1455.455343206185,1569.2519640182602,1449.8345714063128,0.7189614100063864
2021,REG,3,CLE,CHI,26.0,6.0,1,1516.0990444402769,1497.9386210296484,1524.023899123655,1490.0137663462704,0.6037572658310982
2021,REG,3,DET,BAL,17.0,19.0,0,1426.6735103019334,1560.4698720597755,1418.9033512953204,1568.2400310663886,0.38850795033065555
2021,REG,3,JAX,ARI,19.0,31.0,0,1392.798620273465,1500.8900344093374,1384.3149300394618,1509.3737246433407,0.4241845117001652
2021,REG,3,KC,LAC,24.0,30.0,0,1595.9977823900974,1487.2508511416747,1581.6052789313046,1501.6433546004675,0.7196251729396389
2021,REG,3,NE,NO,13.0,28.0,0,1515.0544012451733,1564.248623722627,1504.8873130875463,1574.4157118802539,0.5083544078813519
2021,REG,3,NYG,ATL,14.0,17.0,0,1435.0577742703997,1446.5640680162549,1423.8124233988244,1457.8094188878301,0.562267543578768
2021,REG,3,PIT,CIN,10.0,24.0,0,1532.867942773548,1435.8627142439736,1518.7521905813437,1449.978466436178,0.705787609610218
2021,REG,3,TEN,IND,25.0,16.0,1,1535.4508264390759,1503.1999137897235,1542.9910364350947,1495.6597037937047,0.6229895001990609
2021,REG,3,DEN,NYJ,26.0,0.0,1,1484.9119591721114,1411.304967869521,1491.3706367081,1404.8462903335326,0.6770661232005744
2021,REG,3,LV,MIA,31.0,28.0,1,1520.5859603605047,1509.1587920204533,1528.69699372017,1501.047758660788,0.5944483320167401
2021,REG,3,LA,TB,34.0,24.0,1,1554.956339776956,1564.886884475694,1563.6663641027187,1556.1768601499311,0.5644987837118638
2021,REG,3,MIN,SEA,30.0,17.0,1,1486.2227702594435,1549.776677889914,1496.4689217789517,1539.5305263704058,0.48769242402458773
2021,REG,3,SF,GB,28.0,30.0,0,1516.9027792896557,1565.1341955542443,1506.707988431952,1575.328986411948,0.5097395428851869
2021,REG,3,DAL,PHI,41.0,21.0,1,1487.9820768608777,1471.4439037101067,1495.9516560008833,1463.474324570101,0.6015210429997208
2021,REG,4,CIN,JAX,24.0,21.0,1,1449.978466436178,1384.3149300394618,1456.638699234965,1377.6546972406747,0.6669883600606509
2021,REG,4,ATL,WAS,30.0,34.0,0,1457.8094188878301,1449.8345714063128,1446.0164494905814,1461.6275408035615,0.589648469862439
2021,REG,4,BUF,HOU,40.0,0.0,1,1569.2519640182602,1457.8296316688172,1574.7975243075798,1452.2840713794976,0.7227219855340183
2021,REG,4,CHI,DET,24.0,14.0,1,1490.0137663462704,1418.9033512953204,1496.5354487756813,1412.3816688659094,0.6739158785294522
2021,REG,4,DAL,CAR,36.0,28.0,1,1495.9516560008833,1485.1506501292147,1504.0800745903405,1477.0222315397575,0.593579070527142
2021,REG,4,MIA,IND,17.0,27.0,0,1501.047758660788,1495.6597037937047,1489.3269446314173,1507.3805178230755,0.5860407014685423
2021,REG,4,MIN,CLE,7.0,14.0,0,1496.4689217789517,1524.023899123655,1485.6806294720943,1534.8121914305123,0.5394146153428626
2021,REG,4,NO,NYG,21.0,27.0,0,1574.4157118802539,1423.8124233988244,1559.1040101962342,1439.124125082844,0.765585084200989
2021,REG,4,NYJ,TEN,27.0,24.0,1,1404.8462903335326,1542.9910364350947,1417.1947276957403,1530.642599072887,0.3825781318896171
2021,REG,4,PHI,KC,30.0,42.0,0,1463.474324570101,1581.6052789313046,1455.2716422919295,1589.8079612094762,0.41013411390858223
2021,REG,4,LA,ARI,20.0,37.0,0,1563.6663641027187,1509.3737246433407,1550.6204799269158,1522.4196088191436,0.6522942087901522
2021,REG,4,SF,SEA,21.0,28.0,0,1506.707988431952,1539.5305263704058,1496.0705352967163,1550.1679795056414,0.5318726567617805
2021,REG,4,DEN,BAL,7.0,23.0,0,1491.3706367081,1568.2400310663886,1481.999258475559,1577.6114092989296,0.46856891162705017
2021,REG,4,GB,PIT,27.0,17.0,1,1575.328986411948,1518.7521905813437,1582.2235782595014,1511.8575987337904,0.6552704076223353
2021,REG,4,NE,TB,17.0,19.0,0,1504.8873130875463,1556.1768601499311,1494.78052172718,1566.2836515102974,0.5053395680183118
2021,REG,4,LAC,LV,28.0,14.0,1,1501.6433546004675,1528.69699372017,1510.840723927161,1519.4996243934766,0.5401315336653232
2021,REG,5,SEA,LA,17.0,26.0,0,1550.1679795056414,1550.6204799269158,1538.6107500562773,1562.1777093762798,0.5778614724682019
2021,REG,5,ATL,NYJ,27.0,20.0,1,1446.0164494905814,1417.1947276957403,1453.6496102699514,1409.5615669163703,0.6183419610315003
2021,REG,5,CAR,PHI,18.0,21.0,0,1477.0222315397575,1455.2716422919295,1464.8484177986888,1467.4454560329982,0.608690687053432
2021,REG,5,CIN,GB,22.0,25.0,0,1456.638699234965,1582.2235782595014,1448.642798648451,1590.2194788460156,0.39979502932571237
2021,REG,5,HOU,NE,22.0,25.0,0,1452.2840713794976,1494.78052172718,1441.9243455770054,1505.1402475296723,0.5179862901246061
2021,REG,5,JAX,TEN,19.0,37.0,0,1377.6546972406747,1530.642599072887,1370.4025428577686,1537.894753455793,0.3626077191453086
2021,REG,5,MIN,DET,19.0,17.0,1,1485.6806294720943,1412.3816688659094,1492.1470634160482,1405.9152349219555,0.6766783028023079
2021,REG,5,PIT,DEN,27.0,19.0,1,1511.8575987337904,1481.999258475559,1519.4626146009634,1474.3942426083859,0.6197492066413459
2021,REG,5,TB,MIA,45.0,17.0,1,1566.2836515102974,1489.3269446314173,1572.6582970600427,1482.952299081672,0.6812677225127369
2021,REG,5,WAS,NO,22.0,33.0,0,1461.6275408035615,1559.1040101962342,1452.8440568922229,1567.8874941075728,0.4391741955669273
2021,REG,5,LAC,CLE,47.0,42.0,1,1510.840723927161,1534.8121914305123,1519.950017743575,1525.7028976140982,0.5445353091793017
2021,REG,5,LV,CHI,9.0,20.0,0,1519.4996243934766,1496.5354487756813,1507.2925568110438,1508.742516358114,0.6103533791216341
2021,REG,5,ARI,SF,17.0,10.0,1,1522.4196088191436,1496.0705352967163,1530.1200635432817,1488.3700805725782,0.6149772637930965
2021,REG,5,DAL,NYG,44.0,20.0,1,1504.0800745903405,1439.124125082844,1510.7584140361657,1432.4457856370188,0.6660830277087418
2021,REG,5,KC,BUF,20.0,38.0,0,1589.8079612094762,1574.7975243075798,1577.8197367502337,1586.7857487668223,0.5994112229621237
2021,REG,5,BAL,IND,31.0,25.0,1,1577.6114092989296,1507.3805178230755,1584.1553632641544,1500.8365638578507,0.6728023017387562
2021,REG,6,PHI,TB,22.0,28.0,0,1467.4454560329982,1572.6582970600427,1458.8807187697007,1581.2230343233402,0.4282368631648761
2021,REG,6,JAX,MIA,23.0,20.0,1,1370.4025428577686,1482.952299081672,1382.0439733433684,1471.3108685960722,0.4179284757200092
2021,REG,6,BAL,LAC,34.0,6.0,1,1584.1553632641544,1519.950017743575,1590.8529369270768,1513.2524440806526,0.6651213168538787
2021,REG,6,CAR,MIN,28.0,34.0,0,1464.8484177986888,1492.1470634160482,1454.0527939455035,1502.9426872692336,0.5397811926592675
2021,REG,6,CHI,GB,14.0,24.0,0,1508.742516358114,1590.2194788460156,1499.5031127841626,1599.458882419967,0.4619701786975717
2021,REG,6,DET,CIN,11.0,34.0,0,1405.9152349219555,1448.642798648451,1395.5621526473806,1458.9958809230259,0.5176541137287475
2021,REG,6,IND,HOU,31.0,3.0,1,1500.8365638578507,1441.9243455770054,1507.6705465645875,1435.0903628702686,0.6583008646631607
2021,REG,6,NYG,LA,11.0,38.0,0,1432.4457856370188,1562.1777093762798,1424.5641737177903,1570.0593212955084,0.394080595961429
2021,REG,6,WAS,KC,13.0,31.0,0,1452.8440568922229,1577.8197367502337,1444.8313204899262,1585.8324731525304,0.4006368201148314
2021,REG,6,CLE,ARI,14.0,37.0,0,1525.7028976140982,1530.1200635432817,1514.2572065918555,1541.5657545655245,0.5722845511121408
2021,REG,6,DEN,LV,24.0,34.0,0,1474.3942426083859,1507.2925568110438,1463.7589616570372,1517.9278377623925,0.5317640475674396
2021,REG,6,NE,DAL,29.0,35.0,0,1505.1402475296723,1510.7584140361657,1493.728418399921,1522.1702431659169,0.5705914564875619
2021,REG,6,PIT,SEA,23.0,20.0,1,1519.4626146009634,1538.6107500562773,1528.4343620706468,1529.639002586594,0.5514126265158351
2021,REG,6,TEN,BUF,34.0,31.0,1,1537.894753455793,1586.7857487668223,1547.7189402848062,1576.9615619378092,0.5087906585493462
2021,REG,7,CLE,DEN,17.0,14.0,1,1514.2572065918555,1463.7589616570372,1521.310728592709,1456.7054396561837,0.6473238999573268
2021,REG,7,BAL,CIN,17.0,41.0,0,1590.8529369270768,1458.9958809230259,1575.9395931669721,1473.9092246831306,0.7456671880052377
2021,REG,7,GB,WAS,24.0,10.0,1,1599.458882419967,1444.8313204899262,1604.0645448289397,1440.2256580809535,0.7697168795513724
2021,REG,7,MIA,ATL,28.0,30.0,0,1471.3108685960722,1453.6496102699514,1459.249475814967,1465.7110030510567,0.6030696390552638
2021,REG,7,NE,NYJ,54.0,13.0,1,1493.728418399921,1409.5615669163703,1499.9241861404007,1403.3657991758907,0.6902116129760216
2021,REG,7,NYG,CAR,25.0,3.0,1,1424.5641737177903,1454.0527939455035,1433.8312139901614,1444.7857536731324,0.5366479863814458
2021,REG,7,TEN,KC,27.0,3.0,1,1547.7189402848062,1585.8324731525304,1557.2332910420207,1576.3181223953159,0.5242824621392748
2021,REG,7,LA,DET,28.0,19.0,1,1570.0593212955084,1395.5621526473806,1574.272055043056,1391.349418899833,0.789363312622615
2021,REG,7,LV,PHI,33.0,22.0,1,1517.9278377623925,1458.8807187697007,1524.7583273384428,1452.0502291936505,0.6584755211974935
2021,REG,7,ARI,HOU,31.0,5.0,1,1541.5657545655245,1435.0903628702686,1547.2261679792407,1429.4299494565523,0.7169793293141862
2021,REG,7,TB,CHI,38.0,3.0,1,1581.2230343233402,1499.5031127841626,1587.4791986751397,1493.246948432363,0.6871917824100262
2021,REG,7,SF,IND,18.0,30.0,0,1488.3700805725782,1507.6705465645875,1477.3461663061812,1518.6944608309846,0.5511957133198561
2021,REG,7,SEA,NO,10.0,13.0,0,1529.639002586594,1567.8874941075728,1519.1572286773985,1578.3692680167683,0.5240886954597775
2021,REG,8,ARI,GB,21.0,24.0,0,1547.2261679792407,1604.0645448289397,1537.2790802245545,1614.011632583626,0.49735438773431173
2021,REG,8,ATL,CAR,13.0,19.0,0,1465.7110030510567,1444.7857536731324,1453.5598336082603,1456.9369231159287,0.6075584721398131
2021,REG,8,BUF,MIA,26.0,11.0,1,1576.9615619378092,1459.249475814967,1582.36318575383,1453.847851998946,0.7299188091989598
2021,REG,8,CHI,SF,22.0,33.0,0,1493.246948432363,1477.3461663061812,1481.2341233784782,1489.358991360066,0.6006412526942474
2021,REG,8,CLE,PIT,10.0,15.0,0,1521.310728592709,1528.4343620706468,1509.9413923183042,1539.8036983450515,0.5684668137202344
2021,REG,8,DET,PHI,6.0,44.0,0,1391.349418899833,1452.0502291936505,1381.5134866860756,1461.8861614074078,0.49179661068787245
2021,REG,8,HOU,LA,22.0,38.0,0,1429.4299494565523,1574.272055043056,1421.959677843324,1581.7423266562844,0.3735135806614103
2021,REG,8,IND,TEN,31.0,34.0,0,1518.6944608309846,1557.2332910420207,1508.2210244785408,1567.7067273944645,0.5236718176221816
2021,REG,8,NYJ,CIN,34.0,31.0,1,1403.3657991758907,1473.9092246831306,1413.8128766961615,1463.4621471628598,0.4776461239864566
2021,REG,8,LAC,NE,24.0,27.0,0,1513.2524440806526,1499.9241861404007,1501.3107671268458,1511.8658630942075,0.5970838476903398
2021,REG,8,SEA,JAX,31.0,7.0,1,1519.1572286773985,1382.0439733433684,1524.1299765023869,1377.07122551838,0.7513626087505823
2021,REG,8,DEN,WAS,17.0,10.0,1,1456.7054396561837,1440.2256580809535,1464.6766302093995,1432.2544675277377,0.6014404723392044
2021,REG,8,NO,TB,36.0,27.0,1,1578.3692680167683,1587.4791986751397,1587.0560733212062,1578.7923933707018,0.5656597347781028
2021,REG,8,MIN,DAL,16.0,20.0,0,1502.9426872692336,1522.1702431659169,1491.916696527157,1533.1962339079935,0.5512995371038298
2021,REG,8,KC,NYG,20.0,17.0,1,1576.3181223953159,1433.8312139901614,1581.176194045578,1428.9731423398991,0.7570964174868939
2021,REG,9,IND,NYJ,45.0,30.0,1,1508.2210244785408,1413.8128766961615,1514.1675505072394,1407.866350667463,0.7026736985650689
2021,REG,9,BAL,MIN,34.0,31.0,1,1575.9395931669721,1491.916696527157,1582.138905185674,1485.717384508455,0.6900343990648995
2021,REG,9,CAR,NE,6.0,24.0,0,1456.9369231159287,1511.8658630942075,1446.934877844123,1521.8679083660131,0.500102263590276
2021,REG,9,CIN,CLE,16.0,41.0,0,1463.4621471628598,1509.9413923183042,1453.216949281308,1520.186590199856,0.5122598940775935
2021,REG,9,DAL,DEN,16.0,30.0,0,1533.1962339079935,1464.6766302093995,1519.783633177975,1478.089230939418,0.6706300365009308
2021,REG,9,JAX,BUF,9.0,6.0,1,1377.07122551838,1582.36318575383,1391.1459360569258,1568.2884752152843,0.2962644730727056
2021,REG,9,MIA,HOU,17.0,9.0,1,1453.847851998946,1421.959677843324,1461.39787325757,1414.4096565847,0.622498937068803
2021,REG,9,NO,ATL,25.0,27.0,0,1587.0560733212062,1453.5598336082603,1572.1070226761467,1468.5088842533198,0.7474525322529734
2021,REG,9,NYG,LV,23.0,16.0,1,1428.9731423398991,1524.7583273384428,1440.1416717197037,1513.5897979586382,0.44157353100977287
2021,REG,9,PHI,LAC,24.0,27.0,0,1461.8861614074078,1501.3107671268458,1451.4381655948068,1511.7587629394468,0.522399790630052
2021,REG,9,KC,GB,13.0,7.0,1,1581.176194045578,1614.011632583626,1590.53911071152,1604.648715917684,0.5318541667029046
2021,REG,9,SF,ARI,17.0,31.0,0,1489.358991360066,1537.2790802245545,1479.1552433382326,1547.482828246388,0.5101874010916744
2021,REG,9,LA,TEN,16.0,28.0,0,1581.7423266562844,1567.7067273944645,1569.7810661047813,1579.6679879459675,0.5980630275751525
2021,REG,9,PIT,CHI,29.0,27.0,1,1539.8036983450515,1481.2341233784782,1546.646557347102,1474.3912643764277,0.6578570498974767
2021,REG,10,MIA,BAL,22.0,10.0,1,1461.39787325757,1582.138905185674,1473.267788890694,1570.26898955255,0.4065042183437958
2021,REG,10,DAL,ATL,43.0,3.0,1,1519.783633177975,1468.5088842533198,1526.8167593934306,1461.4757580378641,0.648343689227215
2021,REG,10,IND,JAX,23.0,17.0,1,1514.1675505072394,1391.1459360569258,1519.449517978626,1385.8639685855392,0.7359016264306691
2021,REG,10,NE,CLE,45.0,7.0,1,1521.8679083660131,1520.186590199856,1530.2508100129696,1511.8036885528995,0.5808549176521748
2021,REG,10,NYJ,BUF,17.0,45.0,0,1407.866350667463,1568.2884752152843,1400.8108278265127,1575.3439980562346,0.35277614204751356
2021,REG,10,PIT,DET,16.0,16.0,0,1546.646557347102,1381.5134866860756,1541.0413379753763,1387.1187060578013,0.780260968586286
2021,REG,10,TEN,NO,23.0,21.0,1,1579.6679879459675,1572.1070226761467,1587.8865505385695,1563.8884600835447,0.589071870369904
2021,REG,10,WAS,TB,29.0,19.0,1,1432.2544675277377,1578.7923933707018,1444.8298252569564,1566.217035641483,0.3712321135390627
2021,REG,10,ARI,CAR,10.0,34.0,0,1547.482828246388,1446.934877844123,1533.282737928562,1461.134968161949,0.7100045158912947
2021,REG,10,LAC,MIN,20.0,27.0,0,1511.7587629394468,1485.717384508455,1499.467607240063,1498.008540207839,0.6145577849691896
2021,REG,10,DEN,PHI,13.0,30.0,0,1478.089230939418,1451.4381655948068,1465.7814549136565,1463.7459416205684,0.6153888012880795
2021,REG,10,GB,SEA,17.0,0.0,1,1604.648715917684,1524.1299765023869,1610.9346456490184,1517.8440467710525,0.6857035134332762
2021,REG,10,LV,KC,14.0,41.0,0,1513.5897979586382,1590.53911071152,1504.220710839492,1599.908197830666,0.4684543559573067
2021,REG,10,SF,LA,31.0,10.0,1,1479.1552433382326,1569.7810661047813,1490.1770582216388,1558.759251221375,0.4489092558296879
2021,REG,11,ATL,NE,0.0,25.0,0,1461.4757580378641,1530.2508100129696,1451.872028287676,1539.8545397631578,0.4801864875094123
2021,REG,11,BUF,IND,15.0,41.0,0,1575.3439980562346,1519.449517978626,1562.2563454727406,1532.53717056212,0.6543826291746974
2021,REG,11,CAR,WAS,21.0,27.0,0,1461.134968161949,1444.8298252569564,1449.110978816937,1456.8538146019685,0.6011994672506007
2021,REG,11,CHI,BAL,13.0,16.0,0,1474.3912643764277,1570.26898955255,1465.5624208254924,1579.0978331034853,0.44144217754676296
2021,REG,11,CLE,DET,13.0,10.0,1,1511.8036885528995,1387.1187060578013,1517.0485216291809,1381.87387298152,0.7377583461859302
2021,REG,11,JAX,SF,10.0,30.0,0,1385.8639685855392,1490.1770582216388,1377.273858492695,1498.7671683144831,0.42950550464221565
2021,REG,11,MIN,GB,34.0,31.0,1,1498.008540207839,1610.9346456490184,1509.660509165411,1599.2826766914463,0.41740155212139873
2021,REG,11,NYJ,MIA,17.0,24.0,0,1400.8108278265127,1473.267788890694,1391.3128571559087,1482.765759561298,0.47489853353019956
2021,REG,11,PHI,NO,40.0,29.0,1,1463.7459416205684,1563.8884600835447,1475.0379851720313,1552.5964165320818,0.43539782242685493
2021,REG,11,TEN,HOU,13.0,22.0,0,1587.8865505385695,1414.4096565847,1572.118847996027,1430.1773591272427,0.7883851271271339
2021,REG,11,LV,CIN,13.0,32.0,0,1504.220710839492,1453.216949281308,1491.260951792142,1466.1767083286582,0.6479879523675076
2021,REG,11,KC,DAL,19.0,9.0,1,1599.908197830666,1526.8167593934306,1606.3798600555067,1520.34509716859,0.6764168887579646
2021,REG,11,SEA,ARI,13.0,23.0,0,1517.8440467710525,1533.282737928562,1506.710276545567,1544.4165081540475,0.556688511274279
2021,REG,11,LAC,PIT,41.0,37.0,1,1499.467607240063,1541.0413379753763,1509.0813603950962,1531.427584820343,0.5193123422483358
2021,REG,11,TB,NYG,30.0,10.0,1,1566.217035641483,1440.1416717197037,1571.4309581137534,1434.9277492474334,0.7393038763864889
2021,REG,12,DET,CHI,14.0,16.0,0,1381.87387298152,1465.5624208254924,1372.6977242256144,1474.738569581398,0.4588074377952823
2021,REG,12,DAL,LV,33.0,36.0,0,1520.34509716859,1491.260951792142,1507.9711291883496,1503.6349197723823,0.6186983990120187
2021,REG,12,NO,BUF,6.0,31.0,0,1552.5964165320818,1562.2563454727406,1541.2987822922498,1573.5539797125725,0.564881711991596
2021,REG,12,CIN,PIT,41.0,10.0,1,1466.1767083286582,1531.427584820343,1476.4716666881268,1521.1326264608745,0.4852520820265662
2021,REG,12,HOU,NYJ,14.0,21.0,0,1430.1773591272427,1391.3128571559087,1417.5395871064738,1403.9506291766775,0.6318886010384444
2021,REG,12,IND,TB,31.0,38.0,0,1532.53717056212,1571.4309581137534,1522.0739282932661,1581.8942003826073,0.5231621134426936
2021,REG,12,JAX,ATL,14.0,21.0,0,1377.273858492695,1451.872028287676,1367.8373416462946,1461.3085451340762,0.47182584232001584
2021,REG,12,MIA,CAR,33.0,10.0,1,1482.765759561298,1449.110978816937,1490.2680457116535,1441.6086926665814,0.6248856924822243
2021,REG,12,NE,TEN,36.0,13.0,1,1539.8545397631578,1572.118847996027,1549.2010864262286,1562.7723013329562,0.5326726668464662
2021,REG,12,NYG,PHI,13.0,7.0,1,1434.9277492474334,1475.0379851720313,1444.4994495679396,1465.4662848515252,0.5214149839746937
2021,REG,12,DEN,LAC,28.0,13.0,1,1465.7814549136565,1509.0813603950962,1475.4448263643226,1499.4179889444301,0.5168314274666964
2021,REG,12,GB,LA,36.0,28.0,1,1599.2826766914463,1558.759251221375,1606.600535439415,1551.4413924734065,0.6341070626015701
2021,REG,12,SF,MIN,34.0,26.0,1,1498.7671683144831,1509.660509165411,1507.504452686311,1500.9232247935831,0.5631357814086042
2021,REG,12,BAL,CLE,16.0,10.0,1,1579.0978331034853,1517.0485216291809,1585.850807437156,1510.2955472955102,0.6623512833164712
2021,REG,12,WAS,SEA,17.0,15.0,1,1456.8538146019685,1506.710276545567,1466.705782490725,1496.8583086568106,0.5074016055621767
2021,REG,13,NO,DAL,17.0,27.0,0,1541.2987822922498,1507.9711291883496,1528.8098986145826,1520.4600128660168,0.6244441838833587
2021,REG,13,ATL,TB,17.0,30.0,0,1461.3085451340762,1581.8942003826073,1453.1741446769956,1590.028600839688,0.4067200228540313
2021,REG,13,CHI,ARI,22.0,33.0,0,1474.738569581398,1544.4165081540475,1465.1607834587262,1553.9942942767193,0.47888930613358865
2021,REG,13,CIN,LAC,22.0,41.0,0,1476.4716666881268,1499.4179889444301,1465.551696316881,1510.337959315676,0.5459985185622932
2021,REG,13,DET,MIN,29.0,27.0,1,1372.6977242256144,1500.9232247935831,1384.7746618849876,1488.84628713421,0.3961531170313385
2021,REG,13,HOU,IND,0.0,31.0,0,1417.5395871064738,1522.0739282932661,1408.9557179989247,1530.6577974008153,0.4291934553774564
2021,REG,13,MIA,NYG,20.0,9.0,1,1490.2680457116535,1444.4994495679396,1497.446372372673,1437.32112290692,0.6410836669490214
2021,REG,13,NYJ,PHI,18.0,33.0,0,1403.9506291766775,1465.4662848515252,1394.1381428399295,1475.2787711882731,0.4906243168373984
2021,REG,13,LA,JAX,37.0,7.0,1,1551.4413924734065,1367.8373416462946,1555.4824421986195,1363.7962919210815,0.7979475137393447
2021,REG,13,LV,WAS,15.0,17.0,0,1503.6349197723823,1466.705782490725,1491.0490519389016,1479.2916503242056,0.6292933916740314
2021,REG,13,PIT,BAL,20.0,19.0,1,1521.1326264608745,1585.850807437156,1531.4122652692195,1575.571168628811,0.48601805958275335
2021,REG,13,SEA,SF,30.0,23.0,1,1496.8583086568106,1507.504452686311,1505.5885922058496,1498.7741691372717,0.56348582254804
2021,REG,13,KC,DEN,22.0,9.0,1,1606.3798600555067,1475.4448263643226,1611.4866739581723,1470.338012461657,0.7446593048667128
2021,REG,13,BUF,NE,10.0,14.0,0,1573.5539797125725,1549.2010864262286,1561.3089223608988,1561.4461437779023,0.6122528675836862
2021,REG,14,MIN,PIT,36.0,28.0,1,1488.84628713421,1531.4122652692195,1498.4885599270938,1521.7699924763356,0.5178863603558089
2021,REG,14,CAR,ATL,21.0,29.0,0,1441.6086926665814,1453.1741446769956,1430.365018134927,1464.4178192086501,0.5621837265827283
2021,REG,14,CLE,BAL,24.0,22.0,1,1510.2955472955102,1575.571168628811,1520.5912172476467,1565.2754986766745,0.48521650239317854
2021,REG,14,HOU,SEA,13.0,33.0,0,1408.9557179989247,1505.5885922058496,1400.1483057771607,1514.3960044276137,0.4403706110882017
2021,REG,14,KC,LV,48.0,9.0,1,1611.4866739581723,1491.0490519389016,1616.8266618650287,1485.7090640320453,0.7330006046571813
2021,REG,14,NYJ,NO,9.0,30.0,0,1394.1381428399295,1528.8098986145826,1386.3919134170412,1536.556128037471,0.3873114711444139
2021,REG,14,TEN,JAX,20.0,0.0,1,1562.7723013329562,1363.7962919210815,1566.5355232643894,1360.0330699896483,0.8118389034283359
2021,REG,14,WAS,DAL,20.0,27.0,0,1479.2916503242056,1520.4600128660168,1468.8937539812684,1530.857909208954,0.5198948171468607
2021,REG,14,DEN,DET,38.0,10.0,1,1470.338012461657,1384.7746618849876,1476.4994554157881,1378.6132189308564,0.6919278522934352
2021,REG,14,LAC,NYG,37.0,21.0,1,1510.337959315676,1437.32112290692,1516.8115015910194,1430.8475806315766,0.6763228862328385
2021,REG,14,CIN,SF,23.0,26.0,0,1465.551696316881,1498.7741691372717,1454.9257082943261,1509.4001571598264,0.5312994011277407
2021,REG,14,TB,BUF,33.0,27.0,1,1590.028600839688,1561.3089223608988,1597.6645343234368,1553.67298887715,0.6182033258125605
2021,REG,14,GB,CHI,45.0,30.0,1,1606.600535439415,1465.1607834587262,1611.4808122862046,1460.2805066119365,0.7559861576605165
2021,REG,14,ARI,LA,23.0,30.0,0,1553.9942942767193,1555.4824421986195,1542.4661637384604,1567.0105727368784,0.5764065269129443
2021,REG,15,LAC,KC,28.0,34.0,0,1516.8115015910194,1616.8266618650287,1508.0999405023024,1625.5382229537456,0.43557805443584957
2021,REG,15,IND,NE,27.0,17.0,1,1530.6577974008153,1561.4461437779023,1539.9620558572417,1552.141885321476,0.53478707717868
2021,REG,15,BUF,CAR,31.0,14.0,1,1553.67298887715,1430.365018134927,1558.9485514984765,1425.0894555136003,0.7362218689336663
2021,REG,15,DET,ARI,30.0,12.0,1,1378.6132189308564,1542.4661637384604,1391.647617352121,1529.4317653171959,0.34828007893677154
2021,REG,15,JAX,HOU,16.0,30.0,0,1360.0330699896483,1400.1483057771607,1349.6049139538807,1410.5764618129283,0.5214078017883851
2021,REG,15,MIA,NYJ,31.0,24.0,1,1497.446372372673,1386.3919134170412,1503.000423987578,1380.8378618021363,0.7222974192547589
2021,REG,15,NYG,DAL,6.0,21.0,0,1430.8475806315766,1530.857909208954,1422.1358827838296,1539.569607056701,0.4355848923873487
2021,REG,15,PIT,TEN,19.0,13.0,1,1521.7699924763356,1566.5355232643894,1531.4755059461452,1556.8300097945798,0.5147243265095206
2021,REG,15,DEN,CIN,10.0,15.0,0,1476.4994554157881,1454.9257082943261,1464.3304916137638,1467.0946720963505,0.6084481901012113
2021,REG,15,SF,ATL,31.0,13.0,1,1509.4001571598264,1464.4178192086501,1516.5993256330491,1457.2186507354274,0.6400415763388654
2021,REG,15,BAL,GB,30.0,31.0,0,1565.2754986766745,1611.4808122862046,1555.022421305657,1621.733889657222,0.5126538685508731
2021,REG,15,TB,NO,0.0,9.0,0,1597.6645343234368,1536.556128037471,1584.4417561053037,1549.778906255604,0.6611389109066469
2021,REG,15,CLE,LV,14.0,16.0,0,1520.5912172476467,1485.7090640320453,1508.0604099939085,1498.2398712857835,0.6265403626869064
2021,REG,15,CHI,MIN,9.0,17.0,0,1460.2805066119365,1498.4885599270938,1449.7975715056284,1508.9714950334019,0.5241467553154069
2021,REG,15,LA,SEA,20.0,10.0,1,1567.0105727368784,1514.3960044276137,1574.00857067096,1507.3980064935322,0.6501001032959296
2021,REG,15,PHI,WAS,27.0,17.0,1,1475.2787711882731,1468.8937539812684,1483.5301258083655,1460.642399361176,0.5874322689953798
2021,REG,16,TEN,SF,20.0,17.0,1,1556.8300097945798,1516.5993256330491,1564.1556899403467,1509.2736454872822,0.6337159927116511
2021,REG,16,GB,CLE,24.0,22.0,1,1621.733889657222,1508.0604099939085,1627.2276632025564,1502.5666364485742,0.7253113227332867
2021,REG,16,ARI,IND,16.0,22.0,0,1529.4317653171959,1539.9620558572417,1518.1587682324284,1551.2350529420091,0.5636498542383748
2021,REG,16,ATL,DET,20.0,16.0,1,1457.2186507354274,1391.647617352121,1463.8812492243082,1384.9850188632402,0.6668700755559582
2021,REG,16,CAR,TB,6.0,32.0,0,1425.0894555136003,1584.4417561053037,1418.005784882808,1591.525426736096,0.3541835315396177
2021,REG,16,CIN,BAL,41.0,21.0,1,1467.0946720963505,1555.022421305657,1478.0395815201707,1544.0775118818367,0.45275452880899103
2021,REG,16,HOU,LAC,41.0,29.0,1,1410.5764618129283,1508.0999405023024,1421.7943108922248,1496.882091423006,0.4391075460351787
2021,REG,16,MIN,LA,23.0,30.0,0,1508.9714950334019,1574.00857067096,1499.260304952534,1583.7197607518278,0.48555950404340087
2021,REG,16,NE,BUF,21.0,33.0,0,1552.141885321476,1558.9485514984765,1540.7635981801634,1570.326838639789,0.568914357065626
2021,REG,16,NYJ,JAX,26.0,21.0,1,1380.8378618021363,1349.6049139538807,1388.405618175587,1342.03715758043,0.6216121813274695
2021,REG,16,PHI,NYG,34.0,10.0,1,1483.5301258083655,1422.1358827838296,1490.2999769887526,1415.3660316034425,0.6615074409806397
2021,REG,16,SEA,CHI,24.0,25.0,0,1507.3980064935322,1449.7975715056284,1494.2660013027707,1462.9295766963899,0.6566002595380737
2021,REG,16,KC,PIT,36.0,10.0,1,1625.5382229537456,1531.4755059461452,1631.493061042314,1525.5206678575769,0.7022580955715804
2021,REG,16,LV,DEN,17.0,13.0,1,1498.2398712857835,1464.3304916137638,1505.7352879078928,1456.8350749916544,0.6252291688945291
2021,REG,16,DAL,WAS,56.0,14.0,1,1539.569607056701,1460.642399361176,1545.895092878514,1454.316913539363,0.6837257089093403
2021,REG,16,NO,MIA,3.0,20.0,0,1549.778906255604,1503.000423987578,1536.9305023133459,1515.848827929836,0.6424201971129031
2021,REG,17,BAL,LA,19.0,20.0,0,1544.0775118818367,1583.7197607518278,1533.635767944882,1594.1615046887825,0.5220871968477382
2021,REG,17,BUF,ATL,29.0,15.0,1,1570.326838639789,1463.8812492243082,1575.987948321026,1458.2201395430714,0.7169445159381567
2021,REG,17,CHI,NYG,29.0,3.0,1,1462.9295766963899,1415.3660316034425,1470.0604235185333,1408.235184781299,0.6434576588928329
2021,REG,17,CIN,KC,34.0,31.0,1,1478.0395815201707,1631.493061042314,1490.7998111546062,1618.7328314078784,0.3619885182782186
2021,REG,17,IND,LV,20.0,23.0,0,1551.2350529420091,1505.7352879078928,1538.420502684225,1518.5498381656769,0.6407275128892038
2021,REG,17,NE,JAX,50.0,10.0,1,1540.7635981801634,1342.03715758043,1544.5312111802912,1338.2695445803022,0.8116193499936083
2021,REG,17,NYJ,TB,24.0,28.0,0,1388.405618175587,1591.525426736096,1382.428056969874,1597.5029879418091,0.2988780602856562
2021,REG,17,TEN,MIA,34.0,3.0,1,1564.1556899403467,1515.848827929836,1571.2669156498962,1508.7376022202866,0.6444387145225294
2021,REG,17,WAS,PHI,16.0,20.0,0,1454.316913539363,1490.2999769887526,1443.7701080623522,1500.8467824657635,0.5273402738505384
2021,REG,17,LAC,DEN,34.0,13.0,1,1496.882091423006,1456.8350749916544,1504.2126805631908,1449.5044858514696,0.6334705429907511
2021,REG,17,SF,HOU,23.0,7.0,1,1509.2736454872822,1421.7943108922248,1515.3881673531953,1415.6797890263117,0.6942739067043467
2021,REG,17,DAL,ARI,22.0,25.0,0,1545.895092878514,1518.1587682324284,1533.557765568567,1530.4960955423755,0.6168663654973608
2021,REG,17,NO,CAR,18.0,10.0,1,1536.9305023133459,1418.005784882808,1542.3046481276858,1412.631639068468,0.7312927092829985
2021,REG,17,SEA,DET,51.0,29.0,1,1494.2660013027707,1384.9850188632402,1499.8611007333702,1379.3899194326407,0.7202450284700262
2021,REG,17,GB,MIN,37.0,10.0,1,1627.2276632025564,1499.260304952534,1632.399713225385,1494.0882549297053,0.7413974988585654
2021,REG,17,PIT,CLE,26.0,14.0,1,1525.5206678575769,1502.5666364485742,1533.3138780282595,1494.7734262778915,0.6103394914658731
2021,REG,18,DEN,KC,24.0,28.0,0,1449.5044858514696,1618.7328314078784,1442.6786876184249,1625.558629640923,0.34128991165222866
2021,REG,18,PHI,DAL,26.0,51.0,0,1500.8467824657635,1533.557765568567,1490.2061316368147,1544.1984163975158,0.5320325414474328
2021,REG,18,BAL,PIT,13.0,16.0,0,1533.635767944882,1533.3138780282595,1522.0567978257775,1544.892848147364,0.5789485059552288
2021,REG,18,CLE,CIN,21.0,16.0,1,1494.7734262778915,1490.7998111546062,1503.0921450434791,1482.4810923890186,0.584064061720618
2021,REG,18,DET,GB,37.0,30.0,1,1379.3899194326407,1632.399713225385,1394.5429099703051,1617.2467226877206,0.24235047311677416
2021,REG,18,HOU,TEN,25.0,28.0,0,1415.6797890263117,1571.2669156498962,1408.4966544003817,1578.4500502758262,0.3591567312965071
2021,REG,18,JAX,IND,26.0,11.0,1,1338.2695445803022,1538.420502684225,1352.220113592863,1524.4699336716642,0.30247154937195514
2021,REG,18,MIN,CHI,31.0,17.0,1,1494.0882549297053,1470.0604235185333,1501.8520839043597,1462.2965945438789,0.6118085512672792
2021,REG,18,NYG,WAS,7.0,22.0,0,1408.235184781299,1443.7701080623522,1397.6755202735353,1454.329772570116,0.5279832253881827
2021,REG,18,ARI,SEA,30.0,38.0,0,1530.4960955423755,1499.8611007333702,1518.0800510140582,1512.2771452616876,0.6208022264158722
2021,REG,18,ATL,NO,20.0,30.0,0,1458.2201395430714,1542.3046481276858,1449.0553090331205,1551.4694786376367,0.45824152549753977
2021,REG,18,BUF,NYJ,27.0,10.0,1,1575.987948321026,1382.428056969874,1579.8473494252898,1378.56865586561,0.8070299447868059
2021,REG,18,LA,SF,24.0,27.0,0,1594.1615046887825,1515.3881673531953,1580.490821907254,1529.0588501347238,0.6835341390764298
2021,REG,18,MIA,NE,33.0,24.0,1,1508.7376022202866,1544.5312111802912,1518.1853602714561,1535.0834531291216,0.5276120974415216
2021,REG,18,TB,CAR,41.0,17.0,1,1597.5029879418091,1412.631639068468,1601.5205652336574,1408.6140617766198,0.7991211354075889
2021,REG,18,LV,LAC,35.0,32.0,1,1518.5498381656769,1504.2126805631908,1526.5802333524457,1496.182285376422,0.5984802406615625
2021,WC,19,CIN,LV,26.0,19.0,1,1482.4810923890186,1526.5802333524457,1492.1674433572819,1516.8938823841825,0.5156824515868333
2021,WC,19,BUF,NE,47.0,17.0,1,1579.8473494252898,1535.0834531291216,1587.0523129607632,1527.8784895936483,0.6397518232263316
2021,WC,19,TB,PHI,31.0,15.0,1,1601.5205652336574,1490.2061316368147,1607.068615233687,1484.658081636785,0.7225974999985142
2021,WC,19,DAL,SF,17.0,23.0,0,1544.1984163975158,1529.0588501347238,1532.2066224806408,1541.0506440515987,0.599589695843752
2021,WC,19,KC,PIT,42.0,21.0,1,1625.558629640923,1544.892848147364,1631.8409115393224,1538.6105662489647,0.6858859050800321
2021,WC,19,LA,ARI,34.0,11.0,1,1580.490821907254,1518.0800510140582,1587.2344926226249,1511.3363802986873,0.6628164642314529
2021,DIV,20,TEN,CIN,16.0,19.0,0,1578.4500502758262,1492.1674433572819,1564.5938557291902,1506.023637903918,0.6928097273317979
2021,DIV,20,GB,SF,10.0,13.0,0,1617.2467226877206,1541.0506440515987,1603.6403985593938,1554.6569681799256,0.6803162064163378
2021,DIV,20,TB,LA,27.0,30.0,0,1607.068615233687,1587.2344926226249,1594.9474178107819,1599.35569004553,0.6060598711452607
2021,DIV,20,KC,BUF,42.0,36.0,1,1631.8409115393224,1587.0523129607632,1639.0452196430572,1579.8480048570284,0.6397845948132647
2021,CON,21,KC,CIN,24.0,27.0,0,1639.0452196430572,1506.023637903918,1624.1064915380607,1520.9623660089144,0.7469364052498274
2021,CON,21,LA,SF,20.0,17.0,1,1599.35569004553,1554.6569681799256,1606.5623829952342,1547.4502752302215,0.6396653525147968
2021,SB,22,CIN,LA,20.0,23.0,0,1520.9623660089144,1606.5623829952342,1511.8408350366233,1615.6839139675253,0.4560765486145553
2022,REG,1,LA,BUF,10.0,31.0,0,1575.1945440788913,1551.9012031570685,1562.9784657435503,1564.1172814924096,0.6108039167670498
2022,REG,1,ATL,NO,26.0,27.0,0,1466.8859508715284,1533.4551611144639,1457.218816489938,1543.1222954960542,0.4833567190795233
2022,REG,1,CAR,CLE,24.0,26.0,0,1440.5991401548029,1502.0098942782615,1430.7836355533332,1511.8253988797312,0.49077523007348073
2022,REG,1,CHI,SF,19.0,10.0,1,1475.4927864535214,1530.842678899644,1485.5028571642492,1520.832608188916,0.49949646446360674
2022,REG,1,CIN,PIT,20.0,23.0,0,1507.696542773805,1525.096868061827,1496.6185422631677,1536.1748685724644,0.5539000255318659
2022,REG,1,DET,PHI,35.0,38.0,0,1431.4528914806983,1490.0277530639103,1421.555780637179,1499.9248639074297,0.494855542175973
2022,REG,1,HOU,IND,20.0,20.0,0,1440.5228253602481,1515.9054568865818,1441.1088125459748,1515.319469700855,0.47070064071366435
2022,REG,1,MIA,NE,20.0,7.0,1,1511.8204841764466,1518.1210182358714,1520.4279089988227,1509.5135934134953,0.5696287588811964
2022,REG,1,NYJ,BAL,9.0,24.0,0,1421.0696263126465,1514.3369185867555,1412.1666151433058,1523.2399297560962,0.44515055846703283
2022,REG,1,WAS,JAX,28.0,22.0,1,1470.3143521705754,1403.943073835361,1476.9564989774797,1397.3009270284567,0.6678926596547898
2022,REG,1,ARI,KC,21.0,44.0,0,1507.368647194147,1580.6692194997395,1497.894893410865,1590.1429732830213,0.4736876891640972
2022,REG,1,LAC,LV,24.0,19.0,1,1497.5184854946742,1510.9810235497187,1506.3286049326305,1502.1709041117624,0.5594940281021846
2022,REG,1,MIN,GB,23.0,7.0,1,1501.2038545378339,1567.3662590636059,1511.5250238692843,1557.0450897321555,0.48394153342748075
2022,REG,1,TEN,NYG,20.0,21.0,0,1541.9860062239736,1433.4890881777978,1527.5993121643864,1447.875782237385,0.7193347029793626
2022,REG,1,DAL,TB,3.0,19.0,0,1520.9343046124166,1561.7158215770082,1510.5252920838188,1572.124834105606,0.5204506264298844
2022,REG,1,SEA,DEN,17.0,16.0,1,1507.9801444200968,1462.7411469519761,1515.1725065529117,1455.5487848191613,0.6403818933592528
2022,REG,2,KC,LAC,27.0,24.0,1,1590.1429732830213,1506.3286049326305,1596.347421407306,1500.1241568083458,0.6897775937857681
2022,REG,2,BAL,MIA,38.0,42.0,0,1523.2399297560962,1520.4279089988227,1511.5911549827638,1532.076683772155,0.5824387386666243
2022,REG,2,CLE,NYJ,30.0,31.0,0,1511.8253988797312,1412.1666151433058,1497.6464087990548,1426.3456052239821,0.7089495040338246
2022,REG,2,DET,WAS,36.0,27.0,1,1421.555780637179,1476.9564989774797,1431.5673142330256,1466.944965381633,0.4994233202076663
2022,REG,2,JAX,IND,24.0,0.0,1,1397.3009270284567,1515.319469700855,1409.0951136168158,1503.525283112496,0.41029067058205426
2022,REG,2,NO,TB,10.0,20.0,0,1543.1222954960542,1572.124834105606,1532.3754218121583,1582.871707789502,0.5373436841947998
2022,REG,2,NYG,CAR,19.0,16.0,1,1447.875782237385,1430.7836355533332,1455.830079033045,1422.8293387576732,0.6022851602170033
2022,REG,2,PIT,NE,14.0,17.0,0,1536.1748685724644,1509.5135934134953,1523.8668143371058,1521.821647648854,0.6154027117679373
2022,REG,2,LA,ATL,31.0,27.0,1,1562.9784657435503,1457.218816489938,1568.6556152882588,1451.5416669452295,0.7161425227645757
2022,REG,2,SF,SEA,27.0,7.0,1,1520.832608188916,1515.1725065529117,1529.104196915375,1506.9009178264528,0.5864205636770468
2022,REG,2,DAL,CIN,20.0,17.0,1,1510.5252920838188,1496.6185422631677,1518.5675977242543,1488.5762366227323,0.5978847179782327
2022,REG,2,DEN,HOU,16.0,9.0,1,1455.5487848191613,1441.1088125459748,1463.5763357269243,1433.0812616382118,0.5986224546118495
2022,REG,2,LV,ARI,23.0,29.0,0,1502.1709041117624,1497.894893410865,1490.481166499054,1509.5846310235734,0.5844868806354111
2022,REG,2,GB,CHI,27.0,10.0,1,1557.0450897321555,1485.5028571642492,1563.5558518920575,1478.9920950043472,0.6744618920049025
2022,REG,2,BUF,TEN,41.0,7.0,1,1564.1172814924096,1527.5993121643864,1571.5424600692568,1520.1741335875392,0.6287410711576437
2022,REG,2,PHI,MIN,24.0,7.0,1,1499.9248639074297,1511.5250238692843,1508.6821729117246,1502.7677148649893,0.5621345497852577
2022,REG,3,CLE,PIT,29.0,17.0,1,1497.6464087990548,1523.8668143371058,1506.8199548652556,1514.693268270905,0.5413226966899606
2022,REG,3,CAR,NO,22.0,14.0,1,1422.8293387576732,1532.3754218121583,1434.3865284248452,1520.8182321449863,0.4221405166414044
2022,REG,3,CHI,HOU,23.0,20.0,1,1478.9920950043472,1433.0812616382118,1486.1666541355278,1425.9067025070312,0.6412720434409698
2022,REG,3,IND,KC,20.0,17.0,1,1503.525283112496,1596.347421407306,1514.6096117935867,1585.2630927262153,0.445783565945462
2022,REG,3,MIA,BUF,21.0,19.0,1,1532.076683772155,1571.5424600692568,1541.6298705720399,1561.989273269372,0.5223406600057637
2022,REG,3,MIN,DET,28.0,24.0,1,1502.7677148649893,1431.5673142330256,1509.2871208616443,1425.0479082363706,0.6740297001672483
2022,REG,3,NE,BAL,26.0,37.0,0,1521.821647648854,1511.5911549827638,1509.9659165986154,1523.4468860330023,0.5927865525119285
2022,REG,3,NYJ,CIN,12.0,27.0,0,1426.3456052239821,1488.5762366227323,1416.5536894842312,1498.3681523624832,0.48959578698755124
2022,REG,3,TEN,LV,24.0,22.0,1,1520.1741335875392,1490.481166499054,1527.783636767369,1482.8716633192244,0.6195248410085158
2022,REG,3,WAS,PHI,8.0,24.0,0,1466.944965381633,1508.6821729117246,1456.5634168425004,1519.0637214508572,0.5190774269566336
2022,REG,3,LAC,JAX,10.0,38.0,0,1500.1241568083458,1409.0951136168158,1486.1522802010775,1423.066990224084,0.6985938303634178
2022,REG,3,ARI,LA,12.0,20.0,0,1509.5846310235734,1568.6556152882588,1499.7017980075516,1578.5384483042806,0.4941416508010886
2022,REG,3,SEA,ATL,23.0,27.0,0,1506.9009178264528,1451.5416669452295,1493.8272083349918,1464.6153764366904,0.6536854745730453
2022,REG,3,TB,GB,12.0,14.0,0,1582.871707789502,1563.5558518920575,1570.7647605967682,1575.6627990847912,0.6053473596366922
2022,REG,3,DEN,SF,11.0,10.0,1,1463.5763357269243,1529.104196915375,1473.8792592219274,1518.801273420372,0.48485382524984455
2022,REG,3,NYG,DAL,16.0,23.0,0,1455.830079033045,1518.5675977242543,1446.05274591222,1528.3449308450793,0.4888666560412478
2022,REG,4,CIN,MIA,27.0,15.0,1,1498.3681523624832,1541.6298705720399,1508.0304259446857,1531.9675969898374,0.5168863208898776
2022,REG,4,NO,MIN,25.0,28.0,0,1520.8182321449863,1509.2871208616443,1508.9263806997137,1521.1789723069169,0.594592572263625
2022,REG,4,ATL,CLE,23.0,20.0,1,1464.6153764366904,1506.8199548652556,1474.2472610113705,1497.1880702905755,0.5184057712660005
2022,REG,4,BAL,BUF,20.0,23.0,0,1523.4468860330023,1561.989273269372,1512.9735518305517,1572.4626074718226,0.5236667101225263
2022,REG,4,DAL,WAS,25.0,10.0,1,1528.3449308450793,1456.5634168425004,1534.8496458718676,1450.058701815712,0.6747642486605844
2022,REG,4,DET,SEA,45.0,48.0,0,1425.0479082363706,1493.8272083349918,1415.4443005649448,1503.4308160064177,0.4801803835712953
2022,REG,4,HOU,LAC,24.0,34.0,0,1425.9067025070312,1486.1522802010775,1416.0576708986955,1496.0013118094132,0.4924515804167915
2022,REG,4,IND,TEN,17.0,24.0,0,1514.6096117935867,1527.783636767369,1503.4115455386284,1538.9817030223273,0.5599033127479219
2022,REG,4,NYG,CHI,20.0,12.0,1,1446.05274591222,1486.1666541355278,1455.6245517361356,1476.5948483116122,0.5214097088042238
2022,REG,4,PHI,JAX,29.0,21.0,1,1519.0637214508572,1423.066990224084,1524.9721079294632,1417.158603745478,0.7045806760697007
2022,REG,4,PIT,NYJ,20.0,24.0,0,1514.693268270905,1416.5536894842312,1500.5504339300296,1430.6965238251066,0.7071417170437708
2022,REG,4,CAR,ARI,16.0,26.0,0,1434.3865284248452,1499.7017980075516,1424.6833385438626,1509.4049878885342,0.48515949404912917
2022,REG,4,GB,NE,27.0,24.0,1,1575.6627990847912,1509.9659165986154,1582.322179187333,1503.3065364960737,0.6670309948729164
2022,REG,4,LV,DEN,32.0,23.0,1,1482.8716633192244,1473.8792592219274,1491.0503627675619,1465.70055977359,0.5910650275831191
2022,REG,4,TB,KC,31.0,41.0,0,1570.7647605967682,1585.2630927262153,1559.604280836238,1596.4235724867453,0.5580239880265009
2022,REG,4,SF,LA,24.0,9.0,1,1518.801273420372,1578.5384483042806,1528.9376118252114,1568.402109899441,0.493183079758021
2022,REG,5,DEN,IND,9.0,12.0,0,1465.70055977359,1503.4115455386284,1455.2033522761092,1513.9087530361091,0.5248603748740358
2022,REG,5,GB,NYG,22.0,27.0,0,1582.322179187333,1455.6245517361356,1567.522305919055,1470.4244250044135,0.7399936634138935
2022,REG,5,BUF,PIT,38.0,3.0,1,1572.4626074718226,1500.5504339300296,1578.9640216921914,1494.0490197096608,0.6749292889815554
2022,REG,5,CLE,LAC,28.0,30.0,0,1497.1880702905755,1496.0013118094132,1485.5848374567427,1507.604544643246,0.5801616416916474
2022,REG,5,JAX,HOU,6.0,13.0,0,1417.158603745478,1416.0576708986955,1405.5577777727738,1427.6584968713998,0.5800412986352119
2022,REG,5,MIN,CHI,29.0,22.0,1,1521.1789723069169,1476.5948483116122,1528.3887065694237,1469.3851140491054,0.6395132868746655
2022,REG,5,NE,DET,29.0,0.0,1,1503.3065364960737,1415.4443005649448,1509.4117053859973,1409.3391316750212,0.6947415555038268
2022,REG,5,NO,SEA,39.0,32.0,1,1508.9263806997137,1503.4308160064177,1517.202564079637,1495.1546326264943,0.5861908310038255
2022,REG,5,NYJ,MIA,40.0,17.0,1,1430.6965238251066,1531.9675969898374,1442.0204940266733,1520.6436267882707,0.43380148992166906
2022,REG,5,TB,ATL,21.0,15.0,1,1559.604280836238,1474.2472610113705,1565.7707885852826,1468.080753262326,0.6916746125477706
2022,REG,5,WAS,TEN,17.0,21.0,0,1450.058701815712,1538.9817030223273,1441.0319933708863,1548.008411467153,0.4513354222412882
2022,REG,5,CAR,SF,15.0,37.0,0,1424.6833385438626,1528.9376118252114,1416.091569191369,1537.529381177705,0.4295884676246834
2022,REG,5,ARI,PHI,17.0,20.0,0,1509.4049878885342,1524.9721079294632,1498.2748667803712,1536.102229037626,0.5565060554081483
2022,REG,5,LA,DAL,10.0,22.0,0,1568.402109899441,1534.8496458718676,1555.9071574441498,1547.3445983271588,0.6247476227645617
2022,REG,5,BAL,CIN,19.0,17.0,1,1512.9735518305517,1508.0304259446857,1521.2651674050576,1499.7388103701799,0.5854192212747127
2022,REG,5,KC,LV,30.0,29.0,1,1596.4235724867453,1491.0503627675619,1602.109770513517,1485.36416474079,0.7156900986614118
2022,REG,6,CHI,WAS,7.0,12.0,0,1469.3851140491054,1441.0319933708863,1457.0310107549228,1453.3860966650689,0.6177051647091327
2022,REG,6,ATL,SF,28.0,14.0,1,1468.080753262326,1537.529381177705,1478.496378631372,1527.113755808659,0.47921873154769656
2022,REG,6,CLE,NE,15.0,38.0,0,1485.5848374567427,1509.4117053859973,1474.6900025349796,1520.3065403077603,0.5447417460881546
2022,REG,6,GB,NYJ,10.0,27.0,0,1567.522305919055,1442.0204940266733,1552.7489651507121,1456.7938347950162,0.7386670384171428
2022,REG,6,IND,JAX,34.0,27.0,1,1513.9087530361091,1405.5577777727738,1519.525451853038,1399.941078955845,0.7191650591535594
2022,REG,6,MIA,MIN,16.0,24.0,0,1520.6436267882707,1528.3887065694237,1509.2918460678666,1539.7404872898278,0.5675890360202098
2022,REG,6,NO,CIN,26.0,30.0,0,1517.202564079637,1499.7388103701799,1505.1466150159965,1511.7947594338204,0.6027974531820262
2022,REG,6,NYG,BAL,24.0,20.0,1,1470.4244250044135,1521.2651674050576,1480.304717666037,1511.384874743434,0.5059853669188195
2022,REG,6,PIT,TB,20.0,18.0,1,1494.0490197096608,1565.7707885852826,1504.5299396275127,1555.2898686674307,0.475954004107405
2022,REG,6,LA,CAR,24.0,10.0,1,1555.9071574441498,1416.091569191369,1560.822010811707,1411.1767158238117,0.7542573316221359
2022,REG,6,SEA,ARI,19.0,9.0,1,1495.1546326264943,1498.2748667803712,1503.6724129679012,1489.7570864389643,0.5741109829296481
2022,REG,6,KC,BUF,20.0,24.0,0,1602.109770513517,1578.9640216921914,1589.8977319788858,1591.1760602268228,0.6106019267315637
2022,REG,6,PHI,DAL,26.0,17.0,1,1536.102229037626,1547.3445983271588,1544.849400330218,1538.5974270345669,0.5626414353704036
2022,REG,6,LAC,DEN,19.0,16.0,1,1507.604544643246,1455.2033522761092,1514.608131591568,1448.1997653277872,0.6498206525838973
2022,REG,7,ARI,NO,42.0,34.0,1,1489.7570864389643,1505.1466150159965,1498.621919412154,1496.2817820428068,0.5567583513405134
2022,REG,7,BAL,CLE,23.0,20.0,1,1511.384874743434,1474.6900025349796,1518.805299832686,1467.2695774457277,0.6289787455374054
2022,REG,7,CAR,TB,21.0,3.0,1,1411.1767158238117,1555.2898686674307,1423.6867955452444,1542.779788945998,0.37449601392836335
2022,REG,7,CIN,ATL,35.0,17.0,1,1511.7947594338204,1478.496378631372,1519.3066661067492,1470.9844719584432,0.624404666353567
2022,REG,7,DAL,DET,24.0,6.0,1,1538.5974270345669,1409.3391316750212,1543.7410328231615,1404.1955258864266,0.7428197105702626
2022,REG,7,JAX,NYG,17.0,23.0,0,1399.941078955845,1480.304717666037,1390.6698090670993,1489.5759875547826,0.46356349443728123
2022,REG,7,TEN,IND,19.0,10.0,1,1548.008411467153,1519.525451853038,1555.650778519429,1511.8830848007622,0.6178816473862091
2022,REG,7,WAS,GB,23.0,21.0,1,1453.3860966650689,1552.7489651507121,1464.6560683342154,1541.4789934815656,0.43650141654267033
2022,REG,7,DEN,NYJ,9.0,16.0,0,1448.1997653277872,1456.7938347950162,1436.871981854134,1468.1216182686694,0.566389173682655
2022,REG,7,LV,HOU,38.0,20.0,1,1485.36416474079,1427.6584968713998,1492.229428076739,1420.793233535451,0.6567368332025587
2022,REG,7,LAC,SEA,23.0,37.0,0,1514.608131591568,1503.6724129679012,1502.7328089243124,1515.5477356351569,0.593766133362784
2022,REG,7,SF,KC,23.0,44.0,0,1527.113755808659,1589.8977319788858,1517.3377591746118,1599.673728612933,0.4887998317023581
2022,REG,7,MIA,PIT,16.0,10.0,1,1509.2918460678666,1504.5299396275127,1517.5885257775785,1496.2332599178008,0.5851660145143984
2022,REG,7,NE,CHI,14.0,33.0,0,1520.3065403077603,1457.0310107549228,1507.0279785633697,1470.3095724993134,0.6639280872195299
2022,REG,8,TB,BAL,22.0,27.0,0,1542.779788945998,1518.805299832686,1530.5450765126532,1531.0400122660308,0.6117356216672396
2022,REG,8,JAX,DEN,17.0,21.0,0,1390.6698090670993,1436.871981854134,1380.416641353864,1447.1251495673694,0.5126583856617696
2022,REG,8,ATL,CAR,37.0,34.0,1,1470.9844719584432,1423.6867955452444,1478.1223426954075,1416.5489248082802,0.6431064631517879
2022,REG,8,DAL,CHI,49.0,29.0,1,1543.7410328231615,1470.3095724993134,1550.2041297440733,1463.8464755784016,0.6768451539544066
2022,REG,8,DET,MIA,27.0,31.0,0,1404.1955258864266,1517.5885257775785,1395.8605635059714,1525.9234881580337,0.4167481190227625
2022,REG,8,MIN,ARI,34.0,26.0,1,1539.7404872898278,1498.621919412154,1547.0424560597635,1491.3199506422184,0.6349015615032145
2022,REG,8,NO,LV,24.0,0.0,1,1496.2817820428068,1492.229428076739,1504.5982986675267,1483.912911452019,0.5841741687639986
2022,REG,8,NYJ,NE,17.0,22.0,0,1468.1216182686694,1507.0279785633697,1457.6587370965005,1517.4908597355386,0.5231440586084471
2022,REG,8,PHI,PIT,35.0,13.0,1,1544.849400330218,1496.2332599178008,1551.9524692438536,1489.1301910041652,0.64484655431822
2022,REG,8,HOU,TEN,10.0,17.0,0,1420.793233535451,1555.650778519429,1413.0520793213075,1563.3919327335725,0.3870577107071801
2022,REG,8,IND,WAS,16.0,17.0,0,1511.8830848007622,1464.6560683342154,1499.0228228021815,1477.516330332796,0.6430130999290341
2022,REG,8,LA,SF,14.0,31.0,0,1560.822010811707,1517.3377591746118,1548.0609629843632,1530.0988070019557,0.6380523913671922
2022,REG,8,SEA,NYG,27.0,13.0,1,1515.5477356351569,1489.5759875547826,1523.2584789412374,1481.865244248702,0.6144628346959745
2022,REG,8,BUF,GB,27.0,17.0,1,1591.1760602268228,1541.4789934815656,1598.2506542828316,1534.4043994255567,0.6462702971995589
2022,REG,8,CLE,CIN,32.0,13.0,1,1467.2695774457277,1519.3066661067492,1477.1843000694946,1509.3919434829822,0.50426386881165
2022,REG,9,HOU,PHI,17.0,29.0,0,1413.0520793213075,1551.9524692438536,1405.4210558363945,1559.5834927287665,0.38155117424564533
2022,REG,9,ATL,LAC,17.0,20.0,0,1478.1223426954075,1502.7328089243124,1467.2498854292694,1513.6052661904505,0.5436228633069008
2022,REG,9,CHI,MIA,32.0,35.0,0,1463.8464755784016,1525.9234881580337,1454.0501402077098,1535.7198235287256,0.48981676853459266
2022,REG,9,CIN,CAR,42.0,21.0,1,1509.3919434829822,1416.5489248082802,1515.3761844755472,1410.5646838157152,0.7007879503717468
2022,REG,9,DET,GB,15.0,9.0,1,1395.8605635059714,1534.4043994255567,1408.2198511535496,1522.0451117779785,0.3820356176210856
2022,REG,9,JAX,LV,27.0,20.0,1,1380.416641353864,1483.912911452019,1391.8034810354607,1472.5260717704223,0.4306580159201682
2022,REG,9,NE,IND,26.0,3.0,1,1517.4908597355386,1499.0228228021815,1525.407243414675,1491.1064391230452,0.6041808160431901
2022,REG,9,NYJ,BUF,20.0,17.0,1,1457.6587370965005,1598.2506542828316,1470.0736140909887,1585.8357772883435,0.37925615027559245
2022,REG,9,WAS,MIN,17.0,20.0,0,1477.516330332796,1547.0424560597635,1467.934182394304,1556.6246039982557,0.47910739692461296
2022,REG,9,ARI,SEA,21.0,31.0,0,1491.3199506422184,1523.2584789412374,1480.6571612184568,1533.921268364999,0.533139471188078
2022,REG,9,TB,LA,16.0,13.0,1,1530.5450765126532,1548.0609629843632,1539.4703635856845,1539.1356759113319,0.5537356463484358
2022,REG,9,KC,TEN,20.0,17.0,1,1599.673728612933,1563.3919327335725,1607.105255256097,1555.9604060904085,0.6284236678417939
2022,REG,9,NO,BAL,13.0,27.0,0,1504.5982986675267,1531.0400122660308,1493.778171316825,1541.8601396167326,0.5410063675350927
2022,REG,10,CAR,ATL,25.0,15.0,1,1410.5646838157152,1467.2498854292694,1420.61318743677,1457.2013818082146,0.49757481894726124
2022,REG,10,TB,SEA,21.0,16.0,1,1539.4703635856845,1533.921268364999,1547.7450520564319,1525.6465798942515,0.5862655764626281
2022,REG,10,BUF,MIN,30.0,33.0,0,1585.8357772883435,1556.6246039982557,1573.4583595013628,1569.0020217852364,0.6188708893490341
2022,REG,10,CHI,DET,30.0,31.0,0,1454.0501402077098,1408.2198511535496,1441.2268326615167,1421.0431586997427,0.641165377309654
2022,REG,10,KC,JAX,27.0,17.0,1,1607.105255256097,1391.8034810354607,1610.5897341997265,1388.3190020918312,0.8257760528185251
2022,REG,10,MIA,CLE,39.0,17.0,1,1535.7198235287256,1477.1843000694946,1542.5635649492674,1470.3405586489528,0.6578129289729093
2022,REG,10,NYG,HOU,24.0,16.0,1,1481.865244248702,1405.4210558363945,1488.2527092980984,1399.0335907869983,0.6806267475301914
2022,REG,10,PIT,NO,20.0,10.0,1,1489.1301910041652,1493.778171316825,1497.6910051297486,1485.2173571912415,0.5719592937208302
2022,REG,10,TEN,DEN,17.0,10.0,1,1555.9604060904085,1447.1251495673694,1561.5658511503648,1441.519704507413,0.7197277470021883
2022,REG,10,LV,IND,20.0,25.0,0,1472.5260717704223,1491.1064391230452,1461.4816530724509,1502.1508578210166,0.5522209348985699
2022,REG,10,GB,DAL,31.0,28.0,1,1522.0451117779785,1550.2041297440733,1531.274099473081,1540.9751420489708,0.538550615244874
2022,REG,10,LA,ARI,17.0,27.0,0,1539.1356759113319,1480.6571612184568,1525.9808947921945,1493.8119423375942,0.6577390559568649
2022,REG,10,SF,LAC,22.0,16.0,1,1530.0988070019557,1513.6052661904505,1538.0696178361293,1505.634455356277,0.6014594582913203
2022,REG,10,PHI,WAS,21.0,32.0,0,1559.5834927287665,1467.934182394304,1545.5965904791274,1481.921084643943,0.6993451124819597
2022,REG,11,GB,TEN,17.0,27.0,0,1531.274099473081,1561.5658511503648,1520.5641353959813,1572.2758152274644,0.5354982038549769
2022,REG,11,ATL,CHI,27.0,24.0,1,1457.2013818082146,1441.2268326615167,1465.1865196760064,1433.241694793725,0.6007431066104133
2022,REG,11,BAL,CAR,13.0,3.0,1,1541.8601396167326,1420.61318743677,1547.1819114797008,1415.2914155738017,0.7339114068515861
2022,REG,11,BUF,CLE,31.0,23.0,1,1573.4583595013628,1470.3405586489528,1579.197540916905,1464.6013772334106,0.7130409292228987
2022,REG,11,HOU,WAS,10.0,23.0,0,1399.0335907869983,1481.921084643943,1389.8345380234362,1491.1201374075051,0.45995263817810167
2022,REG,11,IND,PHI,16.0,17.0,0,1502.1508578210166,1545.5965904791274,1491.8184218179479,1555.9290264821962,0.5166218001534435
2022,REG,11,NE,NYJ,10.0,3.0,1,1525.407243414675,1470.0736140909887,1532.3342017142818,1463.1466557913818,0.6536520850196579
2022,REG,11,NO,LA,27.0,20.0,1,1485.2173571912415,1525.9808947921945,1494.8078280417656,1516.3904239416704,0.5204764574737922
2022,REG,11,NYG,DET,18.0,31.0,0,1488.2527092980984,1421.0431586997427,1474.8734664694189,1434.4224015284221,0.6689621414339759
2022,REG,11,DEN,LV,16.0,22.0,0,1441.519704507413,1461.4816530724509,1430.5146332855222,1472.4867242943417,0.5502535610945436
2022,REG,11,MIN,DAL,3.0,40.0,0,1569.0020217852364,1540.9751420489708,1556.6567900450939,1553.3203737891133,0.6172615870071273
2022,REG,11,PIT,CIN,30.0,37.0,0,1497.6910051297486,1515.3761844755472,1486.62110881585,1526.446080789446,0.5534948156949347
2022,REG,11,LAC,KC,27.0,30.0,0,1505.634455356277,1610.5897341997265,1497.0624567972611,1619.1617327587423,0.4285999279507952
2022,REG,11,ARI,SF,10.0,38.0,0,1493.8119423375942,1538.0696178361293,1483.5028518726235,1548.3787083011,0.51545452324854
2022,REG,12,DET,BUF,25.0,28.0,0,1434.4224015284221,1579.197540916905,1426.9503257322835,1586.6696167130435,0.373603789806927
2022,REG,12,DAL,NYG,28.0,20.0,1,1553.3203737891133,1474.8734664694189,1559.6578232914933,1468.536016967039,0.6831275248810037
2022,REG,12,MIN,NE,33.0,26.0,1,1556.6567900450939,1532.3342017142818,1564.4125609926741,1524.5784307667016,0.6122114526209871
2022,REG,12,CAR,DEN,23.0,10.0,1,1415.2914155738017,1430.5146332855222,1424.1515236756559,1421.654525183668,0.556994594907293
2022,REG,12,CLE,TB,23.0,17.0,1,1464.6013772334106,1547.7450520564319,1475.4096502147045,1536.936779075138,0.4595863509353104
2022,REG,12,JAX,BAL,28.0,27.0,1,1388.3190020918312,1547.1819114797008,1401.2224383570883,1534.2784752144437,0.3548281867371382
2022,REG,12,MIA,HOU,30.0,15.0,1,1542.5635649492674,1389.8345380234362,1547.2080848837302,1385.1900180889734,0.7677740032768621
2022,REG,12,NYJ,CHI,31.0,10.0,1,1463.1466557913818,1433.241694793725,1470.7504068144547,1425.637943770652,0.6198124488463532
2022,REG,12,TEN,CIN,16.0,20.0,0,1572.2758152274644,1526.446080789446,1559.4525223719816,1539.2693736449287,0.6411646427741355
2022,REG,12,WAS,ATL,19.0,13.0,1,1491.1201374075051,1465.1865196760064,1498.8319207037966,1457.4747363797148,0.6144108351854229
2022,REG,12,ARI,LAC,24.0,25.0,0,1483.5028518726235,1497.0624567972611,1472.3157256559687,1508.249583013916,0.5593563108327473
2022,REG,12,SEA,LV,34.0,40.0,0,1525.6465798942515,1472.4867242943417,1512.6303043378318,1485.5029998507614,0.6508137778209884
2022,REG,12,KC,LA,26.0,10.0,1,1619.1617327587423,1516.3904239416704,1624.909079956701,1510.6430767437118,0.7126326401020754
2022,REG,12,SF,NO,13.0,0.0,1,1548.3787083011,1494.8078280417656,1555.3516826506323,1487.8348536922333,0.651351282523386
2022,REG,12,PHI,GB,40.0,33.0,1,1555.9290264821962,1520.5641353959813,1563.3852194239444,1513.1079424542331,0.6271903529125944
2022,REG,12,IND,PIT,17.0,24.0,0,1491.8184218179479,1486.62110881585,1480.1029357138716,1498.3365949199263,0.5857743052038087
2022,REG,13,NE,BUF,10.0,24.0,0,1524.5784307667016,1586.6696167130435,1514.7825031687455,1596.4655443109996,0.48979637989780517
2022,REG,13,ATL,PIT,16.0,19.0,0,1457.4747363797148,1498.3365949199263,1447.06803242087,1508.7432988787712,0.5203351979422456
2022,REG,13,BAL,DEN,10.0,9.0,1,1534.2784752144437,1421.654525183668,1539.7963553547174,1416.1366450433943,0.7241059929863114
2022,REG,13,CHI,GB,19.0,28.0,0,1425.637943770652,1513.1079424542331,1416.5697940916068,1522.1760921332784,0.45340748395226615
2022,REG,13,DET,JAX,40.0,14.0,1,1426.9503257322835,1401.2224383570883,1434.6677211435067,1393.5050429458652,0.6141302294388471
2022,REG,13,HOU,CLE,14.0,27.0,0,1385.1900180889734,1475.4096502147045,1376.200262556505,1484.3994057471728,0.44948777662341527
2022,REG,13,MIN,NYJ,27.0,22.0,1,1564.4125609926741,1470.7504068144547,1570.3770461517533,1464.7859216553754,0.7017757420460432
2022,REG,13,NYG,WAS,20.0,20.0,0,1468.536016967039,1498.8319207037966,1467.8261717935502,1499.5417658772853,0.5354922586744355
2022,REG,13,PHI,TEN,35.0,10.0,1,1563.3852194239444,1559.4525223719816,1571.7050826383536,1551.1326591575723,0.5840068392795404
2022,REG,13,LA,SEA,23.0,27.0,0,1510.6430767437118,1512.6303043378318,1499.1289785024424,1524.1444025791013,0.5757049120634696
2022,REG,13,SF,MIA,33.0,17.0,1,1555.3516826506323,1547.2080848837302,1563.554012780095,1539.0057547542674,0.5898834935268654
2022,REG,13,CIN,KC,27.0,24.0,1,1539.2693736449287,1624.909079956701,1550.1489761962625,1614.029477405367,0.4560198724333057
2022,REG,13,LV,LAC,27.0,20.0,1,1485.5029998507614,1508.249583013916,1494.577329484385,1499.1752533802924,0.5462835183188193
2022,REG,13,DAL,IND,54.0,19.0,1,1559.6578232914933,1480.1029357138716,1565.9676927097096,1473.7930662956553,0.684506529089186
2022,REG,13,TB,NO,17.0,16.0,1,1536.936779075138,1487.8348536922333,1544.027044567796,1480.7445881995752,0.645486725367097
2022,REG,14,LA,LV,17.0,16.0,1,1499.1289785024424,1494.577329484385,1507.4315349344565,1486.2747730523708,0.5848721783992957
2022,REG,14,BUF,NYJ,20.0,12.0,1,1596.4655443109996,1464.7859216553754,1601.556075600954,1459.695390365421,0.7454734355022761
2022,REG,14,CIN,CLE,23.0,10.0,1,1550.1489761962625,1484.3994057471728,1556.807009120997,1477.7413728224383,0.6670983537632756
2022,REG,14,DAL,HOU,27.0,23.0,1,1565.9676927097096,1376.200262556505,1569.8955463973189,1372.2724088688958,0.8036073156195312
2022,REG,14,DET,MIN,34.0,23.0,1,1434.6677211435067,1570.3770461517533,1446.9498192951119,1558.0949480001482,0.3858950924197422
2022,REG,14,NYG,PHI,22.0,48.0,0,1467.8261717935502,1571.7050826383536,1459.223811286038,1580.3074431458658,0.430118025375616
2022,REG,14,PIT,BAL,14.0,16.0,0,1508.7432988787712,1539.7963553547174,1498.055139824661,1550.4845144088276,0.5344079527055112
2022,REG,14,TEN,JAX,22.0,36.0,0,1551.1326591575723,1393.5050429458652,1535.6773848622618,1408.9603172411757,0.772763714765525
2022,REG,14,DEN,KC,28.0,34.0,0,1416.1366450433943,1614.029477405367,1410.0322231739838,1620.1338992747776,0.30522109347052856
2022,REG,14,SEA,CAR,24.0,30.0,0,1524.1444025791013,1424.1515236756559,1509.957478996861,1438.3384472578962,0.7093461791120115
2022,REG,14,SF,TB,35.0,7.0,1,1563.554012780095,1544.027044567796,1571.4412597712546,1536.1397975766365,0.6056376504420251
2022,REG,14,LAC,MIA,23.0,17.0,1,1499.1752533802924,1539.0057547542674,1508.7389173416354,1529.4420907929243,0.5218168019328469
2022,REG,14,ARI,NE,13.0,27.0,0,1472.3157256559687,1514.7825031687455,1461.9551469084247,1525.1430819162895,0.518028937377203
2022,REG,15,SEA,SF,13.0,21.0,0,1509.957478996861,1571.4412597712546,1500.1440755477372,1581.2546632203785,0.4906701724561881
2022,REG,15,MIN,IND,39.0,36.0,1,1558.0949480001482,1473.7930662956553,1564.2873922088245,1467.600622086979,0.6903777895661833
2022,REG,15,CLE,BAL,13.0,3.0,1,1477.7413728224383,1550.4845144088276,1488.2516179879528,1539.974269243313,0.4744877417242722
2022,REG,15,BUF,MIA,32.0,29.0,1,1601.556075600954,1529.4420907929243,1608.0523932404508,1522.9457731534276,0.6751841180251653
2022,REG,15,CAR,PIT,16.0,24.0,0,1438.3384472578962,1498.055139824661,1428.4741962433686,1507.9193908391885,0.49321255072637765
2022,REG,15,CHI,PHI,20.0,25.0,0,1416.5697940916068,1580.3074431458658,1409.6011792823851,1587.2760579550875,0.3484307404610886
2022,REG,15,HOU,KC,24.0,30.0,0,1372.2724088688958,1620.1338992747776,1367.3157367168167,1625.0905714268567,0.24783360760395204
2022,REG,15,JAX,DAL,40.0,34.0,1,1408.9603172411757,1569.8955463973189,1421.9182764586526,1556.937587179842,0.3521020391261621
2022,REG,15,NO,ATL,21.0,18.0,1,1480.7445881995752,1447.06803242087,1488.2462867226457,1439.5663338977995,0.6249150738464774
2022,REG,15,NYJ,DET,17.0,20.0,0,1459.695390365421,1446.9498192951119,1447.7698574419585,1458.8753522185743,0.5962766461731221
2022,REG,15,DEN,ARI,24.0,15.0,1,1410.0322231739838,1461.9551469084247,1419.9436601153104,1452.043709967098,0.5044281529336686
2022,REG,15,LV,NE,30.0,24.0,1,1486.2747730523708,1525.1430819162895,1495.8107990241124,1515.607055944548,0.523198701412922
2022,REG,15,LAC,TEN,17.0,14.0,1,1508.7389173416354,1535.6773848622618,1517.9329932061362,1526.483308997761,0.5402962067749612
2022,REG,15,TB,CIN,23.0,34.0,0,1536.1397975766365,1556.807009120997,1525.1548244728044,1567.791982224829,0.5492486551916087
2022,REG,15,WAS,NYG,12.0,20.0,0,1499.5417658772853,1459.223811286038,1486.8651139816855,1471.9004631816379,0.6338325947799892
2022,REG,15,GB,LA,24.0,12.0,1,1522.1760921332784,1507.4315349344565,1530.1952189127373,1499.4124081549976,0.5990436610270564
2022,REG,16,NYJ,JAX,3.0,19.0,0,1447.7698574419585,1421.9182764586526,1435.4838784352269,1434.2042554653844,0.6142989503365868
2022,REG,16,BAL,ATL,17.0,9.0,1,1539.974269243313,1439.5663338977995,1545.7774985294318,1433.7631046116808,0.7098385356940587
2022,REG,16,CAR,DET,37.0,23.0,1,1428.4741962433686,1458.8753522185743,1437.7673652729852,1449.5821831889577,0.5353415485191648
2022,REG,16,CHI,BUF,13.0,35.0,0,1409.6011792823851,1608.0523932404508,1403.5103814484723,1614.1431910743636,0.30453989169563667
2022,REG,16,CLE,NO,10.0,17.0,0,1488.2516179879528,1488.2462867226457,1476.6815332772494,1499.816371433349,0.5785042355351692
2022,REG,16,KC,SEA,24.0,10.0,1,1625.0905714268567,1500.1440755477372,1630.329581595206,1494.905065379388,0.7380494915825297
2022,REG,16,MIN,NYG,27.0,24.0,1,1564.2873922088245,1471.9004631816379,1570.2826493647253,1465.905206025737,0.7002371422049604
2022,REG,16,NE,CIN,18.0,22.0,0,1515.607055944548,1567.791982224829,1505.5260333827846,1577.8730047865924,0.5040511280881637
2022,REG,16,TEN,HOU,14.0,19.0,0,1526.483308997761,1367.3157367168167,1510.996977184324,1382.8020685302538,0.7743165906718568
2022,REG,16,SF,WAS,37.0,20.0,1,1581.2546632203785,1486.8651139816855,1587.2016366131277,1480.9181405889362,0.70265133036254
2022,REG,16,DAL,PHI,40.0,34.0,1,1556.937587179842,1587.2760579550875,1566.228961021374,1577.9846841135554,0.535431307923401
2022,REG,16,PIT,LV,13.0,10.0,1,1507.9193908391885,1495.8107990241124,1516.0115181113529,1487.718671751948,0.5953936363917771
2022,REG,16,MIA,GB,20.0,26.0,0,1522.9457731534276,1530.1952189127373,1511.57999032374,1541.5610017424249,0.5682891414843733
2022,REG,16,LA,DEN,51.0,14.0,1,1499.4124081549976,1419.9436601153104,1505.724419457122,1413.631648813186,0.6843994348937814
2022,REG,16,ARI,TB,16.0,19.0,0,1452.043709967098,1525.1548244728044,1442.5645180958431,1534.6340163440593,0.47395959356274486
2022,REG,16,IND,LAC,3.0,20.0,0,1467.600622086979,1517.9329932061362,1457.4662850103705,1528.0673302827447,0.5067168538304289
2022,REG,17,TEN,DAL,13.0,27.0,0,1510.996977184324,1566.228961021374,1501.0036542148941,1576.2222839908038,0.4996661484714838
2022,REG,17,ATL,ARI,20.0,19.0,1,1433.7631046116808,1442.5645180958431,1442.4411842288914,1433.8864384786325,0.5660960191394643
2022,REG,17,DET,CHI,41.0,10.0,1,1449.5821831889577,1403.5103814484723,1456.752479697338,1396.340084940092,0.6414851745809854
2022,REG,17,HOU,JAX,3.0,31.0,0,1382.8020685302538,1434.2042554653844,1372.698518847411,1444.3078051482273,0.505177484142138
2022,REG,17,KC,DEN,27.0,24.0,1,1630.329581595206,1413.631648813186,1633.7909955824957,1410.1702348258964,0.8269293006355193
2022,REG,17,NE,MIA,23.0,21.0,1,1505.5260333827846,1511.57999032374,1514.126499464953,1502.9795242415717,0.5699766958915773
2022,REG,17,NYG,IND,38.0,10.0,1,1465.905206025737,1457.4662850103705,1474.0993120177213,1449.2721790183864,0.5902947004007899
2022,REG,17,PHI,NO,10.0,20.0,0,1577.9846841135554,1499.816371433349,1564.32907861547,1513.4719769314345,0.6827802749042705
2022,REG,17,TB,CAR,30.0,24.0,1,1534.6340163440593,1437.7673652729852,1540.5215776333555,1431.879803983689,0.7056219355351903
2022,REG,17,WAS,CLE,10.0,24.0,0,1480.9181405889362,1476.6815332772494,1469.2295047364805,1488.3701691297051,0.5844317926227854
2022,REG,17,LV,SF,34.0,37.0,0,1487.718671751948,1587.2016366131277,1478.9920441733761,1595.9282641916996,0.4363313789285908
2022,REG,17,SEA,NYJ,23.0,6.0,1,1494.905065379388,1435.4838784352269,1501.7258733066903,1428.6630705079244,0.6589596036348797
2022,REG,17,GB,MIN,41.0,17.0,1,1541.5610017424249,1570.2826493647253,1550.8060889512572,1561.037562155893,0.5377456395583823
2022,REG,17,LAC,LA,31.0,10.0,1,1528.0673302827447,1505.724419457122,1535.8772798049908,1497.9144699348758,0.6095025238876912
2022,REG,17,BAL,PIT,13.0,16.0,0,1545.7774985294318,1516.0115181113529,1533.3850204055373,1528.4039962352474,0.6196239061947224
2022,REG,18,LV,KC,13.0,31.0,0,1478.9920441733761,1633.7909955824957,1471.7880107560948,1640.995028999777,0.3602016708640663
2022,REG,18,JAX,TEN,20.0,16.0,1,1444.3078051482273,1501.0036542148941,1454.3566152203618,1490.9548441427596,0.4975594963932712
2022,REG,18,ATL,TB,30.0,17.0,1,1442.4411842288914,1540.5215776333555,1453.6748217670756,1529.2879400951715,0.43831812309079504
2022,REG,18,BUF,NE,35.0,23.0,1,1614.1431910743636,1514.126499464953,1619.955702273778,1508.3139882655387,0.7093744400292856
2022,REG,18,CHI,MIN,13.0,29.0,0,1396.340084940092,1561.037562155893,1389.3965365085298,1567.9811105874553,0.3471774215781179
2022,REG,18,CIN,BAL,27.0,16.0,1,1577.8730047865924,1533.3850204055373,1585.0852909301348,1526.172734261995,0.6393856928228789
2022,REG,18,IND,HOU,31.0,32.0,0,1449.2721790183864,1372.698518847411,1435.656404330362,1386.3142935354354,0.6807887344012266
2022,REG,18,MIA,NYJ,11.0,6.0,1,1502.9795242415717,1428.6630705079244,1509.4203555986512,1422.2222391508449,0.6779584321460231
2022,REG,18,NO,CAR,7.0,10.0,0,1513.4719769314345,1431.879803983689,1499.7313032528518,1445.6204776622717,0.6870336839291372
2022,REG,18,PIT,CLE,28.0,14.0,1,1528.4039962352474,1488.3701691297051,1535.734937947578,1481.0392274173746,0.6334529143834778
2022,REG,18,DEN,LAC,31.0,28.0,1,1410.1702348258964,1535.8772798049908,1422.1777089943307,1523.8698056365565,0.39962629157827895
2022,REG,18,PHI,NYG,22.0,16.0,1,1564.32907861547,1474.0993120177213,1570.3765954957191,1468.0517951374723,0.6976241559875455
2022,REG,18,SEA,LA,19.0,16.0,1,1501.7258733066903,1497.9144699348758,1510.049129283501,1489.591213958065,0.5838372011594625
2022,REG,18,SF,ARI,38.0,13.0,1,1595.9282641916996,1433.8864384786325,1600.3843681868166,1429.4303344835155,0.7771948002441514
2022,REG,18,WAS,DAL,26.0,6.0,1,1469.2295047364805,1576.2222839908038,1480.71490556602,1564.7368831612644,0.4257299585230271
2022,REG,18,GB,DET,16.0,20.0,0,1550.8060889512572,1456.752479697338,1536.7611462891637,1470.7974223594315,0.7022471331046689
2022,WC,19,SF,SEA,41.0,23.0,1,1600.3843681868166,1510.049129283501,1606.429323884031,1504.0041735862867,0.6977522151392804
2022,WC,19,JAX,LAC,31.0,30.0,1,1454.3566152203618,1523.8698056365565,1464.774095623171,1513.4523252337474,0.47912597985954514
2022,WC,19,BUF,MIA,34.0,31.0,1,1619.955702273778,1509.4203555986512,1625.5217497445974,1503.8543081278317,0.7216976264590199
2022,WC,19,MIN,NYG,24.0,31.0,0,1567.9811105874553,1468.0517951374723,1553.7956959060937,1482.237209818834,0.7092707340680791
2022,WC,19,CIN,BAL,24.0,17.0,1,1585.0852909301348,1526.172734261995,1591.9192648735668,1519.338760318563,0.6583013028283959
2022,WC,19,TB,DAL,14.0,31.0,0,1529.2879400951715,1564.7368831612644,1518.7258086635027,1575.2990145929332,0.528106571583445
2022,DIV,20,KC,JAX,27.0,20.0,1,1640.995028999777,1464.774095623171,1645.1748604755921,1460.594264147356,0.791008426209248
2022,DIV,20,PHI,NYG,38.0,7.0,1,1570.3765954957191,1482.237209818834,1576.474999567305,1476.138805747248,0.6950797964207045
2022,DIV,20,BUF,CIN,10.0,27.0,0,1625.5217497445974,1591.9192648735668,1613.0254472414442,1604.41556737672,0.6248151251576596
2022,DIV,20,SF,DAL,19.0,12.0,1,1606.429323884031,1575.2990145929332,1613.9998598689085,1567.7284786080556,0.6214732007561244
2022,CON,21,PHI,SF,31.0,7.0,1,1576.474999567305,1613.9998598689085,1585.972448334826,1604.5024111013877,0.5251275616239611
2022,CON,21,KC,CIN,23.0,20.0,1,1645.1748604755921,1604.41556737672,1652.4864199348606,1597.1040079174516,0.6344220270365823
2022,SB,22,PHI,KC,35.0,38.0,0,1585.972448334826,1652.4864199348606,1576.3037258104948,1662.1551424591917,0.4834361262165532
2023,REG,1,KC,DET,20.0,21.0,0,1605.4008425984746,1481.0183245336304,1590.6524156068285,1495.7667515252765,0.7374213495822974
2023,REG,1,ATL,CAR,24.0,10.0,1,1469.888634148599,1464.6533104804766,1478.1720862258155,1456.3698584032602,0.5858273961391783
2023,REG,1,BAL,HOU,25.0,9.0,1,1512.570194207066,1426.104290798033,1518.7095093858977,1419.9649756192011,0.6930342410584157
2023,REG,1,CLE,CIN,24.0,3.0,1,1487.6754978212934,1563.1176051463435,1498.2631909628135,1552.5299120048235,0.4706153429239949
2023,REG,1,IND,JAX,21.0,31.0,0,1458.1766628147352,1474.3862716957813,1447.0648016381494,1485.498132872367,0.5555930588292836
2023,REG,1,MIN,TB,17.0,20.0,0,1534.967202338961,1512.1717756312767,1522.7647556447223,1524.3742223255153,0.6101223347119327
2023,REG,1,NO,TEN,16.0,15.0,1,1499.8253471143537,1494.1206486927938,1508.0956906160734,1485.850305191074,0.586482824914012
2023,REG,1,PIT,SF,7.0,30.0,0,1523.2277096659257,1567.926567215902,1512.9313058007529,1578.2229710810748,0.5148201932586425
2023,REG,1,WAS,ARI,20.0,16.0,1,1487.464688617913,1454.129717414285,1494.9756073571177,1446.6187986750804,0.6244540630397644
2023,REG,1,CHI,GB,20.0,38.0,0,1428.1077487305445,1523.8947450879564,1419.2763295335324,1532.7261642849685,0.4415709598506042
2023,REG,1,DEN,LV,16.0,17.0,0,1449.4155108463149,1481.6622069914615,1438.7615527589653,1492.316165078811,0.5326979043674787
2023,REG,1,LAC,MIA,34.0,36.0,0,1508.7440114019357,1502.5053002830905,1496.9994485869813,1514.249863098045,0.5872281407477237
2023,REG,1,NE,PHI,20.0,25.0,0,1505.4040923726002,1549.5974217768216,1495.0931516581445,1559.9083624912773,0.5155470357227824
2023,REG,1,SEA,LA,13.0,30.0,0,1502.6027128310864,1493.2342890727423,1490.7709506339902,1505.0660512698385,0.5915881098548101
2023,REG,1,NYG,DAL,0.0,40.0,0,1484.4902237357112,1544.0235110952362,1474.6206948304216,1553.8930400005258,0.4934764452644835
2023,REG,1,NYJ,BUF,22.0,16.0,1,1449.4444554480492,1573.4665407069388,1461.4053419941058,1561.5056541608822,0.40195567269716614
2023,REG,2,PHI,MIN,34.0,28.0,1,1559.9083624912773,1522.7647556447223,1567.316735413651,1515.3563827223486,0.629581353881313
2023,REG,2,ATL,GB,25.0,24.0,1,1478.1720862258155,1532.7261642849685,1488.1592515676925,1522.7389989430915,0.5006417329061482
2023,REG,2,BUF,LV,38.0,10.0,1,1561.5056541608822,1492.316165078811,1568.0760292201044,1485.7457900195889,0.6714812470388891
2023,REG,2,CIN,BAL,24.0,27.0,0,1552.5299120048235,1518.7095093858977,1540.0277290985289,1531.2116922921923,0.625109145314728
2023,REG,2,DET,SEA,31.0,37.0,0,1495.7667515252765,1490.7709506339902,1484.056895278187,1502.4808068810796,0.5854928123544761
2023,REG,2,HOU,IND,20.0,31.0,0,1419.9649756192011,1447.0648016381494,1409.1636657618137,1457.8661114955369,0.5400654928693686
2023,REG,2,JAX,KC,9.0,17.0,0,1485.498132872367,1590.6524156068285,1476.9317448457846,1599.218803633411,0.4283194013291243
2023,REG,2,TB,CHI,27.0,17.0,1,1524.3742223255153,1419.2763295335324,1530.066872198288,1413.5836796607598,0.7153675063613749
2023,REG,2,TEN,LAC,27.0,24.0,1,1485.850305191074,1496.9994485869813,1494.5948354314585,1488.254918346597,0.5627734879807789
2023,REG,2,ARI,NYG,28.0,31.0,0,1446.6187986750804,1474.6206948304216,1435.8432910814267,1485.3962024240752,0.538775379682683
2023,REG,2,LA,SF,23.0,30.0,0,1505.0660512698385,1578.2229710810748,1495.5881741962237,1587.7008481546895,0.4738938536807411
2023,REG,2,DAL,NYJ,30.0,10.0,1,1553.8930400005258,1461.4053419941058,1559.885862234378,1455.4125197602536,0.7003588883073967
2023,REG,2,DEN,WAS,33.0,35.0,0,1438.7615527589653,1494.9756073571177,1428.7964959169901,1504.940664199093,0.4982528420987596
2023,REG,2,NE,MIA,17.0,24.0,0,1495.0931516581445,1514.249863098045,1484.0651433553137,1525.2778714008757,0.5514004151415403
2023,REG,2,CAR,NO,17.0,20.0,0,1456.3698584032602,1508.0956906160734,1446.275623068634,1518.1899259506995,0.5047117667312989
2023,REG,2,PIT,CLE,26.0,22.0,1,1512.9313058007529,1498.2631909628135,1520.9525465280487,1490.2419502355176,0.5989379636352045
2023,REG,3,SF,NYG,30.0,12.0,1,1587.7008481546895,1485.3962024240752,1593.4592041574006,1479.6378464213642,0.7120821998644484
2023,REG,3,BAL,IND,19.0,22.0,0,1531.2116922921923,1457.8661114955369,1517.6769519978404,1471.4008517898887,0.6767370147175954
2023,REG,3,CLE,TEN,27.0,3.0,1,1490.2419502355176,1494.5948354314585,1498.7944477820347,1486.0423378849414,0.5723751226741428
2023,REG,3,DET,ATL,20.0,6.0,1,1484.056895278187,1488.1592515676925,1492.6023338464354,1479.6138129994442,0.5727280715875803
2023,REG,3,GB,NO,18.0,17.0,1,1522.7389989430915,1518.1899259506995,1531.0416273828534,1509.8872975109375,0.5848685780118961
2023,REG,3,JAX,HOU,17.0,37.0,0,1476.9317448457846,1409.1636657618137,1463.5382697531495,1422.5571408544488,0.6696737546317517
2023,REG,3,MIA,DEN,70.0,20.0,1,1525.2778714008757,1428.7964959169901,1531.1746506035472,1422.8997167143186,0.7051610398664255
2023,REG,3,MIN,LAC,24.0,28.0,0,1515.3563827223486,1488.254918346597,1503.0363372632992,1500.5749638056463,0.6160022729524705
2023,REG,3,NYJ,NE,10.0,15.0,0,1455.4125197602536,1484.0651433553137,1444.6556316494414,1494.822031466126,0.5378444055406147
2023,REG,3,WAS,BUF,3.0,37.0,0,1504.940664199093,1568.0760292201044,1495.1747760418652,1577.841917377332,0.48829440786137845
2023,REG,3,SEA,CAR,37.0,27.0,1,1502.4808068810796,1446.275623068634,1509.3850663286623,1439.3713636210514,0.6547870276208635
2023,REG,3,ARI,DAL,28.0,16.0,1,1435.8432910814267,1559.885862234378,1447.8047445805794,1547.9244087352254,0.4019273250423687
2023,REG,3,KC,CHI,41.0,10.0,1,1599.218803633411,1413.5836796607598,1603.2222839293431,1409.5801993648276,0.7998259852033978
2023,REG,3,LV,PIT,18.0,23.0,0,1485.7457900195889,1520.9525465280487,1475.1767101986509,1531.5216263489867,0.5284539910468995
2023,REG,3,TB,PHI,11.0,25.0,0,1530.066872198288,1567.316735413651,1519.5564262191733,1577.8271813927656,0.5255222989557301
2023,REG,3,CIN,LA,19.0,16.0,1,1540.0277290985289,1495.5881741962237,1547.2413008786737,1488.374602416079,0.639321410992756
2023,REG,4,GB,DET,20.0,34.0,0,1531.0416273828534,1492.6023338464354,1518.4152459819154,1505.2287152473734,0.6313190700469
2023,REG,4,JAX,ATL,23.0,7.0,1,1463.5382697531495,1479.6138129994442,1472.422597723949,1470.7294850286448,0.5557836014600327
2023,REG,4,BUF,MIA,48.0,20.0,1,1577.841917377332,1531.1746506035472,1584.9964550291447,1524.0201129517345,0.6422731174093615
2023,REG,4,CAR,MIN,13.0,21.0,0,1439.3713636210514,1503.0363372632992,1429.6207099151788,1512.7869909691717,0.48753268529362637
2023,REG,4,CHI,DEN,28.0,31.0,0,1409.5801993648276,1422.8997167143186,1398.3862608165555,1434.0936552625908,0.5596969274136039
2023,REG,4,CLE,BAL,3.0,28.0,0,1498.7944477820347,1517.6769519978404,1487.7586312021117,1528.7127685777634,0.5517908289961512
2023,REG,4,HOU,PIT,30.0,6.0,1,1422.5571408544488,1531.5216263489867,1434.097992466109,1519.9807747373266,0.42295741941699067
2023,REG,4,IND,LA,23.0,29.0,0,1471.4008517898887,1488.374602416079,1460.3107177641111,1499.4647364418565,0.5545067012888852
2023,REG,4,NO,TB,9.0,26.0,0,1509.8872975109375,1519.5564262191733,1498.5899236039074,1530.8538001262034,0.5648686953515069
2023,REG,4,PHI,WAS,34.0,31.0,1,1577.8271813927656,1495.1747760418652,1584.0602917652461,1488.9416656693847,0.6883444813759737
2023,REG,4,TEN,CIN,27.0,3.0,1,1486.0423378849414,1547.2413008786737,1496.2207394519005,1537.0628993117145,0.4910799216520402
2023,REG,4,LAC,LV,24.0,17.0,1,1500.5749638056463,1475.1767101986509,1508.301354452683,1467.4503195516143,0.6136804676481744
2023,REG,4,DAL,NE,38.0,3.0,1,1547.9244087352254,1494.822031466126,1554.9096371009232,1487.8368031004281,0.6507385817151061
2023,REG,4,SF,ARI,35.0,16.0,1,1593.4592041574006,1447.8047445805794,1598.2505258015674,1443.0134229364126,0.7604339177916539
2023,REG,4,NYJ,KC,20.0,23.0,0,1444.6556316494414,1603.2222839293431,1437.551257836222,1610.3266577425625,0.35521869066097
2023,REG,4,NYG,SEA,3.0,24.0,0,1479.6378464213642,1509.3850663286623,1468.912290206809,1520.1106225432175,0.5362778107277513
2023,REG,5,WAS,CHI,20.0,40.0,0,1488.9416656693847,1398.3862608165555,1474.9812770607311,1412.346649425209,0.6980194304326854
2023,REG,5,BUF,JAX,20.0,25.0,0,1584.9964550291447,1472.422597723949,1570.5154873825684,1486.9035653705253,0.7240483823288135
2023,REG,5,ATL,HOU,21.0,19.0,1,1470.7294850286448,1434.097992466109,1478.151613023966,1426.6758644707877,0.6288936002339389
2023,REG,5,DET,CAR,42.0,24.0,1,1505.2287152473734,1429.6207099151788,1511.6371248711505,1423.2123002914018,0.6795795188111491
2023,REG,5,IND,TEN,23.0,16.0,1,1460.3107177641111,1496.2207394519005,1469.7618162861634,1486.7696409298483,0.5274450738973866
2023,REG,5,MIA,NYG,31.0,16.0,1,1524.0201129517345,1468.912290206809,1530.952957901122,1461.9794452574215,0.6533577525306221
2023,REG,5,NE,NO,0.0,34.0,0,1487.8368031004281,1498.5899236039074,1476.5701161587301,1509.8566105456055,0.5633343470849039
2023,REG,5,PIT,BAL,17.0,10.0,1,1519.9807747373266,1528.7127685777634,1528.6568912639873,1520.0366520511027,0.5661941736669639
2023,REG,5,ARI,CIN,20.0,34.0,0,1443.0134229364126,1537.0628993117145,1434.1326483871894,1545.9436738609377,0.4440387274611577
2023,REG,5,LA,PHI,14.0,23.0,0,1499.4647364418565,1584.0602917652461,1490.314510637562,1593.2105175695406,0.45751129021472386
2023,REG,5,DEN,NYJ,21.0,31.0,0,1434.0936552625908,1437.551257836222,1422.620933880112,1449.0239792187008,0.5736360691239334
2023,REG,5,MIN,KC,20.0,27.0,0,1512.7869909691717,1610.3266577425625,1504.005299065897,1619.1083496458373,0.4390845951637436
2023,REG,5,SF,DAL,42.0,10.0,1,1598.2505258015674,1554.9096371009232,1605.4932901602965,1547.666872742194,0.637861782063541
2023,REG,5,LV,GB,17.0,13.0,1,1467.4503195516143,1518.4152459819154,1477.3341860198782,1508.5313795136515,0.5058066765868058
2023,REG,6,KC,DEN,19.0,8.0,1,1619.1083496458373,1422.620933880112,1622.9155334679658,1418.8137500579835,0.8096408088935786
2023,REG,6,TEN,BAL,16.0,24.0,0,1486.7696409298483,1520.0366520511027,1476.1449298095522,1530.6613631713988,0.5312355560148013
2023,REG,6,ATL,WAS,16.0,24.0,0,1478.151613023966,1474.9812770607311,1466.4928071776533,1486.640082907044,0.582940292315636
2023,REG,6,CHI,MIN,13.0,19.0,0,1412.346649425209,1504.005299065897,1403.3978720534253,1512.9540764376807,0.4474388685891885
2023,REG,6,CIN,SEA,17.0,13.0,1,1545.9436738609377,1520.1106225432175,1553.6582003169642,1512.396096087191,0.6142736771986745
2023,REG,6,CLE,SF,19.0,17.0,1,1487.7586312021117,1605.4932901602965,1499.544908830314,1593.7070125320943,0.4106861185898877
2023,REG,6,HOU,NO,20.0,13.0,1,1426.6758644707877,1509.8566105456055,1437.4851974685896,1499.0472775478036,0.45953335010990404
2023,REG,6,JAX,IND,37.0,20.0,1,1486.9035653705253,1469.7618162861634,1494.8564942809626,1461.808887375726,0.6023535544781348
2023,REG,6,MIA,CAR,42.0,21.0,1,1530.952957901122,1423.2123002914018,1536.5838589116158,1417.581399280908,0.718454949475317
2023,REG,6,LV,NE,21.0,17.0,1,1477.3341860198782,1476.5701161587301,1485.7428087407154,1468.161493437893,0.5795688639581401
2023,REG,6,LA,ARI,26.0,9.0,1,1490.314510637562,1434.1326483871894,1497.2193770164338,1427.2277820083177,0.654756681056414
2023,REG,6,NYJ,PHI,20.0,14.0,1,1449.0239792187008,1593.2105175695406,1461.5360379604067,1580.6984588278347,0.3743970629147017
2023,REG,6,TB,DET,6.0,20.0,0,1530.8538001262034,1511.6371248711505,1518.7495810215319,1523.741343975822,0.6052109552335817
2023,REG,6,BUF,NYG,14.0,9.0,1,1570.5154873825684,1461.9794452574215,1576.127883979212,1456.367048660778,0.7193801701678237
2023,REG,6,LAC,DAL,17.0,20.0,0,1508.301354452683,1547.666872742194,1497.8516613933427,1558.1165658015343,0.522484652967015
2023,REG,7,NO,JAX,24.0,31.0,0,1499.0472775478036,1494.8564942809626,1487.3599230369666,1506.5438487917995,0.5843677255418464
2023,REG,7,BAL,DET,38.0,6.0,1,1530.6613631713988,1523.741343975822,1538.8977940788845,1515.5049130683362,0.5881784546257155
2023,REG,7,CHI,LV,30.0,12.0,1,1403.3978720534253,1485.7428087407154,1414.1833014904687,1474.957379303672,0.4607285281478274
2023,REG,7,IND,CLE,38.0,39.0,0,1461.808887375726,1499.544908830314,1451.3123986844923,1510.0413975215477,0.5248244345616879
2023,REG,7,NE,BUF,29.0,25.0,1,1468.161493437893,1576.127883979212,1479.6742872796997,1564.615090137405,0.424360307909662
2023,REG,7,NYG,WAS,14.0,7.0,1,1456.367048660778,1486.640082907044,1465.6565485702265,1477.3505829975954,0.5355250045275685
2023,REG,7,TB,ATL,13.0,16.0,0,1518.7495810215319,1466.4928071776533,1505.7569519312965,1479.4854362678886,0.6496314545117667
2023,REG,7,LA,PIT,17.0,24.0,0,1497.2193770164338,1528.6568912639873,1486.5422319782053,1539.3340363022157,0.5338572519114261
2023,REG,7,SEA,ARI,20.0,10.0,1,1512.396096087191,1427.2277820083177,1518.567238010177,1421.0566400853315,0.6914429038506894
2023,REG,7,DEN,GB,19.0,17.0,1,1418.8137500579835,1508.5313795136515,1429.8096911128684,1497.5354384587665,0.45020294725575555
2023,REG,7,KC,LAC,31.0,17.0,1,1622.9155334679658,1497.8516613933427,1628.1519314714208,1492.6152633898878,0.7381800998272522
2023,REG,7,PHI,MIA,31.0,17.0,1,1580.6984588278347,1536.5838589116158,1587.9206596300646,1529.3616581093859,0.6388899598884967
2023,REG,7,MIN,SF,22.0,17.0,1,1512.9540764376807,1593.7070125320943,1523.693951010469,1582.967137959306,0.46300627136058914
2023,REG,8,BUF,TB,24.0,18.0,1,1564.615090137405,1505.7569519312965,1571.450473439494,1498.9215686292075,0.658230834895551
2023,REG,8,CAR,HOU,15.0,13.0,1,1417.581399280908,1437.4851974685896,1426.5746712917107,1428.491925457787,0.5503363994598659
2023,REG,8,DAL,LA,43.0,20.0,1,1558.1165658015343,1486.5422319782053,1564.6265165278876,1480.032281251852,0.6745024636823416
2023,REG,8,GB,MIN,10.0,24.0,0,1497.5354384587665,1523.693951010469,1486.7072152952737,1534.5221741739617,0.5414111581746427
2023,REG,8,IND,NO,27.0,38.0,0,1451.3123986844923,1487.3599230369666,1440.7674430127797,1497.9048787086792,0.5272477835856275
2023,REG,8,MIA,NE,31.0,17.0,1,1529.3616581093859,1479.6742872796997,1536.4365073554752,1472.5994380336103,0.6462575376955343
2023,REG,8,NYG,NYJ,10.0,13.0,0,1465.6565485702265,1461.5360379604067,1453.9711591490457,1473.2214273815875,0.584269471059044
2023,REG,8,PIT,JAX,10.0,20.0,0,1539.3340363022157,1506.5438487917995,1526.859669440625,1519.0182156533901,0.6237183430795332
2023,REG,8,TEN,ATL,28.0,23.0,1,1476.1449298095522,1479.4854362678886,1484.6689113923808,1470.96145468506,0.5738009208585672
2023,REG,8,WAS,PHI,31.0,38.0,0,1477.3505829975954,1587.9206596300646,1468.9365176227423,1596.3347250049178,0.42070326874266195
2023,REG,8,SEA,CLE,24.0,20.0,1,1518.567238010177,1510.0413975215477,1526.7589239561944,1501.8497115755304,0.5904157026991362
2023,REG,8,ARI,BAL,24.0,31.0,0,1421.0566400853315,1538.8977940788845,1412.8458849213089,1547.1085492429072,0.41053775820113353
2023,REG,8,DEN,KC,24.0,9.0,1,1429.8096911128684,1628.1519314714208,1443.7162357583466,1614.2453868259427,0.3046727677260938
2023,REG,8,SF,CIN,17.0,31.0,0,1582.967137959306,1553.6582003169642,1570.587065509718,1566.0382727665522,0.6190036224793943
2023,REG,8,LAC,CHI,30.0,13.0,1,1492.6152633898878,1414.1833014904687,1498.9530853585534,1407.845479521803,0.6831089015667241
2023,REG,8,DET,LV,26.0,14.0,1,1515.5049130683362,1474.957379303672,1522.8221278535993,1467.640164518409,0.6341392607368492
2023,REG,9,PIT,TEN,20.0,16.0,1,1526.859669440625,1484.6689113923808,1534.133048414474,1477.395532418532,0.6363310513075578
2023,REG,9,KC,MIA,21.0,14.0,1,1614.2453868259427,1536.4365073554752,1620.5987475431773,1530.0831466382406,0.6823319641382631
2023,REG,9,ATL,MIN,28.0,31.0,0,1470.96145468506,1534.5221741739617,1461.2078021467253,1544.2758267122965,0.4876826269167431
2023,REG,9,BAL,SEA,37.0,3.0,1,1547.1085492429072,1526.7589239561944,1554.9731865327399,1518.8942866663617,0.6067681355083696
2023,REG,9,CLE,ARI,27.0,0.0,1,1501.8497115755304,1412.8458849213089,1507.9270429741719,1406.7685535226674,0.6961334300679214
2023,REG,9,GB,LA,20.0,3.0,1,1486.7072152952737,1480.032281251852,1494.9504817742504,1471.7890147728754,0.5878366760511603
2023,REG,9,HOU,TB,39.0,37.0,1,1428.491925457787,1498.9215686292075,1438.935734557294,1488.4777595297005,0.4778095450246469
2023,REG,9,NE,WAS,17.0,20.0,0,1472.5994380336103,1468.9365176227423,1460.9268478376396,1480.609107818713,0.5836295097985343
2023,REG,9,NO,CHI,24.0,17.0,1,1497.9048787086792,1407.845479521803,1503.9565339174594,1401.793824313023,0.6974172395609859
2023,REG,9,CAR,IND,13.0,27.0,0,1426.5746712917107,1440.7674430127797,1415.4055161231934,1451.936598181297,0.5584577584258734
2023,REG,9,LV,NYG,30.0,6.0,1,1467.640164518409,1453.9711591490457,1475.6890516185854,1445.9222720488692,0.597555644991174
2023,REG,9,PHI,DAL,28.0,23.0,1,1596.3347250049178,1564.6265165278876,1603.889615795866,1557.0716257369395,0.6222554604525983
2023,REG,9,CIN,BUF,24.0,18.0,1,1566.0382727665522,1571.450473439494,1574.6206341144823,1562.868112091564,0.570881932603488
2023,REG,9,NYJ,LAC,6.0,27.0,0,1473.2214273815875,1498.9530853585534,1462.381003878728,1509.7935088614129,0.5420211751429739
2023,REG,10,CHI,CAR,16.0,13.0,1,1401.793824313023,1415.4055161231934,1410.6081761762507,1406.5911642599656,0.5592824068386131
2023,REG,10,NE,IND,6.0,10.0,0,1460.9268478376396,1451.936598181297,1449.1056072388913,1463.7578387800454,0.5910620299374206
2023,REG,10,BAL,CLE,31.0,33.0,0,1554.9731865327399,1507.9270429741719,1542.1177052832156,1520.782524223696,0.6427740624762166
2023,REG,10,CIN,HOU,27.0,30.0,0,1574.6206341144823,1438.935734557294,1559.624166586114,1453.9322020856623,0.7498233764184211
2023,REG,10,JAX,SF,3.0,34.0,0,1519.0182156533901,1570.587065509718,1508.9194624241243,1580.685818738984,0.5049376614632979
2023,REG,10,MIN,NO,27.0,19.0,1,1544.2758267122965,1503.9565339174594,1551.5991390596462,1496.6332215701098,0.633834382632512
2023,REG,10,PIT,GB,23.0,19.0,1,1534.133048414474,1494.9504817742504,1541.4867607804686,1487.5967694082558,0.6323143817002641
2023,REG,10,TB,TEN,20.0,6.0,1,1488.4777595297005,1477.395532418532,1496.5983686309337,1469.2749233172988,0.5939695449383355
2023,REG,10,ARI,ATL,25.0,23.0,1,1406.7685535226674,1461.2078021467253,1416.7524138146925,1451.2239418547001,0.5008069853987431
2023,REG,10,LAC,DET,38.0,41.0,0,1509.7935088614129,1522.8221278535993,1498.591317764608,1534.0243189504042,0.5601095548402413
2023,REG,10,DAL,NYG,49.0,17.0,1,1557.0716257369395,1445.9222720488692,1562.6234862072747,1440.370411578534,0.7224069764832339
2023,REG,10,SEA,WAS,29.0,26.0,1,1518.8942866663617,1480.609107818713,1526.2720355490815,1473.2313589359933,0.6311125558640149
2023,REG,10,LV,NYJ,16.0,12.0,1,1475.6890516185854,1462.381003878728,1483.7479344368394,1454.322121060474,0.5970558590872957
2023,REG,10,BUF,DEN,22.0,24.0,0,1562.868112091564,1443.7162357583466,1548.2371203713433,1458.3472274785672,0.7315495860110368
2023,REG,11,BAL,CIN,34.0,20.0,1,1542.1177052832156,1559.624166586114,1551.042724212148,1550.6991476571816,0.5537490535533888
2023,REG,11,CAR,DAL,10.0,33.0,0,1406.5911642599656,1562.6234862072747,1399.4198223858327,1569.7948280814076,0.3585670937066477
2023,REG,11,CLE,PIT,13.0,10.0,1,1520.782524223696,1541.4867607804686,1529.7986064576692,1532.4706785464955,0.5491958883013428
2023,REG,11,DET,CHI,31.0,26.0,1,1534.0243189504042,1410.6081761762507,1539.2974634158656,1405.3350317107893,0.7363427767269332
2023,REG,11,GB,LAC,23.0,20.0,1,1487.5967694082558,1498.591317764608,1496.3369204254818,1489.851166747382,0.5629924491387
2023,REG,11,HOU,ARI,21.0,16.0,1,1453.9322020856623,1416.7524138146925,1461.3396035941032,1409.3450123062516,0.6296299245779572
2023,REG,11,JAX,TEN,34.0,14.0,1,1508.9194624241243,1469.2749233172988,1516.2608136523875,1461.9335720890356,0.632932438586839
2023,REG,11,MIA,LV,20.0,13.0,1,1530.0831466382406,1483.7479344368394,1537.2464701539348,1476.5846109211452,0.6418338242152916
2023,REG,11,WAS,NYG,19.0,31.0,0,1473.2313589359933,1440.370411578534,1460.755080231287,1452.8466902832404,0.6238139352353179
2023,REG,11,SF,TB,27.0,14.0,1,1580.685818738984,1496.5983686309337,1586.8835412638714,1490.4006461060462,0.6901138737556296
2023,REG,11,BUF,NYJ,32.0,6.0,1,1548.2371203713433,1454.322121060474,1554.195515015571,1448.3637264162464,0.7020802677886172
2023,REG,11,LA,SEA,17.0,16.0,1,1471.7890147728754,1526.2720355490815,1481.774134925681,1516.2869153962758,0.5007439923597181
2023,REG,11,DEN,MIN,21.0,20.0,1,1458.3472274785672,1551.5991390596462,1469.4437789424578,1540.5025875957556,0.44517242680547114
2023,REG,11,KC,PHI,17.0,21.0,0,1620.5987475431773,1603.889615795866,1608.5636094273393,1615.9247539117039,0.6017569057919046
2023,REG,12,DET,GB,22.0,29.0,0,1539.2974634158656,1496.3369204254818,1526.550345807595,1509.0840380337524,0.6373558804135353
2023,REG,12,DAL,WAS,45.0,10.0,1,1569.7948280814076,1460.755080231287,1575.3955252959483,1455.1543830167461,0.7199651392729616
2023,REG,12,SEA,SF,13.0,31.0,0,1516.2869153962758,1586.8835412638714,1506.7355210749365,1596.4349355852107,0.4775697160669678
2023,REG,12,NYJ,MIA,13.0,34.0,0,1448.3637264162464,1537.2464701539348,1439.3358702317375,1546.2743263384436,0.45139280922544556
2023,REG,12,ATL,NO,24.0,15.0,1,1451.2239418547001,1496.6332215701098,1460.9479688286278,1486.909194596182,0.5137986513036089
2023,REG,12,CIN,PIT,10.0,16.0,0,1550.6991476571816,1532.4706785464955,1538.6221282420913,1544.5476979615858,0.6038509707545089
2023,REG,12,HOU,JAX,21.0,24.0,0,1461.3396035941032,1516.2608136523875,1451.3373358373262,1526.2630814091644,0.5001133878388516
2023,REG,12,IND,TB,27.0,20.0,1,1463.7578387800454,1490.4006461060462,1472.9434607141354,1481.2150241719562,0.5407189032954957
2023,REG,12,NYG,NE,10.0,7.0,1,1452.8466902832404,1449.1056072388913,1461.1719134048558,1440.7803841172758,0.5837388439192303
2023,REG,12,TEN,CAR,17.0,10.0,1,1461.9335720890356,1399.4198223858327,1468.6745933815248,1392.6788010933435,0.6629489353755399
2023,REG,12,ARI,LA,14.0,37.0,0,1409.3450123062516,1481.774134925681,1399.8462423970159,1491.2729048349167,0.4749384954617876
2023,REG,12,DEN,CLE,29.0,12.0,1,1469.4437789424578,1529.7986064576692,1479.5978910650463,1519.6444943350807,0.49229439387058216
2023,REG,12,LV,KC,17.0,31.0,0,1476.5846109211452,1608.5636094273393,1468.7646872541548,1616.3835330943298,0.3909961833495175
2023,REG,12,PHI,BUF,37.0,34.0,1,1615.9247539117039,1554.195515015571,1622.6859718556832,1547.4342970715916,0.6619391028010307
2023,REG,12,LAC,BAL,10.0,20.0,0,1489.851166747382,1551.042724212148,1480.0293552338417,1560.8645357256883,0.4910905756770195
2023,REG,12,MIN,CHI,10.0,12.0,0,1540.5025875957556,1405.3350317107893,1525.5173013969352,1420.3203179096097,0.7492643099410177
2023,REG,13,DAL,SEA,41.0,35.0,1,1575.3955252959483,1506.7355210749365,1581.9793546211495,1500.1516917497354,0.6708085337399453
2023,REG,13,HOU,DEN,22.0,17.0,1,1451.3373358373262,1479.5978910650463,1460.5692287021618,1470.3659982002107,0.5384053567582173
2023,REG,13,NE,LAC,0.0,6.0,0,1440.7803841172758,1480.0293552338417,1430.3273433948657,1490.4823959562518,0.5226520361205063
2023,REG,13,NO,DET,28.0,33.0,0,1486.909194596182,1526.550345807595,1476.4674191277284,1536.9921212760487,0.5220887734226849
2023,REG,13,NYJ,ATL,8.0,13.0,0,1439.3358702317375,1460.9479688286278,1428.3778364650225,1471.906002595343,0.5479016883357513
2023,REG,13,PIT,ARI,10.0,24.0,0,1544.5476979615858,1399.8462423970159,1529.35903605647,1415.0349043021317,0.7594330952557926
2023,REG,13,TEN,IND,28.0,31.0,0,1468.6745933815248,1472.9434607141354,1457.224723450719,1484.3933306449412,0.5724934965402945
2023,REG,13,WAS,MIA,15.0,45.0,0,1455.1543830167461,1546.2743263384436,1446.1902692865863,1555.2384400686035,0.44820568650799386
2023,REG,13,TB,CAR,21.0,18.0,1,1481.2150241719562,1392.6788010933435,1487.3037493553347,1386.590075909965,0.6955637408310745
2023,REG,13,LA,CLE,36.0,19.0,1,1491.2729048349167,1519.6444943350807,1500.5079747458972,1510.4094244241003,0.5382465044509831
2023,REG,13,PHI,SF,19.0,42.0,0,1622.6859718556832,1596.4349355852107,1610.3890992811382,1608.7318081597557,0.6148436287272435
2023,REG,13,GB,KC,27.0,19.0,1,1509.0840380337524,1616.3835330943298,1520.5780709374949,1604.8895001905873,0.4252983548128829
2023,REG,13,JAX,CIN,31.0,34.0,0,1526.2630814091644,1538.6221282420913,1515.0419014281842,1549.8433082230715,0.561058999049013
2023,REG,14,PIT,NE,18.0,21.0,0,1529.35903605647,1430.3273433948657,1515.1949542436448,1444.4914252076908,0.7082040906412558
2023,REG,14,ATL,TB,25.0,29.0,0,1471.906002595343,1487.3037493553347,1460.7710690594365,1498.4386828912411,0.556746676795318
2023,REG,14,BAL,LA,37.0,31.0,1,1560.8645357256883,1500.5079747458972,1567.6611632790073,1493.7113471925782,0.6601686223340488
2023,REG,14,CHI,DET,28.0,13.0,1,1420.3203179096097,1536.9921212760487,1432.0769641032061,1525.2354750824522,0.4121676903201801
2023,REG,14,CIN,IND,34.0,14.0,1,1549.8433082230715,1484.3933306449412,1556.5090032518253,1477.7276356161874,0.6667152485623092
2023,REG,14,CLE,JAX,31.0,27.0,1,1510.4094244241003,1515.0419014281842,1518.969801573781,1506.4815242785035,0.5719811425159643
2023,REG,14,NO,CAR,28.0,6.0,1,1476.4674191277284,1386.590075909965,1482.5234983587027,1380.5339966789907,0.6971960384512894
2023,REG,14,NYJ,HOU,30.0,6.0,1,1428.3778364650225,1460.5692287021618,1437.7222934271592,1451.224771740025,0.5327771518931657
2023,REG,14,LV,MIN,0.0,3.0,0,1468.7646872541548,1525.5173013969352,1458.8151311162728,1535.466857534817,0.49747780689409205
2023,REG,14,SF,SEA,28.0,16.0,1,1608.7318081597557,1500.1516917497354,1614.3431804647964,1494.5403194446947,0.7194313847479678
2023,REG,14,KC,BUF,17.0,20.0,0,1604.8895001905873,1547.4342970715916,1591.7612655564621,1560.5625317057168,0.6564117317062584
2023,REG,14,LAC,DEN,7.0,24.0,0,1490.4823959562518,1470.3659982002107,1478.3534409017818,1482.4949532546807,0.6064477527235035
2023,REG,14,DAL,PHI,33.0,13.0,1,1581.9793546211495,1610.3890992811382,1591.2155163093448,1601.1529375929429,0.5381919155902336
2023,REG,14,MIA,TEN,27.0,28.0,0,1555.2384400686035,1457.224723450719,1541.0986070320848,1471.3645564872377,0.7069916518259292
2023,REG,14,NYG,GB,24.0,22.0,1,1461.1719134048558,1520.5780709374949,1471.2987260145865,1510.4512583277642,0.4936593695134618
2023,REG,15,LV,LAC,63.0,21.0,1,1458.8151311162728,1478.3534409017818,1467.7979912480375,1469.370580770017,0.5508569934117604
2023,REG,15,CIN,MIN,27.0,24.0,1,1556.5090032518253,1535.466857534817,1564.3546251897085,1527.621235596934,0.6077189031058378
2023,REG,15,IND,PIT,30.0,13.0,1,1477.7276356161874,1515.1949542436448,1487.2234323977762,1505.699157462056,0.5252101609205574
2023,REG,15,DET,DEN,42.0,17.0,1,1525.2354750824522,1482.4949532546807,1532.4942133018374,1475.2362150352956,0.6370630890307383
2023,REG,15,CAR,ATL,9.0,7.0,1,1380.5339966789907,1460.7710690594365,1391.2591031677905,1450.0459625706367,0.463744675560003
2023,REG,15,CLE,CHI,20.0,17.0,1,1518.969801573781,1432.0769641032061,1525.098665101053,1425.9481005759342,0.6935568236364023
2023,REG,15,GB,TB,20.0,34.0,0,1510.4512583277642,1498.4386828912411,1498.5460487203216,1510.3438924986838,0.595260480372134
2023,REG,15,MIA,NYJ,30.0,0.0,1,1541.0986070320848,1437.7222934271592,1546.8317005920799,1431.9891998671642,0.7133453220002466
2023,REG,15,NE,KC,17.0,27.0,0,1444.4914252076908,1591.7612655564621,1437.0864412271185,1599.1662495370344,0.37024919902860975
2023,REG,15,NO,NYG,24.0,6.0,1,1482.5234983587027,1471.2987260145865,1490.6401498984746,1463.1820744748145,0.5941674230113999
2023,REG,15,TEN,HOU,16.0,19.0,0,1471.3645564872377,1451.224771740025,1459.234958819618,1463.3543694076448,0.6064798833809817
2023,REG,15,ARI,SF,29.0,45.0,0,1415.0349043021317,1614.3431804647964,1408.9649847602332,1620.413100006695,0.30349597709493414
2023,REG,15,LA,WAS,28.0,20.0,1,1493.7113471925782,1446.1902692865863,1500.8433157374047,1439.0583007417597,0.6434015727586722
2023,REG,15,BUF,DAL,31.0,10.0,1,1560.5625317057168,1591.2155163093448,1569.8629131013647,1581.9151349136969,0.5349809302176003
2023,REG,15,JAX,BAL,7.0,23.0,0,1506.4815242785035,1567.6611632790073,1496.6593698326963,1577.4833177248145,0.4911077222903619
2023,REG,15,SEA,PHI,20.0,17.0,1,1494.5403194446947,1601.1529375929429,1506.0150180470093,1589.6782389906282,0.4262650698842609
2023,REG,16,LA,NO,30.0,22.0,1,1500.8433157374047,1490.6401498984746,1508.9883441415536,1482.4951214943258,0.5927485797925577
2023,REG,16,PIT,CIN,34.0,11.0,1,1505.699157462056,1564.3546251897085,1515.8043663986873,1554.2494162530772,0.4947395531684396
2023,REG,16,LAC,BUF,22.0,24.0,0,1469.370580770017,1569.8629131013647,1460.6725234024748,1578.560970468907,0.43490286837711245
2023,REG,16,ATL,IND,29.0,10.0,1,1450.0459625706367,1487.2234323977762,1459.533438393503,1477.7359565749098,0.5256262088566863
2023,REG,16,CAR,GB,30.0,33.0,0,1391.2591031677905,1498.5460487203216,1382.752782928306,1507.052368959806,0.4253160119742225
2023,REG,16,HOU,CLE,22.0,36.0,0,1463.3543694076448,1525.098665101053,1453.5484614636048,1534.904573045093,0.49029539720199505
2023,REG,16,MIN,DET,24.0,30.0,0,1527.621235596934,1532.4942133018374,1516.1883921248561,1543.9270567739152,0.5716421736038864
2023,REG,16,NYJ,WAS,30.0,28.0,1,1431.9891998671642,1439.0583007417597,1440.6183234821854,1430.4291771267385,0.5685438192489433
2023,REG,16,TEN,SEA,17.0,20.0,0,1459.234958819618,1506.0150180470093,1448.99841403914,1516.2515628274873,0.511827239023894
2023,REG,16,TB,JAX,30.0,12.0,1,1510.3438924986838,1496.6593698326963,1518.3923499811622,1488.6109123502179,0.5975771258760779
2023,REG,16,CHI,ARI,27.0,16.0,1,1425.9481005759342,1408.9649847602332,1433.905404396255,1401.0076809399122,0.6021348089839513
2023,REG,16,MIA,DAL,22.0,20.0,1,1546.8317005920799,1581.9151349136969,1556.2590828400057,1572.487752665771,0.5286308876037035
2023,REG,16,DEN,NE,23.0,26.0,0,1475.2362150352956,1437.0864412271185,1462.6175935749488,1449.7050626874652,0.6309310730173416
2023,REG,16,KC,LV,14.0,20.0,0,1599.1662495370344,1467.7979912480375,1584.2635855569456,1482.7006552281264,0.7451331990044368
2023,REG,16,PHI,NYG,33.0,25.0,1,1589.6782389906282,1463.1820744748145,1594.8828296138124,1457.9774838516303,0.7397704688407934
2023,REG,16,SF,BAL,19.0,33.0,0,1620.413100006695,1577.4833177248145,1607.666800967297,1590.2296167642126,0.6373149519699072
2023,REG,17,CLE,NYJ,37.0,20.0,1,1534.904573045093,1440.6183234821854,1540.8540315320038,1434.6688649952746,0.7025270756544655
2023,REG,17,DAL,DET,20.0,19.0,1,1572.487752665771,1543.9270567739152,1580.1280067656585,1536.2868026740277,0.6179872950056318
2023,REG,17,BAL,MIA,56.0,19.0,1,1590.2296167642126,1556.2590828400057,1597.7233837119943,1548.765315892224,0.6253116526109123
2023,REG,17,BUF,NE,27.0,21.0,1,1578.560970468907,1449.7050626874652,1583.7134313989295,1444.5526017574427,0.7423769534988791
2023,REG,17,CHI,ATL,37.0,17.0,1,1433.905404396255,1459.533438393503,1443.0620194958394,1450.3768232939187,0.5421692450207816
2023,REG,17,HOU,TEN,26.0,3.0,1,1453.5484614636048,1448.99841403914,1461.851062665007,1440.6958128377378,0.5848699399298881
2023,REG,17,IND,LV,23.0,20.0,1,1477.7359565749098,1482.7006552281264,1486.3056989426304,1474.1309128604057,0.5715128816139642
2023,REG,17,JAX,CAR,26.0,0.0,1,1488.6109123502179,1382.752782928306,1494.2857573718945,1377.0779379066294,0.7162577489161698
2023,REG,17,NYG,LA,25.0,26.0,0,1457.9774838516303,1508.9883441415536,1447.8626722263623,1519.1031557668216,0.5057405812634039
2023,REG,17,PHI,ARI,31.0,35.0,0,1594.8828296138124,1401.0076809399122,1578.7365814990726,1417.153929054652,0.8073124057369884
2023,REG,17,TB,NO,13.0,23.0,0,1518.3923499811622,1482.4951214943258,1505.8342180886095,1495.0532533868784,0.6279065946276322
2023,REG,17,WAS,SF,10.0,27.0,0,1430.4291771267385,1607.666800967297,1423.8091356794682,1614.2868424145672,0.3310020723635115
2023,REG,17,SEA,PIT,23.0,30.0,0,1516.2515628274873,1515.8043663986873,1504.6690762155617,1527.3868530106129,0.5791243305962724
2023,REG,17,DEN,LAC,16.0,9.0,1,1462.6175935749488,1460.6725234024748,1470.9931032532547,1452.297013724169,0.581224516084709
2023,REG,17,KC,CIN,25.0,17.0,1,1584.2635855569456,1554.2494162530772,1591.8643740222542,1546.6486277877686,0.6199605767345706
2023,REG,17,MIN,GB,10.0,33.0,0,1516.1883921248561,1507.052368959806,1504.3630953053073,1518.8776657793549,0.5912648409774367
2023,REG,18,BAL,PIT,10.0,17.0,0,1597.7233837119943,1527.3868530106129,1584.2646605872774,1540.8455761353298,0.6729361562358417
2023,REG,18,IND,HOU,19.0,23.0,0,1486.3056989426304,1461.851062665007,1474.0578609747247,1474.0989006329128,0.6123918983952884
2023,REG,18,CAR,TB,0.0,9.0,0,1377.0779379066294,1505.8342180886095,1369.1694889810142,1513.7426670142247,0.39542244628076056
2023,REG,18,CIN,CLE,31.0,14.0,1,1546.6486277877686,1540.8540315320038,1554.9164613437838,1532.5861979759886,0.5866083221992393
2023,REG,18,DET,MIN,30.0,20.0,1,1536.2868026740277,1504.3630953053073,1543.8358626168454,1496.8140353624897,0.6225470028591134
2023,REG,18,NE,NYJ,3.0,17.0,0,1444.5526017574427,1434.6688649952746,1432.7065092262644,1446.514957526453,0.5923046265589154
2023,REG,18,NO,ATL,48.0,17.0,1,1495.0532533868784,1450.3768232939187,1502.2605378940375,1443.1695387867596,0.6396357746420436
2023,REG,18,TEN,JAX,28.0,20.0,1,1440.6958128377378,1494.2857573718945,1450.6552284018624,1484.32634180777,0.5020292217937758
2023,REG,18,ARI,SEA,20.0,21.0,0,1417.153929054652,1504.6690762155617,1408.0870675536871,1513.7359377165267,0.4533430750482426
2023,REG,18,GB,CHI,17.0,9.0,1,1518.8776657793549,1443.0620194958394,1525.2808710591805,1436.6588142160138,0.679839736008715
2023,REG,18,LAC,KC,12.0,13.0,0,1452.297013724169,1591.8643740222542,1444.6841015886278,1599.4772861577953,0.38064560677705966
2023,REG,18,LV,DEN,27.0,14.0,1,1474.1309128604057,1470.9931032532547,1482.4730174516342,1462.6509986620263,0.5828947704385744
2023,REG,18,NYG,PHI,27.0,10.0,1,1447.8626722263623,1578.7365814990726,1460.0124323177665,1566.5868214076684,0.39251199542978427
2023,REG,18,SF,LA,20.0,21.0,0,1614.2868424145672,1519.1031557668216,1600.2147311520994,1533.1752670292894,0.7036055631233881
2023,REG,18,WAS,DAL,10.0,38.0,0,1423.8091356794682,1580.1280067656585,1416.6453796695127,1587.291762775614,0.358187800497775
2023,REG,18,MIA,BUF,14.0,21.0,0,1548.765315892224,1583.7134313989295,1538.1888162090115,1594.289931082142,0.5288249841606238
2023,WC,19,HOU,CLE,45.0,14.0,1,1474.0989006329128,1532.5861979759886,1484.1992697482904,1522.485828860611,0.4949815442311233
2023,WC,19,KC,MIA,26.0,7.0,1,1599.4772861577953,1538.1888162090115,1606.2498643522779,1531.416238014529,0.6613710902758676
2023,WC,19,DAL,GB,32.0,48.0,0,1587.291762775614,1525.2808710591805,1574.045726366882,1538.5269074679125,0.6623018204365965
2023,WC,19,DET,LA,24.0,23.0,1,1543.8358626168454,1533.1752670292894,1551.968181273425,1525.0429483727098,0.5933840671710209
2023,WC,19,BUF,PIT,31.0,17.0,1,1594.289931082142,1540.8455761353298,1601.2662138035037,1533.869293413968,0.6511858639319128
2023,WC,19,TB,PHI,32.0,9.0,1,1513.7426670142247,1566.5868214076684,1523.6806175861157,1556.6488708357774,0.5031024714054536
2023,DIV,20,BAL,HOU,34.0,10.0,1,1584.2646605872774,1484.1992697482904,1590.0760159628894,1478.3879143726783,0.7094322312193985
2023,DIV,20,SF,GB,24.0,21.0,1,1600.2147311520994,1538.5269074679125,1606.9770161228678,1531.764622497144,0.6618857514615744
2023,DIV,20,DET,TB,31.0,23.0,1,1551.968181273425,1523.6806175861157,1559.6158603730053,1516.0329384865354,0.6176160450209895
2023,DIV,20,BUF,KC,24.0,27.0,0,1601.2662138035037,1606.2498643522779,1589.836490496267,1617.6795876595145,0.5714861653618305
2023,CON,21,BAL,KC,10.0,17.0,0,1590.0760159628894,1617.6795876595145,1579.289113637901,1628.466489984503,0.5393451162494235
2023,CON,21,SF,DET,34.0,31.0,1,1606.9770161228678,1559.6158603730053,1614.113209536009,1552.479666959864,0.6431903293429434
2023,SB,22,KC,SF,25.0,22.0,1,1628.466489984503,1614.113209536009,1636.4964391247388,1606.083260395773,0.5985025429882098
2024,REG,1,KC,BAL,27.0,20.0,1,1588.7226854310802,1551.5379238646356,1596.1299534185155,1544.1306558772003,0.6296366006282347
2024,REG,1,PHI,GB,34.0,29.0,1,1536.8217660432554,1520.6470046231436,1544.801375922441,1512.667394743958,0.6010195060407277
2024,REG,1,ATL,PIT,10.0,18.0,0,1463.0602002113937,1522.0150407190793,1453.174024755276,1531.901216175197,0.49430877280589464
2024,REG,1,BUF,ARI,34.0,28.0,1,1558.3937188225736,1440.2565939098965,1563.7857012698018,1434.8646114626683,0.7304008776385912
2024,REG,1,CHI,TEN,24.0,17.0,1,1458.828229240409,1467.9258984612106,1467.5146877198197,1459.2394399818,0.5656770760294684
2024,REG,1,CIN,NE,10.0,16.0,0,1535.6956998734595,1456.2592309970719,1522.0085139069927,1469.9464169635387,0.6843592983233446
2024,REG,1,IND,HOU,27.0,29.0,0,1483.137609633571,1485.952144342241,1471.646785668094,1497.4429683077178,0.5745411982738456
2024,REG,1,MIA,JAX,20.0,17.0,1,1520.4205547094439,1489.8121221750505,1528.0052300908196,1482.227446793675,0.6207662309312184
2024,REG,1,NO,CAR,47.0,10.0,1,1501.4693496311243,1414.9601678376591,1507.607604871931,1408.8219125968524,0.6930872379596649
2024,REG,1,NYG,MIN,6.0,28.0,0,1474.0080810065483,1497.9291229856183,1463.1159349928284,1508.8212689993381,0.544607300685991
2024,REG,1,LAC,LV,22.0,10.0,1,1464.0446660326081,1488.6074613435621,1473.1708471474817,1479.4812802286885,0.5436909442563225
2024,REG,1,SEA,DEN,26.0,20.0,1,1508.9283595157424,1475.723149130317,1516.4427820055587,1468.2087266405008,0.6242788755091813
2024,REG,1,CLE,DAL,17.0,33.0,0,1514.6157887593972,1548.1297221384734,1503.9981572100667,1558.747353687804,0.5308815774665233
2024,REG,1,TB,WAS,37.0,20.0,1,1510.421410016248,1445.8194967851832,1517.108818207109,1439.1320885943223,0.6656295904569589
2024,REG,1,DET,LA,26.0,20.0,1,1534.1117835239115,1516.2779164422614,1542.0456342615666,1508.3440657046062,0.6033074631172456
2024,REG,1,SF,NYJ,32.0,19.0,1,1568.9541192572526,1465.2347223921945,1574.6791393333795,1459.5097023160677,0.7137489961936588
2024,REG,2,MIA,BUF,10.0,31.0,0,1528.0052300908196,1563.7857012698018,1517.4526111602474,1574.338320200374,0.5276309465286135
2024,REG,2,BAL,LV,23.0,26.0,0,1544.1306558772003,1479.4812802286885,1530.8168479482877,1492.7950881576012,0.6656903964456306
2024,REG,2,CAR,LAC,3.0,26.0,0,1408.8219125968524,1473.1708471474817,1399.0909316378275,1482.9018281065066,0.4865490479512512
2024,REG,2,DAL,NO,19.0,44.0,0,1558.747353687804,1507.607604871931,1545.7840239020263,1520.5709346577087,0.6481664892888866
2024,REG,2,DET,TB,16.0,20.0,0,1542.0456342615666,1517.108818207109,1529.784623398762,1529.3698290699135,0.6130505431402317
2024,REG,2,GB,IND,16.0,10.0,1,1512.667394743958,1471.646785668094,1519.9719779531438,1464.3422024589083,0.6347708395407194
2024,REG,2,JAX,CLE,13.0,18.0,0,1482.227446793675,1503.9981572100667,1471.2739365387722,1514.9516674649694,0.547675512745141
2024,REG,2,MIN,SF,23.0,17.0,1,1508.8212689993381,1574.6791393333795,1519.1336819291807,1564.3667264035369,0.48437935350787564
2024,REG,2,NE,SEA,20.0,23.0,0,1469.9464169635387,1516.4427820055587,1459.7017115362755,1526.6874874328219,0.5122352713631563
2024,REG,2,TEN,NYJ,17.0,24.0,0,1459.2394399818,1459.5097023160677,1447.6770929121403,1471.0720493857273,0.5781173534829778
2024,REG,2,WAS,NYG,21.0,18.0,1,1439.1320885943223,1463.1159349928284,1448.2417358784219,1454.006287708729,0.5445176357950245
2024,REG,2,ARI,LA,41.0,10.0,1,1434.8646114626683,1508.3440657046062,1445.3959919174442,1497.8126852498303,0.4734309772612032
2024,REG,2,DEN,PIT,6.0,13.0,0,1468.2087266405008,1531.901216175197,1458.458864411714,1541.6510784039838,0.48749311143933527
2024,REG,2,KC,CIN,26.0,25.0,1,1596.1299534185155,1522.0085139069927,1602.5756876831108,1515.5627796423973,0.6777132867702307
2024,REG,2,HOU,CHI,19.0,13.0,1,1497.4429683077178,1467.5146877198197,1505.0460866890983,1459.9115693384392,0.6198440809309745
2024,REG,2,PHI,ATL,21.0,22.0,0,1544.801375922441,1453.174024755276,1530.8150052573098,1467.160395420407,0.6993185332565488
2024,REG,3,NYJ,NE,24.0,3.0,1,1471.0720493857273,1459.7017115362755,1479.1846601416937,1451.589100780309,0.5943694622016755
2024,REG,3,CLE,NYG,15.0,21.0,0,1514.9516674649694,1454.006287708729,1501.7330948088886,1467.2248603648097,0.6609286328040366
2024,REG,3,IND,CHI,21.0,16.0,1,1464.3422024589083,1459.9115693384392,1472.648141848746,1451.6056299486015,0.5847030305081191
2024,REG,3,MIN,HOU,34.0,7.0,1,1519.1336819291807,1505.0460866890983,1527.170982421367,1497.008786196912,0.598134975390693
2024,REG,3,NO,PHI,12.0,15.0,0,1520.5709346577087,1530.8150052573098,1509.2898338522486,1542.0961060627699,0.5640550402730002
2024,REG,3,PIT,LAC,20.0,10.0,1,1541.6510784039838,1482.9018281065066,1548.4892821632586,1476.0636243472318,0.6580898120362618
2024,REG,3,TB,DEN,7.0,26.0,0,1529.3698290699135,1458.458864411714,1515.8965586074576,1471.93213487417,0.6736635231227965
2024,REG,3,TEN,GB,14.0,30.0,0,1447.6770929121403,1519.9719779531438,1438.1744689671273,1529.4746018981568,0.47513119725064773
2024,REG,3,LV,CAR,22.0,36.0,0,1492.7950881576012,1399.0909316378275,1478.758561319448,1413.1274584759806,0.7018263419076547
2024,REG,3,SEA,MIA,24.0,3.0,1,1526.6874874328219,1517.4526111602474,1534.8594403295067,1509.2806582635626,0.5914023551657533
2024,REG,3,ARI,DET,13.0,20.0,0,1445.3959919174442,1529.784623398762,1436.2398530750734,1538.940762241133,0.4578069421185446
2024,REG,3,DAL,BAL,25.0,28.0,0,1545.7840239020263,1530.8168479482877,1533.7969954013233,1542.8038764489906,0.5993514250351455
2024,REG,3,LA,SF,27.0,24.0,1,1497.8126852498303,1564.3667264035369,1508.1451147498744,1554.0342969034928,0.48337852499779055
2024,REG,3,ATL,KC,17.0,22.0,0,1467.160395420407,1602.5756876831108,1459.4344698292562,1610.3016132742616,0.38629627955754237
2024,REG,3,BUF,JAX,47.0,10.0,1,1574.338320200374,1471.2739365387722,1580.0787600474791,1465.533496691667,0.7129780076447494
2024,REG,3,CIN,WAS,33.0,38.0,0,1515.5627796423973,1448.2417358784219,1502.180694539103,1461.6238209817163,0.6691042551647242
2024,REG,4,NYG,DAL,15.0,20.0,0,1467.2248603648097,1533.7969954013233,1457.5578100722482,1543.4640456938848,0.48335251462807405
2024,REG,4,ATL,NO,26.0,24.0,1,1459.4344698292562,1509.2898338522486,1469.2864061242437,1499.437897557261,0.5074031852506249
2024,REG,4,CAR,CIN,24.0,34.0,0,1413.1274584759806,1502.180694539103,1404.104462846981,1511.2036901681024,0.45114978144997103
2024,REG,4,CHI,LA,24.0,18.0,1,1451.6056299486015,1508.1451147498744,1461.6499395930432,1498.1008051054328,0.49778451777791555
2024,REG,4,GB,MIN,29.0,31.0,0,1529.4746018981568,1527.170982421367,1517.8400657240054,1538.8055185955184,0.5817268087075758
2024,REG,4,HOU,JAX,24.0,20.0,1,1497.008786196912,1465.533496691667,1504.5699811677694,1457.9723017208098,0.6219402514571364
2024,REG,4,IND,PIT,27.0,24.0,1,1472.648141848746,1548.4892821632586,1483.247279637834,1537.8901443741706,0.47004311054560177
2024,REG,4,NYJ,DEN,9.0,10.0,0,1479.1846601416937,1471.93213487417,1467.411819975696,1483.7049750401677,0.5886420082998772
2024,REG,4,TB,PHI,33.0,16.0,1,1515.8965586074576,1542.0961060627699,1525.069508433243,1532.9231562369844,0.5413525087107286
2024,REG,4,ARI,WAS,14.0,42.0,0,1436.2398530750734,1461.6238209817163,1425.3894937694106,1472.474180287379,0.5425179652831416
2024,REG,4,SF,NE,30.0,13.0,1,1554.0342969034928,1451.589100780309,1559.7893359337627,1445.8340617500392,0.7122480484865029
2024,REG,4,LAC,KC,10.0,17.0,0,1476.0636243472318,1610.3016132742616,1468.305540945406,1618.0596966760875,0.3879041700912929
2024,REG,4,LV,CLE,20.0,16.0,1,1478.758561319448,1501.7330948088886,1487.839396066581,1492.6522600617557,0.5459582626433545
2024,REG,4,BAL,BUF,35.0,10.0,1,1542.8038764489906,1580.0787600474791,1552.294148740657,1570.5884877558128,0.5254863854166847
2024,REG,4,MIA,TEN,12.0,31.0,0,1509.2806582635626,1438.1744689671273,1495.8024476051412,1451.6526796255487,0.6739105329210676
2024,REG,4,DET,SEA,42.0,29.0,1,1538.940762241133,1534.8594403295067,1547.2564687425859,1526.5437338280537,0.5842146749273469
2024,REG,5,ATL,TB,36.0,30.0,1,1469.2864061242437,1525.069508433243,1479.3089455823622,1515.0469689751246,0.49887302709407927
2024,REG,5,MIN,NYJ,23.0,17.0,1,1538.8055185955184,1467.411819975696,1545.3200359758212,1460.8973025953933,0.674274130984858
2024,REG,5,CHI,CAR,36.0,10.0,1,1461.6499395930432,1404.104462846981,1468.5193611298387,1397.2350413101856,0.6565289231602272
2024,REG,5,CIN,BAL,38.0,41.0,0,1511.2036901681024,1552.294148740657,1500.8035551386713,1562.694283770088,0.5200067514715532
2024,REG,5,HOU,BUF,23.0,20.0,1,1504.5699811677694,1570.5884877558128,1514.8870130010093,1560.2714559225728,0.4841484083379977
2024,REG,5,JAX,IND,37.0,34.0,1,1457.9723017208098,1483.247279637834,1467.1188281981308,1474.100753160513,0.542673676133949
2024,REG,5,NE,MIA,10.0,15.0,0,1445.8340617500392,1495.8024476051412,1435.6892503772422,1505.9472589779382,0.5072405686398448
2024,REG,5,WAS,CLE,34.0,13.0,1,1472.474180287379,1492.6522600617557,1481.4752673658897,1483.651172983245,0.5499456460744662
2024,REG,5,DEN,LV,34.0,18.0,1,1483.7049750401677,1487.839396066581,1492.2513169916656,1479.2930541150831,0.5726829024251104
2024,REG,5,SF,ARI,23.0,24.0,0,1559.7893359337627,1425.3894937694106,1544.820672917071,1440.3581567861022,0.7484331508345771
2024,REG,5,LA,GB,19.0,24.0,0,1498.1008051054328,1517.8400657240054,1487.0893895652553,1528.851481264183,0.550570777008879
2024,REG,5,SEA,NYG,20.0,29.0,0,1526.5437338280537,1457.5578100722482,1513.119279842542,1470.98226405776,0.6712226992755806
2024,REG,5,PIT,DAL,17.0,20.0,0,1537.8901443741706,1543.4640456938848,1526.4770666076333,1554.8771234604221,0.5706538883268667
2024,REG,5,KC,NO,26.0,13.0,1,1618.0596966760875,1499.437897557261,1623.4406982723847,1494.0568959609639,0.7309499201851414
2024,REG,6,SEA,SF,24.0,36.0,0,1513.119279842542,1544.820672917071,1502.4496954096621,1555.490257349951,0.5334792216439924
2024,REG,6,CHI,JAX,35.0,16.0,1,1468.5193611298387,1467.1188281981308,1476.9101341167768,1458.7280552111927,0.5804613506530925
2024,REG,6,BAL,WAS,30.0,23.0,1,1562.694283770088,1481.4752673658897,1568.9628512566806,1475.2066998792973,0.6865716256703712
2024,REG,6,GB,ARI,34.0,13.0,1,1528.851481264183,1440.3581567861022,1534.9412523305537,1434.2683857197314,0.6955114466814608
2024,REG,6,NE,HOU,21.0,41.0,0,1435.6892503772422,1514.8870130010093,1426.384594039945,1524.1916693383066,0.46523281686486645
2024,REG,6,NO,TB,27.0,51.0,0,1494.0568959609639,1515.0469689751246,1483.0811262417913,1526.0227386942972,0.5487884859586262
2024,REG,6,PHI,CLE,20.0,16.0,1,1532.9231562369844,1483.651172983245,1540.0089421180041,1476.5653871022253,0.6457107059490081
2024,REG,6,TEN,IND,17.0,20.0,0,1451.6526796255487,1474.100753160513,1440.7184917610914,1485.0349410249703,0.5467093932228685
2024,REG,6,DEN,LAC,16.0,23.0,0,1492.2513169916656,1468.305540945406,1480.0173897299812,1480.5394682070903,0.6116963630842204
2024,REG,6,LV,PIT,13.0,32.0,0,1479.2930541150831,1526.4770666076333,1469.0681298530005,1536.701990869716,0.5112462131041331
2024,REG,6,CAR,ATL,20.0,38.0,0,1397.2350413101856,1479.3089455823622,1388.0127174577185,1488.5312694348293,0.4611161926233571
2024,REG,6,DAL,DET,9.0,47.0,0,1554.8771234604221,1547.2564687425859,1543.0940226246084,1559.0395695783996,0.589155041790689
2024,REG,6,NYG,CIN,7.0,17.0,0,1470.98226405776,1500.8035551386713,1460.2588285925206,1511.5269906039107,0.5361717732619741
2024,REG,6,NYJ,BUF,20.0,23.0,0,1460.8973025953933,1560.2714559225728,1452.1675938285427,1569.0011646894234,0.4364854383425257
2024,REG,7,NO,DEN,10.0,33.0,0,1483.0811262417913,1480.0173897299812,1471.425304300959,1491.6732116708135,0.5827910970416142
2024,REG,7,JAX,NE,32.0,16.0,1,1458.7280552111927,1426.384594039945,1466.265762783266,1418.8468864678716,0.6231146213963372
2024,REG,7,ATL,SEA,14.0,34.0,0,1488.5312694348293,1502.4496954096621,1477.3543266180438,1513.6266382264475,0.5588471408392732
2024,REG,7,BUF,TEN,34.0,10.0,1,1569.0011646894234,1440.7184917610914,1574.166257690667,1435.5533987598478,0.7417453499378265
2024,REG,7,CLE,CIN,14.0,21.0,0,1476.5653871022253,1511.5269906039107,1465.9892743453386,1522.1031033607974,0.5288056378443361
2024,REG,7,GB,HOU,24.0,22.0,1,1534.9412523305537,1524.1916693383066,1543.0710991848855,1516.0618224839748,0.5935076572834084
2024,REG,7,IND,MIA,16.0,10.0,1,1485.0349410249703,1505.9472589779382,1494.0569546919917,1496.9252453109168,0.5488993166489335
2024,REG,7,MIN,DET,29.0,31.0,0,1545.3200359758212,1559.0395695783996,1534.1374482539327,1570.222157300288,0.5591293860944216
2024,REG,7,NYG,PHI,3.0,28.0,0,1460.2588285925206,1540.0089421180041,1450.969991563079,1549.2977791474457,0.46444185147207523
2024,REG,7,LA,LV,20.0,15.0,1,1487.0893895652553,1469.0681298530005,1495.0180775363128,1461.139441881943,0.6035656014471186
2024,REG,7,WAS,CAR,40.0,7.0,1,1475.2066998792973,1388.0127174577185,1481.328197139211,1381.8912201978048,0.6939251370043171
2024,REG,7,SF,KC,18.0,28.0,0,1555.490257349951,1623.4406982723847,1545.862828471216,1633.0681271511196,0.4813714439367407
2024,REG,7,PIT,NYJ,37.0,15.0,1,1536.701990869716,1452.1675938285427,1542.888714426781,1445.9808702714777,0.6906638221467495
2024,REG,7,TB,BAL,31.0,41.0,0,1526.0227386942972,1568.9628512566806,1515.6757665715115,1579.3098233794663,0.5173486061392895
2024,REG,7,ARI,LAC,17.0,15.0,1,1434.2683857197314,1480.5394682070903,1444.017200125806,1470.7906538010157,0.512559279696265
2024,REG,8,LA,MIN,30.0,20.0,1,1495.0180775363128,1534.1374482539327,1504.5613143337305,1524.594211456515,0.5228381601291134
2024,REG,8,CIN,PHI,17.0,37.0,0,1522.1031033607974,1549.2977791474457,1511.3045060292116,1560.0963764790315,0.5399298665792878
2024,REG,8,CLE,BAL,29.0,24.0,1,1465.9892743453386,1579.3098233794663,1477.652284403133,1567.6468133216717,0.41684949711027225
2024,REG,8,DET,TEN,52.0,14.0,1,1570.222157300288,1435.5533987598478,1575.2476673201293,1430.5278887400066,0.7487244990079387
2024,REG,8,HOU,IND,23.0,20.0,1,1516.0618224839748,1494.0569546919917,1523.8810369723783,1486.2377402035881,0.6090392755798196
2024,REG,8,JAX,GB,27.0,30.0,0,1466.265762783266,1543.0710991848855,1456.8925480790656,1552.4443138890858,0.46866073521001883
2024,REG,8,MIA,ARI,27.0,28.0,0,1496.9252453109168,1444.017200125806,1483.915559491692,1457.026885945031,0.6504842909612414
2024,REG,8,NE,NYJ,25.0,22.0,1,1418.8468864678716,1445.9808702714777,1428.046553445531,1436.7812032938184,0.5400166511170341
2024,REG,8,TB,ATL,26.0,31.0,0,1515.6757665715115,1477.3543266180438,1503.052543567744,1489.9775496218115,0.631161150188381
2024,REG,8,LAC,NO,26.0,8.0,1,1470.7906538010157,1471.425304300959,1479.2385403359729,1462.9774177660017,0.5776056732521399
2024,REG,8,SEA,BUF,10.0,31.0,0,1513.6266382264475,1574.166257690667,1503.7860677815572,1584.0068281355573,0.49202852224451205
2024,REG,8,DEN,CAR,28.0,14.0,1,1491.6732116708135,1381.8912201978048,1497.256696260739,1376.3077356078793,0.7208257705037248
2024,REG,8,LV,KC,20.0,27.0,0,1461.139441881943,1633.0681271511196,1454.3833613456027,1639.8242076874599,0.3378040268170193
2024,REG,8,WAS,CHI,18.0,15.0,1,1481.328197139211,1476.9101341167768,1489.634487944721,1468.6038433112667,0.5846854597244985
2024,REG,8,SF,DAL,30.0,24.0,1,1545.862828471216,1543.0940226246084,1554.2152637349398,1534.7415873608848,0.5823782368138107
2024,REG,8,PIT,NYG,26.0,18.0,1,1542.888714426781,1450.969991563079,1548.895292456867,1444.963413532993,0.6996710984956998
2024,REG,9,NYJ,HOU,21.0,13.0,1,1436.7812032938184,1523.8810369723783,1447.702490880068,1512.9597493861288,0.45393562068752225
2024,REG,9,ATL,DAL,27.0,21.0,1,1489.9775496218115,1534.7415873608848,1499.6830201554899,1525.0361168272063,0.5147264733160759
2024,REG,9,BAL,DEN,41.0,10.0,1,1567.6468133216717,1497.256696260739,1574.1867324364362,1490.7167771459747,0.6730040442617795
2024,REG,9,BUF,MIA,30.0,27.0,1,1584.0068281355573,1483.915559491692,1589.8175693845371,1478.104818242712,0.7094629375510091
2024,REG,9,CAR,NO,23.0,22.0,1,1376.3077356078793,1462.9774177660017,1387.2167461283107,1452.0684072455704,0.4545494739784347
2024,REG,9,CIN,LV,41.0,24.0,1,1511.3045060292116,1454.3833613456027,1518.190145266773,1447.4977221080412,0.6557180381219254
2024,REG,9,CLE,LAC,10.0,27.0,0,1477.652284403133,1479.2385403359729,1466.1269118190282,1490.7639129200777,0.5762686292052465
2024,REG,9,NYG,WAS,22.0,27.0,0,1444.963413532993,1489.634487944721,1434.6662107092618,1499.9316907684522,0.5148601411865539
2024,REG,9,TEN,NE,20.0,17.0,1,1430.5278887400066,1428.046553445531,1438.8883745699052,1419.6860676156323,0.5819757085050706
2024,REG,9,ARI,CHI,29.0,9.0,1,1457.026885945031,1468.6038433112667,1465.783537443483,1459.8471918128146,0.5621674250773966
2024,REG,9,PHI,JAX,28.0,23.0,1,1560.0963764790315,1456.8925480790656,1565.8335315568606,1451.1553930012365,0.7131422461085388
2024,REG,9,GB,DET,14.0,24.0,0,1552.4443138890858,1575.2476673201293,1541.520263525845,1586.1717176833702,0.5462025181620394
2024,REG,9,SEA,LA,20.0,26.0,0,1503.7860677815572,1504.5613143337305,1492.2379037572466,1516.109478358041,0.5774082012155339
2024,REG,9,MIN,IND,21.0,13.0,1,1524.594211456515,1486.2377402035881,1531.9700495786224,1478.8619020814808,0.631208093894634
2024,REG,9,KC,TB,30.0,24.0,1,1639.8242076874599,1503.052543567744,1644.8043061155859,1498.072445139618,0.7509950785937018
2024,REG,10,BAL,CIN,35.0,34.0,1,1574.1867324364362,1518.190145266773,1581.0964213967643,1511.2804563064449,0.6545155519835927
2024,REG,10,CAR,NYG,20.0,17.0,1,1387.2167461283107,1434.6662107092618,1396.999458455936,1424.8834983816364,0.5108643836187327
2024,REG,10,CHI,NE,3.0,19.0,0,1459.8471918128146,1419.6860676156323,1447.1747309651146,1432.3585284633323,0.6336230423850037
2024,REG,10,IND,BUF,20.0,30.0,0,1478.8619020814808,1589.8175693845371,1470.458653849432,1598.220817616586,0.42016241160243695
2024,REG,10,JAX,MIN,7.0,12.0,0,1451.1553930012365,1531.9700495786224,1441.8970342844973,1541.2284082953615,0.4629179358369591
2024,REG,10,KC,DEN,16.0,14.0,1,1644.8043061155859,1490.7167771459747,1649.4209982072716,1486.100085054289,0.7691653954157084
2024,REG,10,NO,ATL,20.0,17.0,1,1452.0684072455704,1499.6830201554899,1461.855870728671,1489.8955566723891,0.5106268258449589
2024,REG,10,TB,SF,20.0,23.0,0,1498.072445139618,1554.2152637349398,1488.1053379842601,1564.1823708902975,0.4983553577678913
2024,REG,10,WAS,PIT,27.0,28.0,0,1499.9316907684522,1548.895292456867,1489.757966738682,1559.0690164866373,0.508686201488516
2024,REG,10,LAC,TEN,27.0,17.0,1,1490.7639129200777,1438.8883745699052,1497.7812772382567,1431.8710102517261,0.6491317840910474
2024,REG,10,ARI,NYJ,31.0,6.0,1,1465.783537443483,1447.702490880068,1473.710578497582,1439.775449825969,0.60364794729505
2024,REG,10,DAL,PHI,6.0,34.0,0,1525.0361168272063,1565.8335315568606,1514.6275611084418,1576.2420872756252,0.5204277859382267
2024,REG,10,HOU,DET,23.0,26.0,0,1512.9597493861288,1586.1717176833702,1503.483452402888,1595.648014666611,0.47381484916204625
2024,REG,10,LA,MIA,15.0,23.0,0,1516.109478358041,1478.104818242712,1503.494747626525,1490.7195489742282,0.6307365365758071
2024,REG,11,PHI,WAS,26.0,18.0,1,1576.2420872756252,1489.757966738682,1582.3809562833574,1483.6190977309498,0.6930565496133896
2024,REG,11,CHI,GB,19.0,20.0,0,1447.1747309651146,1541.520263525845,1438.3023700515105,1550.392624439449,0.4436180456802013
2024,REG,11,DET,JAX,52.0,6.0,1,1595.648014666611,1441.8970342844973,1600.271589801704,1437.2734591494043,0.7688212432453505
2024,REG,11,MIA,LV,34.0,19.0,1,1490.7195489742282,1447.4977221080412,1497.9654799841244,1440.251791098145,0.6377034495051893
2024,REG,11,NE,LA,22.0,28.0,0,1432.3585284633323,1503.494747626525,1422.822632538051,1513.0306435518062,0.4767947962640614
2024,REG,11,NO,CLE,35.0,14.0,1,1461.855870728671,1466.1269118190282,1470.4060620484886,1457.5767204992108,0.5724904340091261
2024,REG,11,NYJ,IND,27.0,28.0,0,1439.775449825969,1470.458653849432,1429.0766967543993,1481.1574069210017,0.5349376535784759
2024,REG,11,PIT,BAL,18.0,16.0,1,1559.0690164866373,1581.0964213967643,1568.1228278348988,1572.0426100485029,0.5473094325869305
2024,REG,11,TEN,MIN,13.0,23.0,0,1431.8710102517261,1541.2284082953615,1423.4229003680605,1549.6765181790272,0.4224054941832833
2024,REG,11,DEN,ATL,38.0,6.0,1,1486.100085054289,1489.8955566723891,1494.63687876555,1481.3587629611281,0.5731603144369485
2024,REG,11,SF,SEA,17.0,20.0,0,1564.1823708902975,1492.2379037572466,1550.6829694227483,1505.7373052247958,0.6749700733774555
2024,REG,11,BUF,KC,30.0,21.0,1,1598.220817616586,1649.4209982072716,1608.1114543828626,1639.530361440995,0.5054681616861719
2024,REG,11,LAC,CIN,34.0,27.0,1,1497.7812772382567,1511.2804563064449,1506.5924363710103,1502.4692971736913,0.5594420433623223
2024,REG,11,DAL,HOU,10.0,34.0,0,1514.6275611084418,1503.483452402888,1502.7464520819995,1515.3645614293303,0.5940554513221195
2024,REG,12,CLE,PIT,24.0,19.0,1,1457.5767204992108,1568.1228278348988,1469.1619825772625,1556.537565756847,0.42073689609741416
2024,REG,12,CAR,KC,27.0,30.0,0,1396.999458455936,1639.530361440995,1391.927500959287,1644.602318937644,0.2535978748324463
2024,REG,12,CHI,MIN,27.0,30.0,0,1438.3023700515105,1549.6765181790272,1429.9108573057404,1558.0680309247973,0.4195756372885051
2024,REG,12,HOU,TEN,27.0,32.0,0,1515.3645614293303,1423.4229003680605,1501.3705845468066,1437.416877250584,0.699698844126183
2024,REG,12,IND,DET,6.0,24.0,0,1481.1574069210017,1600.271589801704,1472.9820960632471,1608.4469006594586,0.4087655428877239
2024,REG,12,MIA,NE,34.0,15.0,1,1497.9654799841244,1422.822632538051,1504.3855565019487,1416.4025560202267,0.6789961741087823
2024,REG,12,NYG,TB,7.0,30.0,0,1424.8834983816364,1488.1053379842601,1415.1200977842482,1497.8687385816484,0.48817002986940844
2024,REG,12,WAS,DAL,26.0,34.0,0,1483.6190977309498,1502.7464520819995,1472.590253400042,1513.7752964129072,0.5514422165453903
2024,REG,12,LV,DEN,19.0,29.0,0,1440.251791098145,1494.63687876555,1430.234092516993,1504.654577346702,0.5008849290575974
2024,REG,12,GB,SF,38.0,10.0,1,1550.392624439449,1550.6829694227483,1558.8308412908063,1542.244752571391,0.5780891574321333
2024,REG,12,SEA,ARI,16.0,6.0,1,1505.7373052247958,1473.710578497582,1513.2835783536002,1466.1643053687776,0.6226863435597789
2024,REG,12,LA,PHI,20.0,37.0,0,1513.0306435518062,1582.3809562833574,1503.4434440374612,1591.9681557977024,0.47935997571724737
2024,REG,12,LAC,BAL,23.0,30.0,0,1506.5924363710103,1572.0426100485029,1496.8931258764476,1581.7419205430656,0.48496552472813353
2024,REG,13,DET,CHI,23.0,20.0,1,1608.4469006594586,1429.9108573057404,1612.5828407013519,1425.774917263847,0.7932029979053412
2024,REG,13,DAL,NYG,27.0,20.0,1,1513.7752964129072,1415.1200977842482,1519.6201760289912,1409.2752181681642,0.7077560191958024
2024,REG,13,GB,MIA,30.0,17.0,1,1558.8308412908063,1504.3855565019487,1565.7809717645337,1497.4354260282214,0.652493476313631
2024,REG,13,KC,LV,19.0,17.0,1,1644.602318937644,1430.234092516993,1648.1022879136008,1426.7341235410363,0.8250015512021627
2024,REG,13,ATL,LAC,13.0,17.0,0,1481.3587629611281,1496.8931258764476,1470.2277110785456,1508.0241777590302,0.556552594129128
2024,REG,13,CIN,PIT,38.0,44.0,0,1502.4692971736913,1556.537565756847,1492.4424798520902,1566.5643830784481,0.5013408660800603
2024,REG,13,JAX,HOU,20.0,23.0,0,1437.2734591494043,1501.3705845468066,1427.5352356456187,1511.1088080505922,0.48691117518927823
2024,REG,13,MIN,ARI,23.0,22.0,1,1558.0680309247973,1466.1643053687776,1564.0749717801666,1460.1573645134083,0.6996529572315365
2024,REG,13,NE,IND,24.0,25.0,0,1416.4025560202267,1472.9820960632471,1406.448018523971,1482.9366335595028,0.49772687481278
2024,REG,13,NYJ,SEA,21.0,26.0,0,1429.0766967543993,1513.2835783536002,1419.915363752431,1522.4449113555686,0.4580666500984248
2024,REG,13,WAS,TEN,42.0,19.0,1,1472.590253400042,1437.416877250584,1480.0516026125383,1429.9555280380878,0.6269325393751867
2024,REG,13,CAR,TB,23.0,26.0,0,1391.927500959287,1497.8687385816484,1383.3832905552483,1506.412948985687,0.42721052020194084
2024,REG,13,NO,LA,14.0,21.0,0,1470.4060620484886,1503.4434440374612,1459.774767736804,1514.0747383491457,0.5315647155842262
2024,REG,13,BAL,PHI,19.0,24.0,0,1581.7419205430656,1591.9681557977024,1570.4603148235094,1603.2497615172585,0.5640802859778068
2024,REG,13,BUF,SF,35.0,10.0,1,1608.1114543828626,1542.244752571391,1614.766492866638,1535.5897140876157,0.6672480758112364
2024,REG,13,DEN,CLE,41.0,32.0,1,1504.654577346702,1469.1619825772625,1512.1073328494215,1461.709227074543,0.6273622248640243
2024,REG,14,DET,GB,34.0,31.0,1,1612.5828407013519,1565.7809717645337,1619.733818261666,1558.6299942042194,0.6424511219842832
2024,REG,14,MIA,NYJ,32.0,26.0,1,1497.4354260282214,1419.915363752431,1503.795996318463,1413.5547934621893,0.6819714854879229
2024,REG,14,MIN,ATL,42.0,21.0,1,1564.0749717801666,1470.2277110785456,1570.0349977558951,1464.267685102817,0.7019987012135761
2024,REG,14,NYG,NO,11.0,14.0,0,1409.2752181681642,1459.774767736804,1399.145692036497,1469.9042938684713,0.5064763065833611
2024,REG,14,PHI,CAR,22.0,16.0,1,1603.2497615172585,1383.3832905552483,1606.659278466818,1379.9737736056888,0.8295241525220295
2024,REG,14,PIT,CLE,27.0,14.0,1,1566.5643830784481,1461.709227074543,1572.262724960826,1456.010885192165,0.7150829058811007
2024,REG,14,TB,LV,28.0,13.0,1,1506.412948985687,1426.7341235410363,1512.7197373414708,1420.4273351852526,0.684660582210815
2024,REG,14,TEN,JAX,6.0,10.0,0,1429.9555280380878,1427.5352356456187,1418.3177236460783,1439.1730400376282,0.5818902196004732
2024,REG,14,ARI,SEA,18.0,30.0,0,1460.1573645134083,1522.4449113555686,1450.3670862168983,1532.2351896520786,0.4895139148254952
2024,REG,14,LA,BUF,44.0,42.0,1,1514.0747383491457,1614.766492866638,1525.3823230979792,1603.4589081178044,0.4346207625583214
2024,REG,14,SF,CHI,38.0,13.0,1,1535.5897140876157,1425.774917263847,1541.172438670006,1420.1921926814568,0.7208637708804844
2024,REG,14,KC,LAC,19.0,17.0,1,1648.1022879136008,1508.0241777590302,1653.011541327617,1503.114924345014,0.7545373292991994
2024,REG,14,DAL,CIN,20.0,27.0,0,1519.6201760289912,1492.4424798520902,1507.2980546493902,1504.7646012316911,0.616106068980045
2024,REG,15,SF,LA,6.0,12.0,0,1541.172438670006,1525.3823230979792,1529.1626700025934,1537.3920917653918,0.6004884333706233
2024,REG,15,CAR,DAL,14.0,30.0,0,1379.9737736056888,1507.2980546493902,1372.025877689643,1515.245950565436,0.3973947958022945
2024,REG,15,CLE,KC,7.0,21.0,0,1456.010885192165,1653.011541327617,1449.8846595717907,1659.1377669479912,0.30631128101871463
2024,REG,15,HOU,MIA,20.0,12.0,1,1511.1088080505922,1503.795996318463,1519.3342872885523,1495.570517080503,0.5887260381019955
2024,REG,15,JAX,NYJ,25.0,32.0,0,1439.1730400376282,1413.5547934621893,1426.8934269583758,1425.8344065414417,0.6139806539626175
2024,REG,15,NO,WAS,19.0,20.0,0,1469.9042938684713,1480.0516026125383,1458.620453839189,1491.3354426418207,0.5641920014641224
2024,REG,15,NYG,BAL,14.0,35.0,0,1399.145692036497,1570.4603148235094,1392.3737881576167,1577.2322187023897,0.33859519394401505
2024,REG,15,TEN,CIN,27.0,37.0,0,1418.3177236460783,1504.7646012316911,1409.2203739547638,1513.8619509230057,0.45486748456573045
2024,REG,15,ARI,NE,30.0,17.0,1,1450.3670862168983,1406.448018523971,1457.5944814445024,1399.220623296367,0.6386302386197951
2024,REG,15,DEN,IND,31.0,13.0,1,1512.1073328494215,1482.9366335595028,1519.7310141847538,1475.3129522241704,0.6188159332333785
2024,REG,15,DET,BUF,42.0,48.0,0,1619.733818261666,1603.4589081178044,1607.7106634534123,1615.4820629260582,0.6011577404126935
2024,REG,15,LAC,TB,17.0,40.0,0,1503.114924345014,1512.7197373414708,1491.8157304849767,1524.0189312015082,0.5649596930018707
2024,REG,15,PHI,PIT,27.0,13.0,1,1606.659278466818,1572.262724960826,1614.1415573120587,1564.7804461155854,0.6258860577379614
2024,REG,15,SEA,GB,13.0,30.0,0,1532.2351896520786,1558.6299942042194,1521.413721246583,1569.451462609715,0.5410734202747829
2024,REG,15,MIN,CHI,30.0,12.0,1,1570.0349977558951,1420.1921926814568,1574.7390271567247,1415.4881632806273,0.764798529958527
2024,REG,15,LV,ATL,9.0,15.0,0,1420.4273351852526,1464.267685102817,1410.1062450512982,1474.5887752367714,0.5160545066977245
2024,REG,16,LAC,DEN,34.0,27.0,1,1491.8157304849767,1519.7310141847538,1501.0377450250567,1510.5089996446736,0.5388992729959966
2024,REG,16,KC,HOU,27.0,19.0,1,1659.1377669479912,1519.3342872885523,1664.0528787123858,1514.4191755241577,0.7542444117802709
2024,REG,16,BAL,PIT,34.0,17.0,1,1577.2322187023897,1564.7804461155854,1585.3148297745638,1556.6978350434113,0.5958694463912934
2024,REG,16,ATL,NYG,34.0,7.0,1,1474.5887752367714,1392.3737881576167,1480.8326941994826,1386.1298691949055,0.687804051864444
2024,REG,16,CAR,ARI,36.0,30.0,1,1372.025877689643,1457.5944814445024,1382.903449542109,1446.7169095920365,0.45612140737670737
2024,REG,16,CHI,DET,17.0,34.0,0,1415.4881632806273,1607.7106634534123,1409.2444300525779,1613.9543966814617,0.31218666140247664
2024,REG,16,CIN,CLE,24.0,6.0,1,1513.8619509230057,1449.8846595717907,1520.5653739165427,1443.1812365782537,0.6648288503231495
2024,REG,16,IND,TEN,38.0,30.0,1,1475.3129522241704,1409.2203739547638,1481.9622181264488,1402.5711080524854,0.6675367048860794
2024,REG,16,NYJ,LA,9.0,19.0,0,1425.8344065414417,1537.3920917653918,1417.4480393066012,1545.7784590002323,0.4193183617420193
2024,REG,16,WAS,PHI,36.0,33.0,1,1491.3354426418207,1614.1415573120587,1503.262653484429,1602.2143464694504,0.4036394578695862
2024,REG,16,SEA,MIN,24.0,27.0,0,1521.413721246583,1574.7390271567247,1511.3655200493004,1584.7872283540073,0.5024100598641333
2024,REG,16,BUF,NE,24.0,21.0,1,1615.4820629260582,1399.220623296367,1618.9506749115046,1395.7520113109206,0.8265694007276841
2024,REG,16,LV,JAX,19.0,14.0,1,1410.1062450512982,1426.8934269583758,1419.0108052724577,1417.9888667372163,0.554771988942021
2024,REG,16,MIA,SF,29.0,17.0,1,1495.570517080503,1529.1626700025934,1504.955128313586,1519.7780587695102,0.5307694383458429
2024,REG,16,DAL,TB,26.0,24.0,1,1515.245950565436,1524.0189312015082,1523.923226128874,1515.3416556380703,0.5661362218280999
2024,REG,16,GB,NO,34.0,0.0,1,1569.451462609715,1458.620453839189,1575.010675850575,1453.061240598329,0.722039337957001
2024,REG,17,PIT,KC,10.0,29.0,0,1556.6978350434113,1664.0528787123858,1548.19343103952,1672.557282716277,0.4252202001945688
2024,REG,17,HOU,BAL,2.0,31.0,0,1514.4191755241577,1585.3148297745638,1504.876370276991,1594.8576350217304,0.4771402623583349
2024,REG,17,CHI,SEA,3.0,6.0,0,1409.2444300525779,1511.3655200493004,1400.5924290198136,1520.0175210820646,0.4326000516382106
2024,REG,17,NE,LAC,7.0,40.0,0,1395.7520113109206,1501.0377450250567,1387.1893287871262,1509.600427548851,0.4281341261897207
2024,REG,17,CIN,DEN,30.0,24.0,1,1520.5653739165427,1510.5089996446736,1528.7144822622445,1502.359891298972,0.5925445827149076
2024,REG,17,LA,ARI,13.0,9.0,1,1545.7784590002323,1446.7169095920365,1551.6136668735883,1440.8817017186805,0.708239606332203
2024,REG,17,BUF,NYJ,40.0,14.0,1,1618.9506749115046,1417.4480393066012,1622.6696631231134,1413.7290510949924,0.8140505894195594
2024,REG,17,JAX,TEN,20.0,13.0,1,1417.9888667372163,1402.5711080524854,1425.9893846845698,1394.570590105132,0.5999741026323293
2024,REG,17,NO,LV,10.0,25.0,0,1453.061240598329,1419.0108052724577,1440.5528523749776,1431.519193495809,0.6254194111675693
2024,REG,17,NYG,IND,45.0,33.0,1,1386.1298691949055,1481.9622181264488,1397.29973750462,1470.7923498167343,0.4415065845142699
2024,REG,17,PHI,DAL,41.0,7.0,1,1602.2143464694504,1523.923226128874,1608.5556790349365,1517.581893563388,0.6829333717257017
2024,REG,17,TB,CAR,48.0,14.0,1,1515.3416556380703,1382.903449542109,1520.4156334838485,1377.8294716963308,0.7463011077110836
2024,REG,17,CLE,MIA,3.0,20.0,0,1443.1812365782537,1504.955128313586,1433.376180154462,1514.7601847373778,0.49025282118958985
2024,REG,17,MIN,GB,27.0,25.0,1,1584.7872283540073,1575.010675850575,1592.9441158644574,1566.8537883401248,0.5921556244774889
2024,REG,17,WAS,ATL,30.0,24.0,1,1503.262653484429,1480.8326941994826,1511.0702178512577,1473.0251298326539,0.6096217816585594
2024,REG,17,SF,DET,34.0,40.0,0,1519.7780587695102,1613.9543966814617,1510.900889701883,1622.831565749089,0.44385845338136004
2024,REG,18,BAL,CLE,35.0,10.0,1,1594.8576350217304,1433.376180154462,1599.3249206325033,1428.908894543689,0.776635719461351
2024,REG,18,PIT,CIN,17.0,19.0,0,1548.19343103952,1528.7144822622445,1536.0819984860568,1540.8259148157076,0.6055716276731601
2024,REG,18,ATL,CAR,38.0,44.0,0,1473.0251298326539,1377.8294716963308,1458.9527311435136,1391.901870385471,0.7036199344570182
2024,REG,18,DAL,WAS,19.0,23.0,0,1517.581893563388,1511.0702178512577,1505.8297143555103,1522.8223970591353,0.5876089603938772
2024,REG,18,GB,CHI,22.0,24.0,0,1566.8537883401248,1400.5924290198136,1551.2263378321231,1416.2198795278152,0.7813725254000852
2024,REG,18,IND,JAX,26.0,23.0,1,1470.7923498167343,1425.9893846845698,1477.9962767411491,1418.785457760155,0.6398036537792539
2024,REG,18,NE,BUF,23.0,16.0,1,1387.1893287871262,1622.6696631231134,1401.962192217165,1607.8967996930746,0.26135682849806013
2024,REG,18,PHI,NYG,20.0,13.0,1,1608.5556790349365,1397.29973750462,1612.1076809612139,1393.7477355783426,0.8223999036861338
2024,REG,18,TB,NO,27.0,19.0,1,1520.4156334838485,1440.5528523749776,1526.7178502473728,1434.2506356114534,0.6848891618237889
2024,REG,18,TEN,HOU,14.0,23.0,0,1394.570590105132,1504.876370276991,1386.1491081053157,1513.2978522768074,0.42107409999081036
2024,REG,18,ARI,SF,47.0,24.0,1,1440.8817017186805,1510.900889701883,1451.3137196248067,1500.4688717957565,0.47839910469368196
2024,REG,18,DEN,KC,38.0,0.0,1,1502.359891298972,1672.557282716277,1515.5591519854433,1659.3580220298056,0.34003696567642777
2024,REG,18,LA,SEA,25.0,30.0,0,1551.6136668735883,1520.0175210820646,1539.1715904931393,1532.4595974625136,0.6221038190224439
2024,REG,18,LV,LAC,20.0,34.0,0,1431.519193495809,1509.600427548851,1422.182549224943,1518.9370718197172,0.46683221354330456
2024,REG,18,NYJ,MIA,32.0,20.0,1,1413.7290510949924,1514.7601847373778,1425.0462357179451,1503.443000114425,0.4341407688523681
2024,REG,18,DET,MIN,31.0,9.0,1,1622.831565749089,1592.9441158644574,1630.4357918479263,1585.33988976562,0.6197886950581233
2024,WC,19,HOU,LAC,32.0,12.0,1,1513.2978522768074,1518.9370718197172,1521.886617028964,1510.3483070675604,0.5705617623921607
2024,WC,19,BAL,PIT,28.0,14.0,1,1599.3249206325033,1536.0819984860568,1606.0471965496429,1529.3597225689173,0.6638862041430191
2024,WC,19,BUF,DEN,31.0,7.0,1,1607.8967996930746,1515.5591519854433,1613.8932478596453,1509.5627038188727,0.7001775916714726
2024,WC,19,PHI,GB,22.0,10.0,1,1612.1076809612139,1551.2263378321231,1618.890760592513,1544.443258200824,0.6608460184350461
2024,WC,19,TB,WAS,20.0,23.0,0,1526.7178502473728,1522.8223970591353,1515.0387551850527,1534.5014921214554,0.5839547531160019
2024,WC,19,LA,MIN,27.0,9.0,1,1539.1715904931393,1585.33988976562,1548.9174484490798,1575.5940318096796,0.5127071022029764
2024,DIV,20,KC,HOU,23.0,14.0,1,1659.3580220298056,1521.886617028964,1664.32307073451,1516.9215683242596,0.7517475647647706
2024,DIV,20,DET,WAS,31.0,45.0,0,1630.4357918479263,1534.5014921214554,1616.34567453125,1548.5916094381316,0.7045058658338138
2024,DIV,20,PHI,LA,28.0,22.0,1,1618.890760592513,1548.9174484490798,1625.4412444441266,1542.3669645974662,0.6724758074193274
2024,DIV,20,BUF,BAL,27.0,25.0,1,1613.8932478596453,1606.0471965496429,1622.1038665804783,1597.8365778288098,0.589469063958347
2024,CON,21,PHI,WAS,55.0,23.0,1,1625.4412444441266,1548.5916094381316,1631.818567025253,1542.2142868570052,0.6811338709436737
2024,CON,21,KC,BUF,32.0,29.0,1,1664.32307073451,1622.1038665804783,1671.5956918498082,1614.8312454651802,0.6363689442350955
2024,SB,22,PHI,KC,40.0,22.0,1,1631.818567025253,1671.5956918498082,1641.3806976212488,1662.0335612538124,0.5218934702002114
2025,REG,1,PHI,DAL,24.0,20.0,1,1591.8974534538117,1503.7893143310816,1597.9966199974472,1497.6901477874462,0.6950416728182314
2025,REG,1,LAC,KC,27.0,21.0,1,1506.7263995939143,1605.321814814978,1517.9746323784186,1594.0735820304737,0.437588360774783
2025,REG,1,ATL,TB,20.0,23.0,0,1473.3192752432838,1509.7751908702842,1462.7860398547311,1520.3084262588368,0.5266617694276357
2025,REG,1,CLE,CIN,16.0,17.0,0,1453.7907814533978,1526.53684463021,1444.3011104900795,1536.0265155935283,0.47448354816591287
2025,REG,1,IND,MIA,33.0,8.0,1,1485.6975798817468,1502.2379500743764,1494.59512208295,1493.3404078731733,0.555122889939843
2025,REG,1,JAX,CAR,26.0,10.0,1,1447.2105475441008,1429.736215750556,1455.1543068899252,1421.7924564047316,0.6028120327087735
2025,REG,1,NE,LV,13.0,20.0,0,1436.2754249411573,1449.4186569962128,1425.076485125529,1460.6175968118412,0.5599469907814235
2025,REG,1,NO,ARI,13.0,20.0,0,1457.2629131474448,1468.3539177561242,1446.0057964293464,1479.6110344742226,0.5628558359049183
2025,REG,1,NYJ,PIT,32.0,34.0,0,1451.2800532166643,1519.0838196697962,1441.6484085013026,1528.715464385158,0.4815822357680922
2025,REG,1,WAS,NYG,21.0,6.0,1,1527.4392864570534,1430.9360281259228,1533.3355418766293,1425.0397727063469,0.7051872290211985
2025,REG,1,DEN,TEN,20.0,12.0,1,1506.2157574822672,1425.9969202684551,1512.5091307684766,1419.7035469822458,0.6853313356895343
2025,REG,1,SEA,SF,13.0,17.0,0,1521.0987383506338,1500.3047666672417,1508.9511728262792,1512.4523321915963,0.6073782762177251
2025,REG,1,GB,DET,27.0,13.0,1,1528.8881178305355,1575.6246884453126,1538.65032205125,1565.8624842245981,0.5118897889642805
2025,REG,1,LA,HOU,14.0,9.0,1,1527.538526988353,1510.9990194107688,1535.5080693039033,1503.0294770952185,0.6015228842224835
2025,REG,1,BUF,BAL,41.0,40.0,1,1574.6403095523672,1563.5937755887264,1582.7619097176243,1555.4721754234693,0.5939199917371465
2025,REG,1,CHI,MIN,24.0,27.0,0,1445.54292169308,1549.1361206762917,1436.932497448694,1557.7465449206777,0.4305212122193003
2025,REG,2,GB,WAS,27.0,18.0,1,1538.65032205125,1533.3355418766293,1546.9315546591308,1525.0543092687485,0.5859383696059615
2025,REG,2,BAL,CLE,41.0,17.0,1,1555.4721754234693,1444.3011104900795,1561.023534650212,1438.7497512633367,0.722432038662859
2025,REG,2,CIN,JAX,31.0,27.0,1,1536.0265155935283,1455.1543068899252,1542.3036783641694,1448.8771441192841,0.6861418614679485
2025,REG,2,DAL,NYG,40.0,37.0,1,1497.6901477874462,1425.0397727063469,1504.1729294108538,1418.5569910829392,0.6758609188296236
2025,REG,2,DET,CHI,52.0,21.0,1,1565.8624842245981,1436.932497448694,1571.013314188001,1431.781667485291,0.7424585018298563
2025,REG,2,MIA,NE,27.0,33.0,0,1493.3404078731733,1425.076485125529,1479.934310836578,1438.4825821621241,0.6703048518297584
2025,REG,2,NO,SF,21.0,26.0,0,1446.0057964293464,1512.4523321915963,1436.3351350632392,1522.1229935577035,0.48353306830536086
2025,REG,2,NYJ,BUF,10.0,30.0,0,1441.6484085013026,1582.7619097176243,1434.0774172896408,1590.332900929286,0.3785495605830825
2025,REG,2,PIT,SEA,17.0,31.0,0,1528.715464385158,1508.9511728262792,1516.5961865083273,1521.0704507031098,0.6059638938415295
2025,REG,2,TEN,LA,19.0,33.0,0,1419.7035469822458,1535.5080693039033,1411.4359905480023,1543.7756257381468,0.41337782171217274
2025,REG,2,ARI,CAR,27.0,22.0,1,1479.6110344742226,1421.7924564047316,1486.4733676376363,1414.930123241318,0.6568833418293131
2025,REG,2,IND,DEN,29.0,28.0,1,1494.59512208295,1512.5091307684766,1503.5317370735424,1503.572515777884,0.5531692504703749
2025,REG,2,KC,PHI,17.0,20.0,0,1594.0735820304737,1597.9966199974472,1582.61396898016,1609.4562330477609,0.5729806525156822
2025,REG,2,MIN,ATL,6.0,22.0,0,1557.7465449206777,1462.7860398547311,1543.679793561017,1476.8527912143918,0.7033375679830374
2025,REG,2,HOU,TB,19.0,20.0,0,1503.0294770952185,1520.3084262588368,1491.9480238263448,1531.3898795277105,0.5540726634436888
2025,REG,2,LV,LAC,9.0,20.0,0,1460.6175968118412,1517.9746323784186,1450.6854367080823,1527.9067924821775,0.49660800518794496
2025,REG,3,BUF,MIA,31.0,21.0,1,1590.332900929286,1479.934310836578,1595.902111274171,1474.3651004916933,0.7215394827557592
2025,REG,3,CAR,ATL,30.0,0.0,1,1414.930123241318,1476.8527912143918,1425.129347278537,1466.6535671771728,0.49003879813904894
2025,REG,3,CLE,GB,13.0,10.0,1,1438.7497512633367,1546.9315546591308,1450.2686027248992,1535.4127031975684,0.4240574269218821
2025,REG,3,JAX,HOU,17.0,10.0,1,1448.8771441192841,1491.9480238263448,1458.5339312951864,1482.2912366504424,0.5171606412048828
2025,REG,3,MIN,CIN,48.0,10.0,1,1543.679793561017,1542.3036783641694,1552.0712511548386,1533.9122207703479,0.5804271203089221
2025,REG,3,NE,PIT,14.0,21.0,0,1438.4825821621241,1516.5961865083273,1429.1468654776288,1525.9319031928226,0.46678583422476966
2025,REG,3,PHI,LA,33.0,26.0,1,1609.4562330477609,1543.7756257381468,1616.1160293176677,1537.11582946824,0.6670101865046603
2025,REG,3,TB,NYJ,29.0,27.0,1,1531.3898795277105,1434.0774172896408,1537.2667850478056,1428.2005117695458,0.7061547239952439
2025,REG,3,TEN,IND,20.0,41.0,0,1411.4359905480023,1503.5317370735424,1402.4996531591278,1512.468074462417,0.44681686944372695
2025,REG,3,WAS,LV,41.0,24.0,1,1525.0543092687485,1450.6854367080823,1531.4938230832256,1444.2459228936052,0.6780243092761418
2025,REG,3,LAC,DEN,23.0,20.0,1,1527.9067924821775,1503.572515777884,1535.662243957668,1495.8170643023936,0.6122274262254798
2025,REG,3,SEA,NO,44.0,13.0,1,1521.0704507031098,1436.3351350632392,1527.252233344423,1430.153352421926,0.6909108679343413
2025,REG,3,CHI,DAL,31.0,14.0,1,1431.781667485291,1504.1729294108538,1442.281810589473,1493.672786306672,0.47499284479089915
2025,REG,3,SF,ARI,16.0,15.0,1,1522.1229935577035,1486.4733676376363,1529.5715230873739,1479.024838107966,0.6275735235164784
2025,REG,3,NYG,KC,9.0,22.0,0,1418.5569910829392,1582.61396898016,1411.5967203791745,1589.5742396839248,0.3480135351882417
2025,REG,3,BAL,DET,30.0,38.0,0,1561.023534650212,1571.013314188001,1549.7352355581165,1582.3016132800965,0.5644149546047796
2025,REG,4,ARI,SEA,20.0,23.0,0,1479.024838107966,1527.252233344423,1468.829931559709,1537.44713989268,0.5097453274128443
2025,REG,4,PIT,MIN,24.0,21.0,1,1525.9319031928226,1552.0712511548386,1535.10313221433,1542.9000221333313,0.5414385489246313
2025,REG,4,ATL,WAS,34.0,27.0,1,1466.6535671771728,1531.4938230832256,1476.936716802238,1521.2106734581605,0.48584251874674755
2025,REG,4,BUF,NO,31.0,19.0,1,1595.902111274171,1430.153352421926,1600.284750692138,1425.770713003959,0.7808680291016425
2025,REG,4,DET,CLE,34.0,10.0,1,1582.3016132800965,1450.2686027248992,1587.3844286860199,1445.1857873189758,0.7458592297038313
2025,REG,4,HOU,TEN,26.0,0.0,1,1482.2912366504424,1402.4996531591278,1488.5952225763363,1396.195667233234,0.6848007037053047
2025,REG,4,NE,CAR,42.0,13.0,1,1429.1468654776288,1425.129347278537,1437.464356356383,1416.8118563997828,0.5841254560622964
2025,REG,4,NYG,LAC,21.0,18.0,1,1411.5967203791745,1535.662243957668,1423.558809077824,1523.7001552590184,0.4018955650675225
2025,REG,4,TB,PHI,25.0,31.0,0,1537.2667850478056,1616.1160293176677,1527.9521453538903,1625.430669011583,0.4657319846957607
2025,REG,4,LA,IND,27.0,20.0,1,1537.11582946824,1512.468074462417,1544.8627146100514,1504.7211893206056,0.6126557429094307
2025,REG,4,SF,JAX,21.0,26.0,0,1529.5715230873739,1458.5339312951864,1516.0950480817135,1472.0104063008469,0.6738237502830158
2025,REG,4,KC,BAL,37.0,20.0,1,1589.5742396839248,1549.7352355581165,1596.9103901633937,1542.3990850786477,0.6331924760265617
2025,REG,4,LV,CHI,24.0,25.0,0,1444.2459228936052,1442.281810589473,1432.620898963627,1453.9068345194512,0.5812511964989105
2025,REG,4,DAL,GB,40.0,40.0,0,1493.672786306672,1535.4127031975684,1493.2913156357097,1535.7941738685306,0.5190735335481079
2025,REG,4,MIA,NYJ,27.0,21.0,1,1474.3651004916933,1428.2005117695458,1481.532940404558,1421.032671856681,0.641608004356764
2025,REG,4,DEN,CIN,28.0,3.0,1,1495.8170643023936,1533.9122207703479,1505.330887393136,1524.3983976796055,0.5243088454628796
2025,REG,5,LA,SF,23.0,26.0,0,1544.8627146100514,1516.0950480817135,1532.4973441223394,1528.4604185694254,0.618268524385597
2025,REG,5,CLE,MIN,17.0,21.0,0,1445.1857873189758,1542.9000221333313,1436.4090450074486,1551.6767644448585,0.43883711557636207
2025,REG,5,BAL,HOU,10.0,44.0,0,1542.3990850786477,1488.5952225763363,1529.3659693390584,1501.6283383159255,0.6516557869794639
2025,REG,5,CAR,MIA,27.0,24.0,1,1416.8118563997828,1481.532940404558,1427.091578698646,1471.253218105695,0.4860138850568404
2025,REG,5,IND,LV,40.0,6.0,1,1504.7211893206056,1432.620898963627,1511.217852736856,1426.1242355473767,0.6751668291874805
2025,REG,5,NO,NYG,26.0,14.0,1,1425.770713003959,1423.558809077824,1434.138746198978,1415.190775882805,0.5815983402490514
2025,REG,5,NYJ,DAL,22.0,37.0,0,1421.032671856681,1493.2913156357097,1411.5290073793733,1502.7949801130173,0.47518322386538164
2025,REG,5,PHI,DEN,17.0,21.0,0,1625.430669011583,1505.330887393136,1610.7782725966915,1519.9832838080274,0.7326198207445718
2025,REG,5,ARI,TEN,21.0,22.0,0,1468.829931559709,1396.195667233234,1455.3131195304275,1409.7124792625154,0.6758406014640729
2025,REG,5,SEA,TB,35.0,38.0,0,1537.44713989268,1527.9521453538903,1525.6118571662623,1539.787428080308,0.5917641363208826
2025,REG,5,CIN,DET,24.0,37.0,0,1524.3983976796055,1587.3844286860199,1514.6282136567274,1597.154612708898,0.4885092011439034
2025,REG,5,LAC,WAS,10.0,27.0,0,1523.7001552590184,1521.2106734581605,1512.060412917204,1532.8504157999748,0.5819871170907154
2025,REG,5,BUF,NE,20.0,23.0,0,1600.284750692138,1437.464356356383,1584.7253523254194,1453.0237547231015,0.7779699183359275
2025,REG,5,JAX,KC,31.0,28.0,1,1472.0104063008469,1596.9103901633937,1483.9955771439043,1584.9252193203363,0.40074145784712856
2025,REG,6,NYG,PHI,34.0,17.0,1,1415.190775882805,1610.7782725966915,1429.0299254923416,1596.9391229871549,0.3080425195231661
2025,REG,6,NYJ,DEN,11.0,13.0,0,1411.5290073793733,1519.9832838080274,1403.055519413986,1528.4567717734146,0.4236743982693619
2025,REG,6,BAL,LA,3.0,17.0,0,1529.3659693390584,1532.4973441223394,1517.8840632903773,1543.9792501710206,0.5740953024340621
2025,REG,6,CAR,DAL,30.0,27.0,1,1427.091578698646,1502.7949801130173,1437.6867661808942,1492.199792630769,0.4702406258875807
2025,REG,6,IND,ARI,31.0,27.0,1,1511.217852736856,1455.3131195304275,1518.1299331815103,1448.4010390857732,0.6543959777672893
2025,REG,6,JAX,SEA,12.0,20.0,0,1483.9955771439043,1525.6118571662623,1473.6105531446024,1535.9968811655642,0.5192511999650952
2025,REG,6,MIA,LAC,27.0,29.0,0,1471.253218105695,1512.060412917204,1460.8449434107747,1522.4686876121243,0.5204137347460159
2025,REG,6,NO,NE,19.0,25.0,0,1434.138746198978,1453.0237547231015,1423.10300092554,1464.0594999965394,0.5517872636718918
2025,REG,6,PIT,CLE,23.0,9.0,1,1535.10313221433,1436.4090450074486,1540.9470858182203,1430.5650914035582,0.707802319805478
2025,REG,6,LV,TEN,20.0,10.0,1,1426.1242355473767,1409.7124792625154,1434.0973035108586,1401.7394112990335,0.6013466018259054
2025,REG,6,GB,CIN,27.0,18.0,1,1535.7941738685306,1514.6282136567274,1543.6363978019172,1506.785989723341,0.6078888033306723
2025,REG,6,TB,SF,30.0,19.0,1,1539.787428080308,1528.4604185694254,1547.9012415300979,1520.3466051196356,0.594309327510504
2025,REG,6,KC,DET,30.0,17.0,1,1584.9252193203363,1597.154612708898,1593.700363431444,1588.3794685977903,0.5612427944446109
2025,REG,6,ATL,BUF,24.0,14.0,1,1476.936716802238,1584.7253523254194,1488.4445111434102,1573.2175579842472,0.4246102829413839
2025,REG,6,WAS,CHI,24.0,25.0,0,1532.8504157999748,1453.9068345194512,1519.175493990274,1467.581756329152,0.6837460904850421
2025,REG,7,CIN,PIT,33.0,31.0,1,1506.785989723341,1540.9470858182203,1516.1869160722513,1531.54615946931,0.5299536825544823
2025,REG,7,JAX,LA,7.0,35.0,0,1473.6105531446024,1543.9792501710206,1464.0526115145653,1553.5371918010576,0.47789708150185223
2025,REG,7,CHI,NO,26.0,14.0,1,1467.581756329152,1423.10300092554,1474.7942874626963,1415.8904697919959,0.6393734433227961
2025,REG,7,CLE,MIA,31.0,6.0,1,1430.5650914035582,1460.8449434107747,1439.854786553619,1451.5552482607138,0.5355152424969577
2025,REG,7,KC,LV,31.0,0.0,1,1593.700363431444,1434.0973035108586,1598.2052761181292,1429.5923908241734,0.7747543656657451
2025,REG,7,MIN,PHI,22.0,28.0,0,1551.6767644448585,1596.9391229871549,1541.3965659577104,1607.219321474303,0.5140099243573988
2025,REG,7,NYJ,CAR,6.0,13.0,0,1403.055519413986,1437.6867661808942,1392.469930306947,1448.2723552879334,0.5292794553519592
2025,REG,7,TEN,NE,13.0,31.0,0,1401.7394112990335,1464.0594999965394,1391.9500692186098,1473.8488420769631,0.4894671040211841
2025,REG,7,DEN,NYG,33.0,32.0,1,1528.4567717734146,1429.0299254923416,1534.2832930852046,1423.2034041805516,0.7086739344105053
2025,REG,7,LAC,IND,24.0,38.0,0,1522.4686876121243,1518.1299331815103,1510.777195705831,1529.8214250878036,0.5845745953146655
2025,REG,7,ARI,GB,23.0,27.0,0,1448.4010390857732,1543.6363978019172,1439.5539564069732,1552.4834804807172,0.4423541339400052
2025,REG,7,DAL,WAS,44.0,22.0,1,1492.199792630769,1519.175493990274,1501.3949332198083,1509.9803534012347,0.5402429705480342
2025,REG,7,SF,ATL,20.0,10.0,1,1520.3466051196356,1488.4445111434102,1527.896249785591,1480.8948664774548,0.6225177667022362
2025,REG,7,DET,TB,24.0,9.0,1,1588.3794685977903,1547.9012415300979,1595.6985347162174,1540.5821754116707,0.6340466940786385
2025,REG,7,SEA,HOU,27.0,19.0,1,1535.9968811655642,1501.6283383159255,1543.4799151325276,1494.145304348962,0.6258483016518278
2025,REG,8,LAC,MIN,37.0,10.0,1,1510.777195705831,1541.3965659577104,1520.0766143447627,1532.0971473187788,0.5350290680534138
2025,REG,8,ATL,MIA,10.0,34.0,0,1480.8948664774548,1451.5552482607138,1468.5139610104393,1463.9361537277293,0.6190452733507804
2025,REG,8,BAL,CHI,30.0,16.0,1,1517.8840632903773,1474.7942874626963,1525.1335071204658,1467.5448436326078,0.6375278084955792
2025,REG,8,CAR,BUF,9.0,40.0,0,1448.2723552879334,1573.2175579842472,1440.2587763103788,1581.2311369618017,0.4006789488777247
2025,REG,8,CIN,NYJ,38.0,39.0,0,1516.1869160722513,1392.469930306947,1501.4533390181243,1407.203507361074,0.7366788527063468
2025,REG,8,HOU,SF,26.0,15.0,1,1494.145304348962,1527.896249785591,1503.5344688174348,1518.5070853171183,0.5305417765763669
2025,REG,8,NE,CLE,32.0,13.0,1,1473.8488420769631,1439.854786553619,1481.3419745535984,1432.3616540769838,0.6253433761682352
2025,REG,8,PHI,NYG,38.0,20.0,1,1607.219321474303,1423.2034041805516,1611.252731544101,1419.1699941107536,0.7983294965100992
2025,REG,8,NO,TB,3.0,23.0,0,1415.8904697919959,1540.5821754116707,1407.869881467154,1548.6027637365125,0.4010294162420859
2025,REG,8,DEN,DAL,44.0,24.0,1,1534.2832930852046,1501.3949332198083,1541.8062737804203,1493.8719525245926,0.623850965239213
2025,REG,8,IND,TEN,38.0,14.0,1,1529.8214250878036,1391.9500692186098,1534.7778855153988,1386.9936087910146,0.7521769786202455
2025,REG,8,PIT,GB,25.0,35.0,0,1531.54615946931,1552.4834804807172,1520.5688859041118,1563.4607540459153,0.5488636782599062
2025,REG,8,KC,WAS,28.0,7.0,1,1598.2052761181292,1509.9803534012347,1604.3015932060314,1503.8840363133324,0.6951841456048892
2025,REG,9,MIA,BAL,6.0,28.0,0,1463.9361537277293,1525.1335071204658,1454.1145089813888,1534.9551518668063,0.4910822373170242
2025,REG,9,CIN,CHI,42.0,47.0,0,1501.4533390181243,1467.5448436326078,1488.9487794954841,1480.049403155248,0.6252279761320101
2025,REG,9,DET,MIN,24.0,27.0,0,1595.6985347162174,1532.0971473187788,1582.4116047442367,1545.3840772907595,0.6643464985990379
2025,REG,9,GB,CAR,13.0,16.0,0,1563.4607540459153,1440.2587763103788,1548.7386868017377,1454.9808435545565,0.7361033622088852
2025,REG,9,HOU,DEN,15.0,18.0,0,1503.5344688174348,1541.8062737804203,1493.0533643677365,1552.2873782301185,0.524055222484912
2025,REG,9,NE,ATL,24.0,23.0,1,1481.3419745535984,1468.5139610104393,1489.414156828377,1460.4417787356608,0.5963908862610794
2025,REG,9,NYG,SF,24.0,34.0,0,1419.1699941107536,1518.5070853171183,1410.4392358093369,1527.237843618535,0.436537915070839
2025,REG,9,PIT,IND,27.0,20.0,1,1520.5688859041118,1534.7778855153988,1529.4001914297598,1525.9465799897507,0.5584347237175914
2025,REG,9,TEN,LAC,20.0,27.0,0,1386.9936087910146,1520.0766143447627,1379.2039297252222,1527.866293410555,0.38948395328961427
2025,REG,9,LA,NO,34.0,10.0,1,1553.5371918010576,1407.869881467154,1558.328243924075,1403.0788293441367,0.7604473938491326
2025,REG,9,LV,JAX,29.0,30.0,0,1429.5923908241734,1464.0526115145653,1419.0018962128179,1474.643106125921,0.5295247305677832
2025,REG,9,BUF,KC,28.0,21.0,1,1581.2311369618017,1604.3015932060314,1590.3147093314612,1595.2180208363718,0.5458213815170212
2025,REG,9,WAS,SEA,14.0,38.0,0,1503.8840363133324,1543.4799151325276,1493.440960351273,1553.9229910945871,0.5221537981029758
2025,REG,9,DAL,ARI,17.0,27.0,0,1493.8719525245926,1439.5539564069732,1480.82540624892,1452.6005026826458,0.6523273137836311
2025,REG,10,DEN,LV,10.0,7.0,1,1552.2873782301185,1419.0018962128179,1557.3429092794556,1413.9463651634808,0.7472234475331478
2025,REG,10,IND,ATL,31.0,25.0,1,1525.9465799897507,1460.4417787356608,1532.6108725703211,1453.7774861550904,0.6667853709714792
2025,REG,10,CAR,NO,7.0,17.0,0,1454.9808435545565,1403.0788293441367,1441.997513643651,1416.0621592550422,0.6491664955452728
2025,REG,10,CHI,NYG,24.0,20.0,1,1480.049403155248,1410.4392358093369,1486.609098754332,1403.8795402102528,0.672015220045795
2025,REG,10,HOU,JAX,36.0,29.0,1,1493.0533643677365,1474.643106125921,1500.971338907784,1466.7251315858734,0.6041012729976328
2025,REG,10,MIA,BUF,30.0,13.0,1,1454.1145089813888,1590.3147093314612,1466.409995525584,1578.019222787266,0.38522567279024117
2025,REG,10,MIN,BAL,19.0,27.0,0,1545.3840772907595,1534.9551518668063,1533.5228321557145,1546.8163970018513,0.5930622567522483
2025,REG,10,NYJ,CLE,27.0,20.0,1,1407.203507361074,1432.3616540769838,1416.3466957563244,1423.2184656817333,0.5428405802374761
2025,REG,10,TB,NE,23.0,28.0,0,1548.6027637365125,1489.414156828377,1535.4295905359136,1502.5873300289759,0.6586586600299429
2025,REG,10,SEA,ARI,44.0,22.0,1,1553.9229910945871,1452.6005026826458,1559.704557639981,1446.818936137252,0.7109216727303033
2025,REG,10,SF,LA,26.0,42.0,0,1527.237843618535,1558.328243924075,1516.550754324098,1569.0153332185118,0.5343544647218459
2025,REG,10,WAS,DET,22.0,44.0,0,1493.440960351273,1582.4116047442367,1484.4156101793462,1591.4369549161634,0.45126750859633524
2025,REG,10,LAC,PIT,25.0,10.0,1,1527.866293410555,1529.4001914297598,1536.3394489422774,1520.9270358980375,0.5763422234138802
2025,REG,10,GB,PHI,7.0,10.0,0,1548.7386868017377,1611.252731544101,1538.9549246814997,1621.0364936643389,0.48918810601190044
2025,REG,11,NE,NYJ,27.0,14.0,1,1502.5873300289759,1416.3466957563244,1508.7321639572626,1410.2018618280376,0.6927583035856661
2025,REG,11,MIA,WAS,16.0,13.0,1,1466.409995525584,1484.4156101793462,1475.3492174062114,1475.4763882987188,0.5530389059686254
2025,REG,11,ATL,CAR,27.0,30.0,0,1453.7774861550904,1441.997513643651,1441.878729208814,1453.8962705899273,0.5949378473138198
2025,REG,11,BUF,TB,44.0,32.0,1,1578.019222787266,1535.4295905359136,1585.2819780839923,1528.1668352391873,0.6368622351636887
2025,REG,11,JAX,LAC,35.0,6.0,1,1466.7251315858734,1536.3394489422774,1477.1455175476078,1525.919062980543,0.4789807019132847
2025,REG,11,MIN,CHI,17.0,19.0,0,1533.5228321557145,1486.609098754332,1520.670851611601,1499.4610792984456,0.6425990272056781
2025,REG,11,NYG,GB,20.0,27.0,0,1403.8795402102528,1538.9549246814997,1396.1443351615726,1546.69012973018,0.3867602524340152
2025,REG,11,PIT,CIN,34.0,12.0,1,1520.9270358980375,1488.9487794954841,1528.474620164681,1481.4011952288406,0.6226207866678288
2025,REG,11,TEN,HOU,13.0,16.0,0,1379.2039297252222,1500.971338907784,1371.1023381041784,1509.0729305288278,0.40507958105218816
2025,REG,11,ARI,SF,22.0,41.0,0,1446.818936137252,1516.550754324098,1437.2426980198968,1526.1269924414532,0.47881190586775674
2025,REG,11,LA,SEA,21.0,19.0,1,1569.0153332185118,1559.704557639981,1577.1851746445109,1551.534716213982,0.5915079287000454
2025,REG,11,CLE,BAL,16.0,23.0,0,1423.2184656817333,1546.8163970018513,1415.1676107030887,1554.867251980496,0.4025427489322321
2025,REG,11,DEN,KC,22.0,19.0,1,1557.3429092794556,1595.2180208363718,1566.8504141340757,1585.7105159817518,0.5246247572689964
2025,REG,11,PHI,DET,16.0,9.0,1,1621.0364936643389,1591.4369549161634,1628.648532423874,1583.8249161566282,0.6193980620232441
2025,REG,11,LV,DAL,16.0,33.0,0,1413.9463651634808,1480.82540624892,1404.2881382829003,1490.4836331295005,0.4829113440290256
2025,REG,12,HOU,BUF,23.0,19.0,1,1509.0729305288278,1585.2819780839923,1519.682618854488,1574.672289758332,0.4695155837169859
2025,REG,12,BAL,NYJ,23.0,10.0,1,1554.867251980496,1410.2018618280376,1559.6793486972913,1405.3897651112422,0.7593951641602248
2025,REG,12,CHI,PIT,31.0,28.0,1,1499.4610792984456,1528.474620164681,1508.7145205192453,1519.2211789438813,0.5373279389600119
2025,REG,12,CIN,NE,20.0,26.0,0,1481.4011952288406,1508.7321639572626,1470.6064958272416,1519.5268633588616,0.5397349700799465
2025,REG,12,DET,NYG,34.0,27.0,1,1583.8249161566282,1396.1443351615726,1587.7908262308083,1392.1784250873925,0.8017044962910002
2025,REG,12,GB,MIN,23.0,6.0,1,1546.69012973018,1520.670851611601,1554.3995767464037,1512.9614045953772,0.6145276491888134
2025,REG,12,KC,IND,23.0,20.0,1,1585.7105159817518,1532.6108725703211,1592.6958158826492,1525.6255726694237,0.6507350049551254
2025,REG,12,TEN,SEA,24.0,30.0,0,1371.1023381041784,1551.534716213982,1364.5634896892593,1558.073564628901,0.32694242074596064
2025,REG,12,ARI,JAX,24.0,27.0,0,1437.2426980198968,1477.1455175476078,1426.808439520944,1487.5797760465607,0.5217129249476454
2025,REG,12,LV,CLE,10.0,24.0,0,1404.2881382829003,1415.1676107030887,1393.0250298556823,1426.4307191303067,0.5631554213608937
2025,REG,12,DAL,PHI,24.0,21.0,1,1490.4836331295005,1628.648532423874,1502.8326185487801,1616.2995470045944,0.38255072903602094
2025,REG,12,NO,ATL,10.0,24.0,0,1416.0621592550422,1441.878729208814,1405.2241625031322,1452.716725960724,0.5418998375954935
2025,REG,12,LA,TB,34.0,7.0,1,1577.1851746445109,1528.1668352391873,1584.277642400921,1521.0743674827772,0.6453766121794994
2025,REG,12,SF,CAR,20.0,9.0,1,1526.1269924414532,1453.8962705899273,1532.6203629277118,1447.4029001036688,0.6753314756870792
2025,REG,13,DET,GB,24.0,31.0,0,1587.7908262308083,1554.3995767464037,1575.3002255684644,1566.8901774087476,0.6245300331171963
2025,REG,13,DAL,KC,31.0,28.0,1,1502.8326185487801,1592.6958158826492,1513.8327076522914,1581.6957267791379,0.4499955448244387
2025,REG,13,BAL,CIN,14.0,32.0,0,1559.6793486972913,1470.6064958272416,1545.7549991980836,1484.5308453264493,0.6962174749603874
2025,REG,13,PHI,CHI,15.0,24.0,0,1616.2995470045944,1508.7145205192453,1601.934073069764,1523.0799944540756,0.7182736967415223
2025,REG,13,CAR,LA,31.0,28.0,1,1447.4029001036688,1584.277642400921,1459.7167702896063,1571.9637722149835,0.38430649070312606
2025,REG,13,CLE,SF,8.0,26.0,0,1426.4307191303067,1532.6203629277118,1417.8935061758386,1541.1575758821798,0.4268606477234037
2025,REG,13,IND,HOU,16.0,20.0,0,1525.6255726694237,1519.682618854488,1513.889264577544,1531.4189269463677,0.5868154045939834
2025,REG,13,MIA,NO,21.0,17.0,1,1475.3492174062114,1405.2241625031322,1481.8958540267831,1398.6775258825605,0.6726681689714117
2025,REG,13,NYJ,ATL,27.0,24.0,1,1405.3897651112422,1452.716725960724,1415.1689531899258,1442.9375378820405,0.5110405960658224
2025,REG,13,TB,ARI,20.0,17.0,1,1521.0743674827772,1426.808439520944,1527.0243149196458,1420.8584920840754,0.7025026281565675
2025,REG,13,TEN,JAX,3.0,25.0,0,1364.5634896892593,1487.5797760465607,1356.4965244027485,1495.6467413330715,0.40334826432554616
2025,REG,13,SEA,MIN,26.0,0.0,1,1558.073564628901,1512.9614045953772,1565.2692900046134,1505.765679219665,0.6402137312143903
2025,REG,13,LAC,LV,31.0,14.0,1,1525.919062980543,1393.0250298556823,1530.9831110929117,1387.9609817433136,0.7467975943815601
2025,REG,13,PIT,BUF,7.0,26.0,0,1519.2211789438813,1574.672289758332,1509.2341629495431,1584.6593057526702,0.4993507997169156
2025,REG,13,WAS,DEN,26.0,27.0,0,1475.4763882987188,1566.8504141340757,1466.519508628065,1575.8072938047294,0.44784398353268956
2025,REG,13,NE,NYG,33.0,15.0,1,1519.5268633588616,1392.1784250873925,1524.7125868046382,1386.992701641616,0.7407138277111738
2025,REG,14,DET,DAL,44.0,30.0,1,1575.3002255684644,1513.8327076522914,1582.0681879089602,1507.0647453117956,0.661601882975205
2025,REG,14,ATL,SEA,9.0,37.0,0,1442.9375378820405,1565.2692900046134,1434.8515991222714,1573.3552287643824,0.4042969379884562
2025,REG,14,BAL,PIT,22.0,27.0,0,1545.7549991980836,1509.2341629495431,1533.1801007290967,1521.80906141853,0.6287449234493464
2025,REG,14,CLE,TEN,29.0,31.0,0,1417.8935061758386,1356.4965244027485,1404.6632867536398,1369.7267438249473,0.6615109711099391
2025,REG,14,GB,CHI,28.0,21.0,1,1566.8901774087476,1523.0799944540756,1574.1204659246853,1515.849705938138,0.6384855742031207
2025,REG,14,JAX,IND,36.0,19.0,1,1495.6467413330715,1513.889264577544,1504.5927057494157,1504.9433001611999,0.5527017791827913
2025,REG,14,MIN,WAS,31.0,0.0,1,1505.765679219665,1466.519508628065,1513.117689198052,1459.167498649678,0.6323995010806431
2025,REG,14,NYJ,MIA,10.0,34.0,0,1415.1689531899258,1481.8958540267831,1405.5063524108093,1491.5584548058996,0.48313003895582457
2025,REG,14,TB,NO,20.0,24.0,0,1527.0243149196458,1398.6775258825605,1512.1879940261463,1413.51384677606,0.7418160446749718
2025,REG,14,LV,DEN,17.0,24.0,0,1387.9609817433136,1575.8072938047294,1381.60855511399,1582.159720434053,0.317621331466182
2025,REG,14,ARI,LA,17.0,45.0,0,1420.8584920840754,1571.9637722149835,1413.5561686984981,1579.2660956005607,0.36511616927886276
2025,REG,14,BUF,CIN,39.0,34.0,1,1584.6593057526702,1484.5308453264493,1590.4691644411998,1478.7209866379196,0.7095070655735218
2025,REG,14,KC,HOU,10.0,20.0,0,1581.6957267791379,1531.4189269463677,1568.7550702270576,1544.359583498448,0.6470328276040147
2025,REG,14,LAC,PHI,22.0,19.0,1,1530.9831110929117,1601.934073069764,1541.4418943910318,1591.475289771644,0.47706083509398817
2025,REG,15,TB,ATL,28.0,29.0,0,1512.1879940261463,1434.8515991222714,1498.553151366714,1448.4864417817037,0.6817421329716129
2025,REG,15,CHI,CLE,31.0,3.0,1,1515.849705938138,1404.6632867536398,1521.4007107008863,1399.1122819908915,0.7224497618625793
2025,REG,15,CIN,BAL,0.0,24.0,0,1478.7209866379196,1533.1801007290967,1468.705418702613,1543.1956686644032,0.5007783967653231
2025,REG,15,HOU,ARI,40.0,20.0,1,1544.359583498448,1413.5561686984981,1549.4692791893826,1408.4464730075636,0.7445152154532756
2025,REG,15,JAX,NYJ,48.0,20.0,1,1504.5927057494157,1405.5063524108093,1510.4273235578057,1399.6717346024193,0.7082691095804987
2025,REG,15,KC,LAC,13.0,16.0,0,1568.7550702270576,1541.4418943910318,1556.4292600298993,1553.76770458819,0.6162905098579172
2025,REG,15,NE,BUF,31.0,35.0,0,1524.7125868046382,1590.4691644411998,1515.0220871153651,1600.159664130473,0.484524984463651
2025,REG,15,NYG,WAS,21.0,29.0,0,1386.992701641616,1459.167498649678,1377.4866297766068,1468.673570514687,0.4753035932504547
2025,REG,15,PHI,LV,31.0,0.0,1,1591.475289771644,1381.60855511399,1595.050712280287,1378.033132605347,0.8212288745678537
2025,REG,15,DEN,GB,34.0,26.0,1,1582.159720434053,1574.1204659246853,1590.364956907479,1565.9152294512594,0.5897381763287108
2025,REG,15,LA,DET,41.0,34.0,1,1579.2660956005607,1582.0681879089602,1587.7749214753278,1573.559362034193,0.574558706261648
2025,REG,15,NO,CAR,20.0,17.0,1,1413.51384677606,1459.7167702896063,1423.2607006566227,1449.9699164090437,0.5126573059718731
2025,REG,15,SEA,IND,18.0,16.0,1,1573.3552287643824,1504.9433001611999,1579.945366541462,1498.3531623841204,0.6704931111460293
2025,REG,15,SF,TEN,37.0,24.0,1,1541.1575758821798,1369.7267438249473,1545.4293065085544,1365.4550131985727,0.7864134686812733
2025,REG,15,DAL,MIN,26.0,34.0,0,1507.0647453117956,1513.117689198052,1495.665182807035,1524.5172517028125,0.5699781252380254
2025,REG,15,PIT,MIA,28.0,15.0,1,1521.80906141853,1491.5584548058996,1529.403437441761,1483.9640787826686,0.6202811988384447
2025,REG,16,SEA,LA,38.0,37.0,1,1579.945366541462,1587.7749214753278,1588.5959728607418,1579.124315156048,0.5674696840360087
2025,REG,16,CHI,GB,22.0,16.0,1,1521.4007107008863,1565.9152294512594,1531.0990058837583,1556.2169342683874,0.5150852408563946
2025,REG,16,WAS,PHI,18.0,29.0,0,1468.673570514687,1595.050712280287,1460.6995471779096,1603.0247356170644,0.3987011668388707
2025,REG,16,BAL,NE,24.0,28.0,0,1543.1956686644032,1515.0220871153651,1530.846447139691,1527.3713086400774,0.6174610762356104
2025,REG,16,CAR,TB,23.0,20.0,1,1449.9699164090437,1498.553151366714,1459.7852480613055,1488.7378197144521,0.5092334173869019
2025,REG,16,CLE,BUF,20.0,23.0,0,1399.1122819908915,1600.159664130473,1393.0846031556089,1606.1873429657555,0.30138394176412986
2025,REG,16,DAL,LAC,17.0,34.0,0,1495.665182807035,1553.76770458819,1485.7544781885997,1563.6784092066255,0.4955352309217711
2025,REG,16,NO,NYJ,29.0,6.0,1,1423.2607006566227,1399.6717346024193,1431.0365329395158,1391.8959023195262,0.6112083858553451
2025,REG,16,NYG,MIN,13.0,16.0,0,1377.4866297766068,1524.5172517028125,1370.0752230506346,1531.9286584287847,0.3705703362986123
2025,REG,16,TEN,KC,26.0,9.0,1,1365.4550131985727,1556.4292600298993,1379.1803800054427,1542.7038932230294,0.3137316596565081
2025,REG,16,ARI,ATL,19.0,26.0,0,1408.4464730075636,1448.4864417817037,1398.016154604416,1458.9167601848512,0.5215159201573817
2025,REG,16,DEN,JAX,20.0,34.0,0,1590.364956907479,1510.4273235578057,1576.6653139853959,1524.1269664798888,0.6849821461041495
2025,REG,16,DET,PIT,24.0,29.0,0,1573.559362034193,1529.403437441761,1560.7804652305342,1542.18233424542,0.6389448401829485
2025,REG,16,HOU,LV,23.0,21.0,1,1549.4692791893826,1378.033132605347,1553.7409070445885,1373.761504750141,0.7864186072397055
2025,REG,16,MIA,CIN,21.0,45.0,0,1483.9640787826686,1468.705418702613,1471.9689932840317,1480.70050420125,0.5997542749318477
2025,REG,16,IND,SF,27.0,48.0,0,1498.3531623841204,1545.4293065085544,1488.1251350132989,1555.657333879376,0.5114013685410803
2025,REG,17,WAS,DAL,23.0,30.0,0,1460.6995471779096,1485.7544781885997,1449.8397866708278,1496.6142386956815,0.5429880253540866
2025,REG,17,MIN,DET,23.0,10.0,1,1531.9286584287847,1560.7804652305342,1541.1774706753074,1551.5316529840115,0.5375593876738693
2025,REG,17,KC,DEN,13.0,20.0,0,1542.7038932230294,1576.6653139853959,1532.0990932774607,1587.2701139309645,0.5302399972784341
2025,REG,17,CAR,SEA,10.0,27.0,0,1459.7852480613055,1588.5959728607418,1451.878297577022,1596.5029233450252,0.395347524214179
2025,REG,17,CIN,ARI,37.0,14.0,1,1480.70050420125,1398.016154604416,1486.9328256337808,1391.7838331718851,0.6883839283734519
2025,REG,17,CLE,PIT,13.0,6.0,1,1393.0846031556089,1542.18233424542,1405.7286198722425,1529.5383175287864,0.36779916416831976
2025,REG,17,GB,BAL,24.0,41.0,0,1556.2169342683874,1530.846447139691,1543.944082800493,1543.1192986075853,0.6136425733947171
2025,REG,17,IND,JAX,17.0,23.0,0,1488.1251350132989,1524.1269664798888,1477.5788681096976,1534.67323338349,0.5273133451800613
2025,REG,17,LAC,HOU,16.0,20.0,0,1563.6784092066255,1553.7409070445885,1551.8308219649969,1565.5884942862172,0.5923793620814342
2025,REG,17,LV,NYG,10.0,34.0,0,1373.761504750141,1370.0752230506346,1362.0882609801388,1381.7484668206368,0.5836621885001168
2025,REG,17,MIA,TB,20.0,17.0,1,1471.9689932840317,1488.7378197144521,1480.8730315348214,1479.8337814636625,0.5547980874605202
2025,REG,17,NYJ,NE,10.0,42.0,0,1391.8959023195262,1527.3713086400774,1384.1716174085395,1535.095593551064,0.3862142455493307
2025,REG,17,TEN,NO,26.0,34.0,0,1379.1803800054427,1431.0365329395158,1369.0898952826801,1441.1270176622784,0.5045242361381249
2025,REG,17,BUF,PHI,12.0,13.0,0,1606.1873429657555,1603.0247356170644,1594.5287534467043,1614.6833251361156,0.5829294759525677
2025,REG,17,SF,CHI,42.0,38.0,1,1555.657333879376,1531.0990058837583,1563.406662413549,1523.3496773495854,0.6125335732913574
2025,REG,17,ATL,LA,27.0,24.0,1,1458.9167601848512,1579.124315156048,1470.7718537629057,1567.2692215779934,0.4072453210972789
2025,REG,18,ATL,NO,19.0,17.0,1,1470.7718537629057,1441.1270176622784,1478.382663143339,1433.5162082818451,0.6194595309783372
2025,REG,18,BUF,NYJ,35.0,8.0,1,1594.5287534467043,1384.1716174085395,1598.0958945312684,1380.6044763239754,0.8216429457717965
2025,REG,18,CHI,DET,16.0,19.0,0,1523.3496773495854,1551.5316529840115,1512.5793218948024,1562.3020084387945,0.5385177727391455
2025,REG,18,CIN,CLE,18.0,20.0,0,1486.9328256337808,1405.7286198722425,1473.2017600566637,1419.4596854493595,0.6865532788558576
2025,REG,18,DEN,LAC,19.0,3.0,1,1587.2701139309645,1551.8308219649969,1594.7243041233055,1544.3766317726559,0.6272904903829499
2025,REG,18,HOU,IND,38.0,30.0,1,1565.5884942862172,1477.5788681096976,1571.6900650728965,1471.4772973230183,0.6949214606660361
2025,REG,18,JAX,TEN,41.0,7.0,1,1534.67323338349,1369.0898952826801,1539.05913248324,1364.70399618293,0.7807050450125014
2025,REG,18,LA,ARI,37.0,20.0,1,1567.2692215779934,1391.7838331718851,1571.4630695548706,1387.589985195008,0.7903076011561414
2025,REG,18,LV,KC,14.0,12.0,1,1362.0882609801388,1532.0990932774607,1375.2827008291247,1518.9046534284748,0.3402780075507087
2025,REG,18,MIN,GB,16.0,3.0,1,1541.1774706753074,1543.944082800493,1549.6852980709657,1535.4362554048348,0.5746086302170829
2025,REG,18,NE,MIA,38.0,10.0,1,1535.095593551064,1480.8730315348214,1542.051539354082,1473.9170857318034,0.6522027098491031
2025,REG,18,NYG,DAL,34.0,17.0,1,1381.7484668206368,1496.6142386956815,1393.4546897165542,1484.9080157997641,0.41468885520412846
2025,REG,18,PHI,WAS,17.0,24.0,0,1614.6833251361156,1449.8397866708278,1599.0838236103814,1465.439288196562,0.7799750762867086
2025,REG,18,PIT,BAL,26.0,24.0,1,1529.5383175287864,1543.1192986075853,1538.3517979011367,1534.305818235235,0.5593259813824808
2025,REG,18,SF,SEA,3.0,13.0,0,1563.406662413549,1596.5029233450252,1552.777056038278,1607.1325297202961,0.5314803187635424
2025,REG,18,TB,CAR,16.0,14.0,1,1479.8337814636625,1451.878297577022,1487.4904917309466,1444.221587309738,0.6171644866357945
2025,WC,19,CHI,GB,31.0,27.0,1,1512.5793218948024,1535.4362554048348,1521.6568005439622,1526.358776755675,0.5461260675420081
2025,WC,19,JAX,BUF,24.0,27.0,0,1539.05913248324,1598.0958945312684,1529.175314606732,1607.9797124077766,0.49419089382540954
2025,WC,19,PHI,SF,19.0,23.0,0,1599.0838236103814,1552.777056038278,1586.247899967013,1565.6129796816465,0.6417961821684272
2025,WC,19,NE,LAC,16.0,3.0,1,1542.051539354082,1544.3766317726559,1550.5469441061332,1535.8812270206047,0.5752297623974406
2025,WC,19,PIT,HOU,6.0,30.0,0,1538.3517979011367,1571.6900650728965,1527.729129717004,1582.312733257029,0.531133409206633
2025,WC,19,CAR,LA,31.0,34.0,0,1444.221587309738,1571.4630695548706,1436.271408498293,1579.4132483663152,0.3975089405722372
2025,DIV,20,DEN,BUF,33.0,30.0,1,1594.7243041233055,1607.9797124077766,1603.5285467111376,1599.1754698199445,0.5597878706084022
2025,DIV,20,SEA,SF,41.0,6.0,1,1607.1325297202961,1565.6129796816465,1614.4238007582933,1558.3217086436493,0.6354364481001425
2025,DIV,20,CHI,LA,17.0,20.0,0,1521.6568005439622,1579.4132483663152,1511.7361358252392,1589.3339130850381,0.49603323593614784
2025,DIV,20,NE,HOU,28.0,16.0,1,1550.5469441061332,1582.312733257029,1559.8792048543003,1572.980472508862,0.5333869625916408
2025,CON,21,DEN,NE,7.0,10.0,0,1603.5285467111376,1559.8792048543003,1590.7631100201886,1572.6446415452492,0.6382718345474431
2025,CON,21,SEA,LA,31.0,27.0,1,1614.4238007582933,1589.3339130850381,1622.1586097865224,1581.599104056809,0.6132595485885459
2025,SB,22,NE,SEA,13.0,29.0,0,1572.6446415452492,1622.1586097865224,1562.4867539800287,1632.316497351743,0.5078943782610308
